1,Masculino,39,Gaza,Primária,Divorciado,7173.15,167.8,60.9,Insatisfeito,24/06/1985,11/09/2025,2,Não,Contacto posterior
2,Feminino,38,Tete,Licenciatura,Viúvo,7029.27,171.4,70.8,Satisfeito,05/07/1986,29/08/2025,1,Sim,Contacto posterior
3,Masculino,18,Sofala,Nenhuma,União de facto,38648.41,163.7,64.9,Satisfeito,21/03/2006,14/12/2025,1,Sim,Dados confirmados
4,Masculino,40,Sofala,Primária,Casado,8933.46,151.4,59.6,Insatisfeito,20/11/1984,24/04/2025,2,Não,Sem observações
5,Feminino,34,Gaza,Secundária,Divorciado,8916.76,162.4,72.4,Neutro,26/05/1990,19/08/2025,4,Sim,Contacto posterior
6,Feminino,36,Niassa,Secundária,Viúvo,22936.68,161.3,66.1,Insatisfeito,05/05/1988,31/12/2025,3,Sim,Dados confirmados
7,Feminino,24,Maputo,Licenciatura,Casado,44663.5,162.4,79.5,Satisfeito,30/09/2000,13/09/2025,7,Não,Necessita revisão
8,Masculino,46,Manica,Secundária,União de facto,14821.59,166.2,59.6,Insatisfeito,18/02/1978,05/06/2025,2,Sim,Sem observações
9,Masculino,43,Manica,Secundária,Solteiro,9204.67,157.4,73.5,Muito satisfeito,21/11/1981,21/04/2025,2,Não,Entrevista concluída
10,Masculino,25,Manica,Licenciatura,Casado,10314.18,188.3,58.9,Muito insatisfeito,26/05/1999,04/05/2025,0,Não,Necessita revisão
11,Feminino,30,Nampula,Secundária,Viúvo,23384.82,164.8,57.3,Neutro,05/12/1994,11/12/2025,2,Sim,Dados confirmados
12,Feminino,27,Gaza,Nenhuma,Viúvo,6788.55,159.4,39.9,Muito insatisfeito,25/02/1997,28/05/2025,3,Sim,Dados confirmados
13,Masculino,20,Zambézia,Primária,União de facto,22791.28,170.6,85.4,Muito insatisfeito,22/02/2004,01/08/2025,1,Não,Contacto posterior
14,Feminino,49,Gaza,Secundária,Viúvo,36274.68,176.9,50.6,Muito insatisfeito,10/01/1975,28/09/2025,3,Não,Dados confirmados
15,Feminino,18,Cabo Delgado,Primária,Divorciado,8733.14,162.0,79.1,Insatisfeito,18/01/2006,13/04/2025,1,Não,Contacto posterior
16,Masculino,36,Manica,Secundária,Solteiro,5745.47,154.9,82.5,Muito insatisfeito,19/09/1988,31/05/2025,3,Sim,Necessita revisão
17,Feminino,55,Tete,Técnica,Casado,5807.14,183.7,50.8,Neutro,15/12/1969,10/06/2025,4,Sim,Necessita revisão
18,Feminino,38,Gaza,Secundária,Viúvo,6855.38,159.9,79.5,Insatisfeito,28/05/1986,20/05/2025,1,Sim,Necessita revisão
19,Masculino,44,Tete,Licenciatura,Divorciado,6492.78,176.4,49.7,Satisfeito,13/10/1980,21/06/2025,2,Não,Dados confirmados
20,Feminino,22,Niassa,Técnica,União de facto,17132.95,184.3,66.7,Insatisfeito,28/03/2002,29/12/2025,2,Não,Entrevista concluída
21,Masculino,58,Manica,Secundária,Solteiro,63334.07,160.2,92.9,Satisfeito,13/01/1966,20/01/2025,1,Não,Contacto posterior
22,Masculino,30,Zambézia,Licenciatura,Casado,18602.16,165.0,69.2,Satisfeito,02/10/1994,18/03/2025,3,Não,Entrevista concluída
23,Masculino,48,Niassa,Secundária,Viúvo,24392.73,161.7,71.3,Muito satisfeito,16/06/1976,04/07/2025,3,Sim,Entrevista concluída
24,Masculino,50,Nampula,Mestrado,União de facto,20189.4,165.5,75.5,Neutro,07/05/1974,22/03/2025,3,Sim,Necessita revisão
25,Masculino,34,Gaza,Nenhuma,Casado,16837.21,158.3,66.6,Satisfeito,03/10/1990,27/02/2025,3,Não,Entrevista concluída
26,Masculino,31,Niassa,Mestrado,União de facto,6428.3,166.3,82.4,Muito insatisfeito,26/02/1993,15/08/2025,2,Sim,Entrevista concluída
27,Masculino,30,Gaza,Primária,Solteiro,7371.63,173.5,90.1,Muito insatisfeito,21/03/1994,25/04/2025,2,Sim,Entrevista concluída
28,Masculino,18,Manica,Primária,Viúvo,11193.21,153.3,76.8,Neutro,18/09/2006,21/06/2025,0,Sim,Entrevista concluída
29,Feminino,27,Inhambane,Secundária,Divorciado,16906.35,182.8,57.4,Neutro,20/04/1997,15/03/2025,3,Não,Sem observações
30,Feminino,31,Sofala,Primária,Viúvo,8930.44,164.0,60.6,Muito insatisfeito,21/09/1993,23/11/2025,3,Não,Entrevista concluída
31,Feminino,53,Zambézia,Secundária,Solteiro,23426.25,176.9,56.6,Neutro,06/07/1971,15/04/2025,2,Não,Dados confirmados
32,Feminino,45,Inhambane,Licenciatura,Casado,13053.66,160.8,64.4,Neutro,25/08/1979,30/07/2025,1,Não,Contacto posterior
33,Feminino,28,Maputo,Primária,Casado,12446.44,167.1,65.7,Satisfeito,30/06/1996,18/10/2025,2,Não,Dados confirmados
34,Feminino,31,Maputo,Nenhuma,Solteiro,108784.76,161.3,70.5,Muito insatisfeito,10/02/1993,08/06/2025,1,Não,Sem observações
35,Masculino,43,Maputo,Secundária,Divorciado,11934.61,154.5,92.0,Muito satisfeito,11/07/1981,18/04/2025,5,Não,Entrevista concluída
36,Masculino,26,Maputo,Técnica,Viúvo,11646.22,160.7,80.3,Neutro,09/11/1998,06/03/2025,4,Sim,Contacto posterior
37,Masculino,51,Zambézia,Licenciatura,Solteiro,23541.42,167.4,73.6,Neutro,19/07/1973,02/11/2025,4,Sim,Entrevista concluída
38,Masculino,50,Manica,Primária,Solteiro,10623.45,155.4,76.4,Neutro,18/10/1974,20/06/2025,1,Não,Sem observações
39,Masculino,52,Niassa,Primária,Viúvo,14318.22,156.7,78.7,Muito insatisfeito,07/02/1972,24/01/2025,3,Sim,Contacto posterior
40,Feminino,31,Inhambane,Mestrado,Divorciado,30629.8,178.5,46.8,Satisfeito,24/09/1993,03/09/2025,3,Não,Necessita revisão
41,Feminino,19,Cabo Delgado,Primária,Casado,18386.62,167.0,71.9,Neutro,12/12/2005,23/02/2025,3,Sim,Entrevista concluída
42,Masculino,36,Nampula,Licenciatura,Divorciado,15126.55,151.0,67.7,Neutro,08/09/1988,13/08/2025,2,Não,Entrevista concluída
43,Feminino,30,Inhambane,Nenhuma,Divorciado,5393.86,166.6,68.9,Insatisfeito,18/08/1994,02/09/2025,4,Sim,Sem observações 
44,Masculino,38,Maputo,Secundária,Divorciado,35154.79,173.7,69.9,Muito satisfeito,16/12/1986,04/07/2025,0,Sim,Necessita revisão
45,Masculino,24,Manica,Secundária,Casado,46030.43,159.1,77.4,Insatisfeito,22/08/2000,12/06/2025,4,Sim,Necessita revisão
46,Feminino,65,Manica,Primária,Viúvo,26207.78,168.4,85.1,Muito satisfeito,07/04/1959,17/09/2025,3,Não,Dados confirmados
47,Masculino,35,Zambézia,Licenciatura,Casado,21196.04,180.5,66.9,Neutro,29/11/1989,05/06/2025,2,Sim,Contacto posterior
48,Feminino,44,Nampula,Primária,Viúvo,109191.08,162.1,65.7,Neutro,06/10/1980,23/07/2025,1,Não,Necessita revisão
49,Masculino,18,Sofala,Mestrado,Casado,14405.56,180.4,61.4,Muito satisfeito,22/02/2006,17/04/2025,1,Sim,Dados confirmados
50,Masculino,47,Cabo Delgado,Mestrado,Casado,15250.5,167.0,97.7,Neutro,03/11/1977,13/01/2025,2,Não,Entrevista concluída
51,Feminino,34,Tete,Primária,Casado,17699.77,166.9,35.0,Satisfeito,06/10/1990,30/04/2025,5,Não,Necessita revisão
52,Masculino,26,Nampula,Mestrado,Solteiro,49263.17,155.2,76.2,Neutro,18/11/1998,12/02/2025,2,Não,Necessita revisão
53,Masculino,38,Zambézia,Técnica,Casado,18915.55,177.0,68.9,Neutro,24/05/1986,28/09/2025,1,S,Entrevista concluída
54,Masculino,18,Zambézia,Secundária,Casado,46408.74,161.0,68.9,Insatisfeito,23/04/2006,01/09/2025,1,Não,Dados confirmados
55,Feminino,24,Maputo,Mestrado,Divorciado,37753.26,175.5,72.9,Insatisfeito,16/11/2000,21/03/2025,2,Sim,Necessita revisão
56,Masculino,31,Cabo Delgado,Licenciatura,Solteiro,18684.75,161.0,63.0,Muito insatisfeito,29/08/1993,22/05/2025,1,Não,Entrevista concluída
57,Masculino,18,Niassa,Secundária,Casado,11144.14,176.7,74.4,Muito insatisfeito,22/08/2006,28/02/2025,1,Não,Dados confirmados
58,Masculino,36,Cabo Delgado,Secundária,Casado,25238.49,166.8,62.4,Insatisfeito,01/05/1988,01/06/2025,1,Não,Dados confirmados
59,Feminino,31,Sofala,Licenciatura,Casado,17805.39,164.5,61.6,Muito satisfeito,25/03/1993,15/08/2025,3,Não,Entrevista concluída
60,Feminino,31,Sofala,Secundária,Divorciado,20349.16,154.6,72.9,Satisfeito,14/04/1993,31/07/2025,3,Sim,Dados confirmados
61,Feminino,18,Zambézia,Mestrado,Divorciado,3927.67,167.8,73.9,Muito Satisfeito,10/12/2006,06/01/2025,5,Não,Necessita revisão
62,Feminino,34,Gaza,Secundária,União de facto,8650.19,159.4,73.4,Neutro,06/09/1990,10/06/2025,1,Não,Necessita revisão
63,Masculino,26,Niassa,Licenciatura,Solteiro,6835.8,162.9,53.3,Insatisfeito,18/06/1998,07/05/2025,1,Não,Contacto posterior
64,Masculino,31,Cabo Delgado,Primária,Viúvo,25147.29,162.7,44.2,Muito insatisfeito,23/10/1993,28/12/2025,2,Sim,Sem observações
65,Feminino,30,Manica,Mestrado,Solteiro,12504.39,168.4,67.5,Muito satisfeito,24/05/1994,26/09/2025,1,Não,Necessita revisão
66,Masculino,39,Zambézia,Primária,Casado,47968.94,167.0,74.5,Insatisfeito,19/09/1985,04/10/2025,4,Não,Dados confirmados
67,Feminino,32,Cabo Delgado,secundaria,União de facto,27784.42,173.9,48.5,Muito satisfeito,08/02/1992,12/06/2025,2,Sim,Contacto posterior
68,Masculino,34,Nampula,Licenciatura,Viúvo,69007.96,175.7,74.2,Insatisfeito,21/09/1990,09/06/2025,5,Não,Dados confirmados
69,Masculino,36,Inhambane,Primária,União de facto,26214.08,153.5,35.0,Neutro,08/05/1988,07/10/2025,2,Não,Dados confirmados
70,Masculino,25,Gaza,Nenhuma,União de facto,8325.9,164.6,54.2,Neutro,24/07/1999,11/12/2025,1,Sim,Sem observações
71,Feminino,47,Niassa,Primária,União de facto,12310.52,155.5,50.7,Satisfeito,07/02/1977,06/02/2025,1,Não,Dados confirmados
72,Masculino,18,Gaza,Licenciatura,Divorciado,13370.44,169.4,70.7,Satisfeito,08/03/2006,11/11/2025,3,Sim,Necessita revisão
73,Masculino,44,Cabo Delgado,Secundária,casado,37606.76,170.4,74.9,Satisfeito,23/06/1980,15/03/2025,1,Sim,Entrevista concluída
74,Masculino,31,Inhambane,Licenciatura,União de facto,15346.32,196.5,35.0,Satisfeito,20/05/1993,27/12/2025,2,Sim,Entrevista concluída
75,Masculino,47,Maputo,Secundária,Solteiro,24052.9,155.0,82.8,Neutro,31/05/1977,26/12/2025,7,Não,Dados confirmados
76,Masculino,28,Maputo,Secundária,Viúvo,38197.72,161.2,52.9,Satisfeito,09/06/1996,25/01/2025,5,Não,Contacto posterior
77,Feminino,29,Maputo,Mestrado,Divorciado,32712.61,154.1,70.2,Satisfeito,08/07/1995,04/05/2025,3,Sim,Sem observações
78,Feminino,40,Tete,Primária,Viúvo,21321.34,156.3,37.3,Insatisfeito,01/09/1984,07/08/2025,3,Sim,Entrevista concluída
79,Masculino,37,Manica,Técnica,Divorciado,13632.57,187.0,87.6,Satisfeito,11/12/1987,20/04/2025,0,Não,Dados confirmados
80,Masculino,18,Cabo Delgado,Primária,Viúvo,21634.33,156.3,64.2,Satisfeito,24/12/2006,20/01/2025,2,Não,Necessita revisão
81,Feminino,37,Maputo,Secundária,Casado,62025.93,181.3,48.8,Satisfeito,20/11/1987,06/03/2025,3,Sim,Dados confirmados
82,Feminino,50,Tete,Primária,Casado,48291.29,169.4,88.7,Insatisfeito,23/03/1974,24/05/2025,2,Não,Contacto posterior
83,Masculino,26,Sofala,Secundária,Viúvo,15000 MZN,164.5,72.7,Satisfeito,25/04/1998,13/05/2025,0,Sim,Dados confirmados
84,Masculino,54,Manica,Licenciatura,Casado,24549.24,156.4,84.3,Muito insatisfeito,09/10/1970,28/04/2025,3,Não,Dados confirmados
85,Masculino,54,Tete,Secundária,Solteiro,24040.61,148.2,80.7,Muito satisfeito,26/06/1970,30/07/2025,3,Não,Sem observações
86,Feminino,32,Nampula,Licenciatura,União de facto,10299.52,190.3,50.2,Muito satisfeito,10/03/1992,08/10/2025,3,Não,N/A
68,Masculino,49,Cabo Delgado,Licenciatura,Casado,19000.48,139.2,88.9,Satisfeito,06/07/1975,08/03/2025,1,Não,Sem observações
88,Masculino,28,Zambézia,Licenciatura,Casado,9435.23,171.1,41.5,Muito insatisfeito,20/03/1996,13/03/2025,2,Sim,Entrevista concluída
89,Masculino,32,Zambézia,Licenciatura,União de facto,10337.0,160.1,81.7,Neutro,1992-01-24,06/08/2025,2,Sim,Sem observações
90,Feminino,18,Niassa,Licenciatura,União de facto,17240.24,153.3,75.1,Muito satisfeito,26/02/2006,29/11/2025,1,Não,Dados confirmados
91,Masculino,40,Manica,Licenciatura,Casado,6364.05,140.9,77.0,Neutro,23/04/1984,18/04/2025,3,Não,Contacto posterior
92,Feminino,21,Zambézia,Secundária,Viúvo,39016.59,148.7,64.5,Muito satisfeito,12/10/2003,12/11/2025,0,Não,Sem observações
93,Masculino,18,Inhambane,Secundária,Divorciado,34958.0,173.0,66.2,Muito satisfeito,06/07/2006,01/11/2025,1,Sim,Sem observações
94,Feminino,24,Zambézia,Licenciatura,Divorciado,17339.56,166.6,99.4,Muito insatisfeito,19/05/2000,11/08/2025,1,Não,Sem observações
95,Masculino,24,Tete,Licenciatura,Divorciado,9596.24,163.7,57.6,Satisfeito,14/07/2000,04/11/2025,3,Não,Dados confirmados
96,Masculino,41,Gaza,Licenciatura,Divorciado,100992.05,179.3,53.2,Neutro,07/11/1983,28/09/2025,0,Não,Entrevista concluída
97,Feminino,38,Maputo,Licenciatura,Casado,58464.56,250,61.0,Insatisfeito,03/05/1986,25/02/2025,6,Não,Entrevista concluída
98,Feminino,18,Inhambane,Secundária,Divorciado,14984.15,169.1,102.9,Satisfeito,24/04/2006,16/04/2025,3,Não,Dados confirmados
99,Masculino,37,Sofala,Mestrado,Divorciado,17763.3,164.1,82.3,Satisfeito,04/07/1987,25/05/2025,3,Sim,Contacto posterior
100,Masculino,22,Zambézia,Primária,Solteiro,11808.51,168.2,73.7,Muito satisfeito,27/04/2002,21/08/2025,1,Sim,Necessita revisão
101,Feminino,42,Gaza,Técnica,Casado,10687.44,179.2,82.8,Muito satisfeito,16/11/1982,11/04/2025,99,Não,Necessita revisão
102,Masculino,43,Inhambane,Secundária,Viúvo,43267.2,145.8,72.4,Satisfeito,22/05/1981,19/07/2025,1,Não,Contacto posterior
103,Feminino,40,Tete,Licenciatura,Casado,13520.48,159.1,76.2,Neutro,11/01/1984,12/09/2025,4,Não,Necessita revisão
104,Masculino,18,Manica,Primária,Solteiro,22897.89,146.8,81.7,Muito insatisfeito,03/04/2006,30/09/2025,1,Sim,Contacto posterior
105,Feminino,56,Zambézia,Licenciatura,Divorciado,15763.77,142.6,75.3,Muito satisfeito,03/12/1968,26/11/2025,1,Sim,Entrevista concluída
106,Masculino,33,Tete,Secundária,Casado,36032.49,142.1,54.1,Insatisfeito,21/08/1991,06/06/2025,2,Y,Entrevista concluída
107,Feminino,41,Niassa,Técnica,União de facto,14895.07,178.0,400,Insatisfeito,03/03/1983,16/03/2025,1,Sim,Contacto posterior
108,Feminino,28,Inhambane,Primária,União de facto,11407.72,172.2,86.5,Insatisfeito,03/05/1996,02/11/2025,2,Sim,Dados confirmados
109,Feminino,38,Gaza,Primária,Casado,18611.59,169.1,79.1,Insatisfeito,16/12/1986,12/10/2025,2,Não,Sem observações
110,Masculino,28,Gaza,Primária,Viúvo,33749.44,167.0,61.8,Neutro,01/08/1996,07/05/2025,1,Sim,Entrevista concluída
111,Feminino,36,Zambézia,Técnica,Viúvo,20542.57,156.1,58.7,Insatisfeito,01/05/1988,06/03/2025,2,Não,Entrevista concluída
112,Masculino,18,Manica,Secundária,Solteiro,15570.7,146.9,54.5,Neutro,30/09/2006,10/04/2025,1,Sim,Entrevista concluída
113,fem,26,Inhambane,Primária,União de facto,13448.36,153.6,48.0,Insatisfeito,15/04/1998,15/04/2025,4,Não,Sem observações
114,Feminino,34,Nampula,Secundária,Solteiro,39795.93,162.0,50.3,Satisfeito,29/03/1990,04/12/2025,1,Sim,Sem observações
115,Masculino,32,Zambézia,Secundária,Viúvo,22384.94,178.2,62.1,Insatisfeito,04/09/1992,15/10/2025,0,Sim,Necessita revisão
116,Feminino,27,Niassa,Técnica,Casado,13443.48,156.7,83.6,Muito insatisfeito,08/01/1997,07/04/2025,3,Sim,Necessita revisão
117,Masculino,31,Tete,Licenciatura,Solteiro,69975.32,170.4,72.1,Muito insatisfeito,20/10/1993,20/09/2025,1,Não,Entrevista concluída
118,Masculino,18,Tete,Secundária,Divorciado,35585.15,185.9,75.5,Muito satisfeito,11/11/2006,28/09/2025,2,Não,Entrevista concluída
119,Masculino,35,Cabo Delgado,Licenciatura,União de facto,42469.6,154.7,63.3,Insatisfeito,30/05/1989,18/09/2025,0,Não,Sem observações
120,Masculino,61,Sofala,Mestrado,União de facto,23433.65,162.2,60.2,Neutro,27/11/1963,06/11/2025,3,Não,Contacto posterior
121,Masculino,33,Nampula,Nenhuma,Solteiro,4844.85,171.1,72.6,Neutro,14/12/1991,03/12/2025,2,Sim,Entrevista concluída
122,Masculino,41,Gaza,Licenciatura,Viúvo,12197.44,171.1,77.1,Muito Satisfeito,02/02/1983,20/03/2025,2,Não,Dados confirmados
123,Feminino,18,Niassa,Nenhuma,União de facto,22013.11,161.4,57.4,Muito insatisfeito,02/05/2006,05/11/2025,1,Sim,Dados confirmados
124,Feminino,27,Maputo,Secundária,Divorciado,12808.36,155.9,74.2,Satisfeito,03/05/1997,15/07/2025,3,Sim,Sem observações
125,Masculino,28,Sofala,Licenciatura,Casado,16724.22,152.9,60.6,Insatisfeito,31/08/1996,13/12/2025,1,Não,Necessita revisão
126,Masculino,20,Inhambane,Licenciatura,Divorciado,5655.29,176.7,68.2,Insatisfeito,25/03/2004,31/10/2025,4,Sim,Sem observações
127,Feminino,32,Maputo,Licenciatura,Casado,40075.28,165.4,43.6,Muito insatisfeito,19/11/1992,23/06/2025,2,Sim,corrigir
128,Masculino,43,Sofala,Primária,Viúvo,9223.33,159.8,65.7,Muito satisfeito,04/10/1981,18/03/2025,3,Sim,Contacto posterior
129,Feminino,29,Sofala,Técnica,União de facto,11908.67,157.7,77.5,Muito insatisfeito,16/10/1995,17/07/2025,1,Não,Sem obs.
130,Masculino,20,Nampula,Secundária,União de facto,15438.81,153.4,55.4,Muito satisfeito,08/10/2004,14/05/2025,1,Não,Necessita revisão
131,Feminino,36,Manica,Licenciatura,Viúvo,0,175.8,69.6,Insatisfeito,07/05/1988,23/03/2025,2,Não,Sem observações
132,Feminino,40,Niassa,Licenciatura,União de facto,9852.62,149.9,62.0,Muito insatisfeito,01/12/1984,04/01/2025,1,Não,Necessita revisão
133,Feminino,18,Manica,Primária,União de facto,57546.24,170.6,76.5,Satisfeito,31/03/2006,19/11/2025,2,Não,Dados confirmados
134,Masculino,34,Sofala,Secundária ,União de facto,11362.26,157.5,47.4,Insatisfeito,02/10/1990,20/12/2025,1,Não,Contacto posterior
135,Feminino,45,Gaza,Nenhuma,Viúvo,24858.44,173.4,83.4,Satisfeito,19/02/1979,09/11/2025,1,Sim,Sem observações
136,Masculino,20,Maputo,Primária,Solteiro,10417.26,171.9,74.1,Muito insatisfeito,20/02/2004,28/05/2025,0,Sim,Entrevista concluída
137,Feminino,29,Nampula,Técnica,Viúvo,11930.03,163.2,54.4,Muito satisfeito,21/05/1995,05/02/2025,0,Sim,Necessita revisão
138,Feminino,27,Inhambane,Técnica,Viúvo,12679.24,167.3,65.5,Neutro,10/12/1997,16/08/2025,2,Não,Sem observações
139,Masculino,45,Gaza,Licenciatura,Viúvo,12139.97,"154,2",57.0,Muito satisfeito,12/01/1979,29/09/2025,2,Sim,Dados confirmados
140,Masculino,20,Inhambane,Nenhuma,Viúvo,26712.55,159.8,59.9,Satisfeito,08/12/2004,07/04/2025,3,Sim,Dados confirmados
141,Feminino,30,Maputo ,Primária,Casado,24353.3,183.6,57.6,Insatisfeito,09/06/1994,15/05/2025,2,Não,Contacto posterior
142,Feminino,40,Sofala,Secundária,Viúvo,55655.09,159.6,83.1,Satisfeito,28/12/1984,12/16/2025,3,Sim,Sem observações
143,Feminino,25,Maputo,Mestrado,Casado,29252.24,174.8,50.1,Insatisfeito,18/07/1999,18/12/2025,4,Sim,Contacto posterior
144,Feminino,38,Tete,Primária,Viúvo,34308.94,187.0,93.9,Insatisfeito,08/10/1986,04/01/2025,2,Não,Sem observações
145,Feminino,42,Inhambane,Mestrado,Divorciado,32474.92,167.5,74.9,Muito insatisfeito,30/07/1982,04/05/2025,1,Não,Sem observações
146,Feminino,52,Maputo,Primária,Casado ,51225.27,181.7,61.7,Neutro,05/07/1972,19/10/2025,2,Sim,Contacto posterior
147,Feminino,38,Nampula,Secundária,Casado,17684.75,148.2,55.1,Satisfeito,19/01/1986,20/01/2025,3,Não,Necessita revisão
148,Masculino,29,Zambézia,Licenciatura,Casado,15815.13,154.2,69.2,Satisfeito,17/03/1995,01/11/2025,1,Não,Contacto posterior
149,Masculino,120,Niassa,Licenciatura,Viúvo,9380.07,168.2,59.9 kg,Neutro,09/01/1979,27/07/2025,2,Não,Entrevista concluída
150,Masculino,25,Gaza,Primária,Casado,5802.03,158.2,70.6,Neutro,10/05/1999,29/10/2025,1,Não,Necessita revisão
151,Feminino,29,Manica,Secundária,Viúvo,8385.38,156.2,68.7,Satisfeito,29/09/1995,08/10/2025,0,Não,Contacto posterior
152,Masculino,18,Gaza,Secundária,Solteiro,17688.72,167.4,61.1,Insatisfeito,12/12/2006,29/08/2025,4,Não,Dados confirmados
153,Feminino,36,Gaza,Secundária,Casado,20753.94,153.7,84.8,Insatisfeito,21/12/1988,04/08/2025,1,Sim,Necessita revisão
154,Feminino,40,Gaza,Licenciatura,União de facto,13717.33,161.2,66.4,Neutro,07/09/1984,29/07/2025,1,Sim,Dados confirmados
155,Masculino,34,Gaza,Secundária,Divorciado,7651.69,182.5,78.0,Muito insatisfeito,31/01/1990,28/01/2025,1,Sim,Sem observações
156,Masculino,47,Gaza,Secundária,Solteiro,16955.88,160.5,75.5,Muito satisfeito,08/12/1977,08/08/2025,2,Não,Contacto posterior
157,Feminino,55,Gaza,Desconhecido,Casado,13051.64,174.4,77.7,Neutro,27/10/1969,25/04/2025,1,Sim,Necessita revisão
158,Masculino,20,Cabo Delgado,Licenciatura,Casado,20246.88,168.9,72.1,Muito insatisfeito,29/10/2004,28/11/2025,2,Não,Necessita revisão
159,Feminino,33,Tete,Nenhuma,Divorciado,8461.48,169.3,66.5,Insatisfeito,13/03/1991,22/03/2025,1,sim,Dados confirmados
160,Feminino,25,Sofala,Licenciatura,União de facto,12851.06,151.7,75.2,Muito insatisfeito,03/12/1999,23/11/2025,4,Sim,Contacto posterior
161,Feminino,43,Nampula,Licenciatura,União de facto,11765.92,160.6,98.4,Insatisfeito,02/09/1981,10/09/2025,2,Não,Necessita revisão
162,Masculino,34,Cabo Delgado,Primária,União de facto,81724.98,153.7,40.4,Neutro,06/10/1990,04/02/2025,1,Sim,Dados confirmados
163,Feminino,30,Manica,Secundária,Divorciado,19720.46,173.0,66.2,Muito satisfeito,19/04/1994,05/04/2025,4,Não,Sem observações
164,Masculino,23,Inhambane,Licenciatura,Solteiro,31485.82,157.8,59.4,Insatisfeito,23/11/2001,13/02/2025,2,Não,Necessita revisão
165,Feminino,18,Manica,Primária,Casado,9313.91,168.7,78.5,Satisfeito,12/08/2006,30/08/2025,2,Não,Dados confirmados
166,Feminino,36,Gaza,Mestrado,Solteiro,MZN 15000,144.8,69.1,Muito satisfeito,28/11/1988,07/06/2025,4,Sim,Contacto posterior
167,Feminino,35,Gaza,Técnica,União de facto,17389.1,169.0,70.7,Insatisfeito,30/06/1989,22/09/2025,3,Sim,Sem observações
168,Masculino,42,Sofala,Primária,Solteiro,16960.84,169.2,64.6,Neutro,23/03/1982,16/05/2025,1,Sim,Contacto posterior
169,Feminino,32,Gaza,Secundária,Viúvo,45875.77,151.1,72.4,Insatisfeito,29/09/1992,13/11/2025,1,Não,Contacto posterior
170,Feminino,35,Cabo Delgado,Secundária,Viúvo,18097.35,151.6,69.2,Satisfeito,18/12/1989,17/03/2025,4,Sim,Dados confirmados
171,Masculino,46,Manica,Nenhuma,União de facto,5810.61,165.6,92.0,Muito insatisfeito,06/08/1978,31/08/2025,1,Não,Entrevista concluída
172,Masculino,20,Manica,Primária,Casado,3208.41,174.5,88.5,Satisfeito,05/09/2004,08/09/2025,1,Não,sem observacao
173,Masculino,46,Sofala,Técnica,Solteiro,,163.8,35.0,6,31/08/1978,12/08/2025,1,Sim,Sem observações
174,Masculino,34,Tete,Licenciatura,Viúvo,22209.9,166.9,37.5,Neutro,08/04/1990,26/09/2025,1,Sim,Sem observações
175,Feminino,50,Nampula,Licenciatura,União de facto,32841.35,169.4,82.6,Neutro,06/02/1974,03/07/2025,5,Não,Sem observações
176,Masculino,70,Sofala,Primária,Divorciado,31929.18,185.0,92.3,Insatisfeito,08/10/1954,16/03/2025,0,Não,Contacto posterior
177,Feminino,31,Inhambane,Técnica,Divorciado,40361.97,155.8,65.8,Muito satisfeito,20/04/1993,28/03/2025,2,Não,Dados confirmados
178,Feminino,37,Cabo Delgado,Técnica,Solteiro,12043.14,142.8,77.6,Muito insatisfeito,1987-11-10,22/01/2025,0,Não,Entrevista concluída
179,Masculino,29,Cabo Delgado,Mestrado,Divorciado,23714.78,166.1,53.5,Muito satisfeito,24/03/1995,22/12/2025,2,Unknown,Entrevista concluída
180,Feminino,45,Zambézia,Técnica,Solteiro,12442.78,170.4,57.5,Satisfeito,31/03/1979,01/01/2026,0,Sim,Entrevista concluída
181,,47,Sofala,Licenciatura,Viúvo,35656.88,158.1,61.0,Neutro,06/04/1977,01/01/2027,0,Sim,Entrevista concluída
182,Masculino,28,Zambézia,Secundária,Divorciado,16341.66,157.3,52.1,Muito satisfeito,21/06/1996,16/02/2025,1,Não,Dados confirmados
183,Feminino,59,Niassa,Nenhuma,União de facto,16190.82,177.4,81.5,muito satisfeito,24/02/1965,11/12/2025,4,Sim,Necessita revisão
184,Masculino,51,Maputo,Primária,Solteiro,8686.44,171.7,68.2,Insatisfeito,10/11/1973,04/05/2025,3,Não,Necessita revisão
185,Feminino,38,Nampula,Primária,Viúvo,50836.45,160.3,69.4,Neutro,07/04/1986,30/12/2025,4,Não,Necessita revisão
186,Masculino,33,Cabo Delgado,Secundária,União de facto,7848.36,158.2,74.5,Satisfeito,12/09/1991,30/08/2025,1,Sim,Sem observações
187,Masculino,33,Niassa,Primária,Divorciado,35932.92,160.0,49.9,Muito insatisfeito,22/05/1991,22/05/2025,1,Não,Necessita revisão
188,Feminino,59,Gaza,Licenciatura,União de facto,14562.28,157.7,72.7,Muito insatisfeito,12/05/1965,01/05/2025,3,Não,Necessita revisão
189,Feminino,39,Cabo Delgado,Nenhuma,Viúvo,17498.05,165.2,91.0,Muito satisfeito,26/11/1985,22/02/2025,3,Sim,Entrevista concluída
190,Feminino,27,Maputo,Secundária,Solteiro,15935.18,155.6,74.6,Insatisfeito,24/08/1997,07/12/2025,3,Sim,Entrevista concluída
191,Feminino,29,Maputo,Primária,Separado,24288.79,163.6,65.0,Muito insatisfeito,09/08/1995,14/11/2025,4,Não,Dados confirmados
192,Feminino,18,Nampula,Secundária,União de facto,12129.02,161.6,63.8,Muito insatisfeito,06/03/2006,13/06/2025,1,Não,Entrevista concluída
193,Feminino,33,Maputo,Técnica,Divorciado,27581.61,165.1,68.0,Satisfeito,20/11/1991,18/01/2025,2,Não,Dados confirmados
194,Feminino,44,Maputo,Secundária,Divorciado,18987.66,250,41.1,Insatisfeito,14/08/1980,04/05/2025,4,Sim,Necessita revisão
195,Feminino,36,Manica,Licenciatura,Casado,3005.16,165.6,64.3,Satisfeito,01/06/1988,25/12/2025,3,Não,Sem observações
196,Feminino,32,Maputo,Secundária,Viúvo,14279.6,169.3,73.8,Satisfeito,13/08/1992,14/08/2025,4,Não,Entrevista concluída
197,Feminino,29,Sofala,Secundária,Divorciado,17534.93,168.5,53.3,Insatisfeito,14/03/1995,13/07/2025,2,Não,Sem observações
198,Feminino,35,Cabo Delgado,Licenciatura,Viúvo,29065.27,173.5,61.7,Muito insatisfeito,28/04/1989,25/08/2025,7,Sim,Dados confirmados
199,Feminino,21,Maputo,Secundária,Divorciado,20087.79,162.3,85.6,Neutro,19/12/2003,29/11/2025,0,Sim,Contacto posterior
200,Masculino,18,Niassa,Secundária,Solteiro,33238.85,170.2,57.1,Muito insatisfeito,07/04/2006,14/12/2025,2,Não,Dados confirmados
201,Feminino,44,Gaza,LIC,Viúvo,7721.4,165.5,63.9,Insatisfeito,27/08/1980,29/05/2025,4,Sim,Dados confirmados
202,Feminino,28,Sofala,Licenciatura,Viúvo,13241.98,156.9,75.4,Neutro,26/02/1996,19/02/2025,99,Sim,Entrevista concluída
203,Feminino,27,Nampula,Secundária,União de facto,11797.35,161.5,64.2,Satisfeito,24/07/1997,10/02/2025,1,Não,Necessita revisão
204,Feminino,22,Sofala,Nenhuma,Divorciado,25323.07,162.5,65.8,Muito insatisfeito,06/07/2002,08/12/2025,4,Sim,Necessita revisão
205,Feminino,28,Zambézia,Técnica,Divorciado,23974.69,149.5,51.8,Satisfeito,02/01/1997,29/04/2025,2,Não,Sem observações
206,Masculino,47,Niassa,Primária,Solteiro,13545.4,151.0,77.6,Muito satisfeito,25/10/1977,25/08/2025,0,Sim,Necessita revisão
207,Feminino,35,Manica,Licenciatura,Solteiro,27156.45,152.9,54.2,Muito satisfeito,07/07/1989,10/11/2025,4,Sim,Contacto posterior
208,Masculino,35,Tete,Secundária,União de facto,8211.67,143.5,74.2,Muito insatisfeito,04/11/1989,07/08/2025,2,Sim,Necessita revisão
209,Masculino,34,Sofala,Técnica,Casado,17373.56,167.2,51.6,Insatisfeito,30/03/1990,20/07/2025,0,Não,Contacto posterior
210,Masculino,36,Maputo,Licenciatura,Divorciado,4122.74,183.8,57.2,Muito insatisfeito,22/03/1988,06/02/2025,0,Sim,Contacto posterior
211,Masculino,39,,Secundária,União de facto,24617.14,168.1,55.4,Muito insatisfeito,,07/12/2025,1,Não,Sem observações
212,Feminino,34,Manica,Nenhuma,Divorciado,14933.72,149.7,104.0,Insatisfeito,27/12/1990,23/01/2025,4,sim,Contacto posterior
213,Masculino,43,Zambézia,Secundária,União de facto,11483.46,178.0,61.6,Neutro,19/02/1981,03/02/2025,2,Sim,Necessita revisão
214,Feminino,24,Cabo Delgado,Primária,Divorciado,15019.06,168.1,250,Satisfeito,21/05/2000,31/05/2025,0,Não,Sem observações
215,Masculino,32,Cabo Delgado,Primária,Viúvo,13260.45,176.2,107.9,Satisfeito,19/10/1992,18/03/2025,2,Não,sem observacao
216,Feminino,29,Zambézia,Secundária,Viúvo,25066.92,165.4,58.8,Neutro,16/02/1995,08/02/2025,1,Não,Necessita revisão
217,Masculino,38,Sofala,Secundária,Divorciado,9007.99,178.4,43.9,Insatisfeito,07/09/1986,09/03/2025,2,Não,Contacto posterior
218,Feminino,18,Manica,Secundária,União de facto,12200.72,149.2,53.0,Neutro,02/05/2006,27/10/2025,1,Não,Necessita revisão
219,Masculino,33,Zambézia,Licenciatura,solteiro,23701.96,161.9,80.1,Muito satisfeito,23/07/1991,27/12/2025,2,Não,Entrevista concluída
220,Feminino,34,Tete,Licenciatura,União de facto,7020.03,169.6,78.6,Muito insatisfeito,28/06/1990,12/06/2025,2,Não,Dados confirmados
221,Masculino,39,Inhambane,Licenciatura,União de facto,19502.59,146.3,84.7,Muito satisfeito,04/05/1985,03/12/2025,4,Sim,Entrevista concluída
222,Feminino,38,Manica,Licenciatura,Viúvo,22782.83,155.2,54.5,Muito insatisfeito,05/07/1986,24/01/2025,1,Sim,Sem observações
223,Masculino,32,Maputo,Licenciatura,Casado,19466.32,163.4,83.8,Neutro,08/05/1992,,2,Sim,Sem observações
224,Feminino,22,Nampula,Secundária,Casado,46196.45,155.2,75.5,Muito insatisfeito,02/06/2002,07/04/2025,1,Não,Dados confirmados
225,Masculino,21,Maputo,Licenciatura,Casado,14479.2,185.8,75.2,Neutro,26/08/2003,12/10/2025,2,Não,Contacto posterior
226,fem,24,Nampula,Secundária,Solteiro,16016.82,165.8,54.1,Muito satisfeito,17/04/2000,24/10/2025,2,Não,Dados confirmados
227,Masculino,40,Tete,Mestrado,Viúvo,18591.96,176.5,64.3,Insatisfeito,16/11/1984,01/04/2025,3,Não,Dados confirmados
228,Masculino,29,Niassa,Secundária,Solteiro,6302.48,151.0,74.4,Satisfeito,02/04/1995,02/02/2025,2,Sim,Necessita revisão
229,Masculino,,Manica,Licenciatura,Viúvo,16236.45,160.2,68.6,Satisfeito,28/09/1985,19/01/2025,1,Sim,Entrevista concluída
230,Masculino,63,Sofala,Primária,Divorciado,31037.0,169.2,70.8,Muito insatisfeito,07/06/1961,08/09/2025,0,Não,Entrevista concluída
231,Masculino,23,Gaza,Secundária,Casado,11564.97,162.6,57.8,Neutro,27/10/2001,27/12/2025,1,Não,Dados confirmados
232,Feminino,26,Cabo Delgado,Secundária,Divorciado,19448.95,175.0,64.3,Muito insatisfeito,20/02/1998,26/09/2025,3,Sim,Dados confirmados
233,Feminino,45,Tete,Primária,Viúvo,15048.06,,78.2,Neutro,19/04/1979,09/10/2025,2,Sim,Entrevista concluída
234,Masculino,47,Tete,Mestrado,Casado,8571.38,170.0,70.9,Neutro,08/12/1977,28/07/2025,4,Sim,Dados confirmados
235,Masculino,32,maputo,Secundária,Casado,16436.74,151.8,83.1,Neutro,05/09/1992,18/08/2025,0,Não,Sem observações
236,Feminino,46,Sofala,Secundária,Divorciado,12472.34,168.1,61.1,Muito insatisfeito,14/02/1978,18/10/2025,0,Sim,Sem observações
237,Masculino,48,Gaza,Mestrado,União de facto,17547.63,160.0,66.7,Insatisfeito,29/10/1976,27/07/2025,2,Não,Dados confirmados
238,Masculino,30,Cabo Delgado,Secundária,Divorciado,27880.88,175.3,82.0,Muito satisfeito,27/06/1994,07/01/2025,2,Não,Dados confirmados
239,Masculino,36,Niassa,Secundária,Casado,22598.76,164.9,78.5,Satisfeito,08/03/1988,16/08/2025,1,Sim,Necessita revisão
240,Feminino,43,Tete,Licenciatura,Divorciado,17943.11,154.1,56.8,Satisfeito,15/06/1981,10/02/2025,2,Não,Necessita revisão
241,Feminino,47,Tete,Técnica,Viúvo,72152.7,176.3,62.1,Insatisfeito,11/07/1977,08/07/2025,1,,Necessita revisão
242,Feminino,42,Gaza,Licenciatura,Divorciado,58173.9,146.6,64.0,Muito insatisfeito,11/12/1982,27/09/2025,0,Sim,Dados confirmados
243,Feminino,45,Cabo Delgado,Mestrado,Divorciado,57577.95,171.4,74.5,Muito satisfeito,28/01/1979,19/06/2025,3,Sim,Necessita revisão
244,Feminino,36,Zambézia,Primária,Viúvo,11913.12,164.8,61.2,muito satisfeito,03/10/1988,13/11/2025,5,Sim,Sem observações
245,Masculino,25,Inhambane,Licenciatura,Divorciado,26345.08,164.4,49.1,Neutro,22/11/1999,29/11/2025,1,Sim,Contacto posterior
246,Feminino,62,Nampula,Licenciatura,Divorciado,34878.74,161.9,65.3,Satisfeito,07/11/1962,13/10/2025,0,Sim,Entrevista concluída
247,Masculino,20,Tete,Secundária,Divorciado,16030.48,140.9,83.8,Neutro,08/03/2004,27/10/2025,0,Sim,Contacto posterior
248,Feminino,34,Tete,Licenciatura,União de facto,35696.83,161.9,51.6,Muito insatisfeito,15/03/1990,23/03/2025,2,Sim,Necessita revisão
249,Feminino,24,Inhambane,Secundária,Divorciado,15 000,158.8,72.2,Muito insatisfeito,13/10/2000,07/07/2025,1,Não,Entrevista concluída
250,Feminino,28,Manica,Primária,Solteiro,18913.07,181.6,61.1,Neutro,05/11/1996,27/06/2025,2,Não,Dados confirmados
251,Feminino,18,Nampula,Primária,Casado,46899.04,166.1,,Muito insatisfeito,25/12/2006,11/03/2025,1,Não,Entrevista concluída
252,Feminino,37,Niassa,Secundária,Solteiro,21942.15,164.6,62.1,Satisfeito,23/08/1987,27/03/2025,3,Sim,Sem observações
253,Masculino,45,Maputo,Primária,Solteiro,10936.56,169.8,58.3,Muito satisfeito,15/05/1979,06/03/2025,1,Não,Entrevista concluída
254,Masculino,36,Gaza,Licenciatura,Solteiro,26694.42,171.1,103.5,Insatisfeito,30/01/1988,05/06/2025,2,Não,???
255,Masculino,40,Gaza,Licenciatura,Solteiro,18043.23,158.0,72.7,Insatisfeito,31/07/1984,09/03/2025,1,Não,Sem observações
256,Masculino,39,Gaza,Primária,Casado,13325.68,173.6,62.0,Neutro,23/03/1985,01/03/2025,0,Sim,Entrevista concluída
257,Masculino,19,Inhambane,Licenciatura,União de facto,8220.36,186.6,66.9,Insatisfeito,02/07/2005,06/11/2025,3,Não,Empregado em tempo inteiro
258,Feminino,30,Zambézia,Secundária,Viúvo,45981.53,166.2,63.1,Insatisfeito,13/03/1994,26/04/2025,2,Não,Sem observações 
259,Masculino,20,Nampula,Secundária,União de facto,10649.06,166.6,78.8,Neutro,08/11/2004,14/02/2025,1,Sim,Contacto posterior
260,Masculino,35,Maputo,Mestrado,União de facto,9576.7,177.9,73.0,Neutro,28/12/1989,20/04/2025,1,Sim,Entrevista concluída
261,Masculino,18,Nampula,Técnica,União de facto,11741.38,168.8,55.9,Satisfeito,18/11/2006,14/08/2025,1,Não,Entrevista concluída
262,Masculino,27,Sofala,Primária,Viúvo,-500,184.4,81.6,Insatisfeito,23/03/1997,19/03/2025,0,Não,Contacto posterior
263,Masculino,36,Tete,,Divorciado,10100.57,167.3,50.9,Insatisfeito,14/12/1988,22/10/2025,3,Sim,Necessita revisão
264,Feminino,21,Tete,Secundária,Solteiro,13715.55,175.4,57.7,Muito satisfeito,25/02/2003,25/04/2025,2,Não,Contacto posterior
265,Feminino,35,Manica,Licenciatura,Divorciado,12515.85,154.2,44.7,Neutro,14/05/1989,13/10/2025,4,Y,Necessita revisão
266,Masculino,47,Gaza,Mestrado,Casado,21339.39,166.5,71.7,Muito satisfeito,04/12/1977,09/04/2025,2,Sim,Entrevista concluída
267,Masculino,36,Cabo Delgado,Licenciatura,Viúvo,39342.58,186.0,76.1,Muito satisfeito,1988-06-12,07/12/2025,2,Não,Necessita revisão
268,Feminino,26,Nampula,primaria,Casado,13141.91,156.7,56.7,Neutro,11/02/1998,06/06/2025,2,Sim,Sem observações
269,Feminino,34,Gaza,Secundária,Viúvo,11068.8,167.9,65.4,Muito satisfeito,12/03/1990,29/05/2025,2,Sim,Dados confirmados
270,Feminino,42,Inhambane,Licenciatura,Casado,17705.38,162.0,60.2,Insatisfeito,08/02/1982,18/08/2025,1,Não,Contacto posterior
271,X,46,Cabo Delgado,Licenciatura,Divorciado,12925.09,162.1,84.4,,09/11/1978,05/01/2025,0,Sim,Sem observações
272,Masculino,32,Zambézia,Técnica,Divorciado,51076.51,158.2,80.9,Neutro,20/04/1992,17/12/2025,1,Sim,Dados confirmados
273,Masculino,47,Inhambane,Secundária,Casado,28544.29,174.6,50.7,Insatisfeito,10/06/1977,14/06/2025,2,Sim,Necessita revisão
274,Feminino,40,Inhambane,Secundária,Casado,11122.97,151.8,79.4,Muito satisfeito,28/02/1984,10/03/2025,1,Sim,Dados confirmados
275,Feminino,27,Cabo Delgado,Técnica,União de facto,18900.23,158.5,91.8,Muito satisfeito,08/03/1997,04/04/2025,1,Não,Entrevista concluída
276,Feminino,32,Zambézia,Licenciatura,Solteiro,34382.57,156.5,76.2,Muito satisfeito,26/03/1992,07/11/2025,2,Sim,Entrevista concluída
277,Masculino,32,Zambézia,Primária,União de facto,36201.23,153.3,42.6,Insatisfeito,27/07/1992,24/12/2025,4,Sim,Necessita revisão
278,Masculino,41,Niassa,Licenciatura,Divorciado,4222.32,"158,5",64.1,Insatisfeito,06/04/1983,12/02/2025,2,Sim,Entrevista concluída
279,Masculino,36,Maputo,Mestrado,Viúvo,42964.26,165.5,77.6,Satisfeito,24/01/1988,28/04/2025,5,Sim,Dados confirmados
280,Feminino,37,Manica,Secundária,Solteiro,15965.96,175.2,63.9,Satisfeito,19/08/1987,20/12/2025,3,Sim,Contacto posterior
281,Masculino,38,Gaza,Mestrado,Solteiro,16885.64,156.7,66.9,Satisfeito,11/12/1986,01/11/2025,1,Não,Dados confirmados
282,Feminino,42,Manica,Secundária,Casado,19140.8,157.7,78.5,Muito insatisfeito,30/08/1982,18/08/2025,4,Sim,Dados confirmados
283,Masculino,32,Zambézia,Licenciatura,Casado,19551.8,172.7,65.3,Insatisfeito,25/12/1992,07/09/2025,3,Não,Sem observações
284,Masculino,39,Cabo Delgado,Mestrado,Solteiro,35275.38,149.8,94.2,Satisfeito,26/05/1985,06/20/2025,0,Não,Dados confirmados
285,Masculino,31,Maputo,Primária,Casado,24488.77,176.9,77.1,Insatisfeito,05/04/1993,14/11/2025,2,Sim,Sem observações
286,Masculino,31,Maputo,Primária,Divorciado,8552.93,166.5,81.3,Insatisfeito,20/02/1993,07/06/2025,0,Não,Contacto posterior
287,Feminino,26,Tete,Mestrado,Viúvo,19502.17,167.8,91.9,Muito satisfeito,15/05/1998,11/01/2025,6,Não,Necessita revisão
288,Masculino,39,Sofala,Secundária,Divorciado,26158.32,172.2,84.2,Satisfeito,17/03/1985,15/07/2025,0,Não,Necessita revisão
289,Masculino,26,Tete,Primária,Casado,10664.76,163.9,59.7,Insatisfeito,20/08/1998,23/12/2025,3,Não,Necessita revisão
290,Feminino,27,Nampula,Primária,Divorciado,2572.26,181.6,52.8,Muito insatisfeito,05/11/1997,06/05/2025,1,Não,Sem observações
291,Feminino,52,Manica,Licenciatura,Casado,14088.43,250,49.6,Insatisfeito,14/10/1972,06/01/2025,0,Sim,Sem observações
292,Masculino,32,Gaza,Licenciatura,União-de-facto,37162.2,165.4,51.1,Muito insatisfeito,03/02/1992,07/01/2025,1,Sim,Contacto posterior
293,Masculino,39,Gaza,Mestrado,Divorciado,41166.41,150.7,75.2,Neutro,27/08/1985,07/04/2025,,Não,Contacto posterior
294,Feminino,38,Sofala,Primária,Viúvo,10986.36,161.1,64.9,Insatisfeito,15/04/1986,19/03/2025,1,Não,Necessita revisão
295,Feminino,36,Niassa,Primária,Casado,13605.66,157.3,68.1,Neutro,29/10/1988,08/10/2025,0,Não,Contacto posterior
296,Feminino,32,Inhambane,Secundária,Divorciado,43172.31,171.2,50.9,Muito insatisfeito,06/04/1992,13/02/2025,2,Não,Dados confirmados
297,Masculino,33,Cabo Delgado,Secundária,Casado,34936.33,163.8,80.6,Insatisfeito,12/01/1991,03/10/2025,1,Sim,Contacto posterior
298,Masculino,-3,Tete,Nenhuma,União de facto,13830.83,174.4,66.4 kg,Insatisfeito,05/01/2001,18/05/2025,4,Sim,Sem observações
299,Feminino,45,Cabo Delgado,Licenciatura,Casado,13830.21,170.8,49.3,Insatisfeito,11/11/1979,05/12/2025,2,Sim,Dados confirmados
300,Masculino,34,Sofala,Nenhuma,Casado,29756.82,154.4,63.6,Neutro,02/11/1990,11/05/2025,1,Sim,Contacto posterior
301,Feminino,33,Cabo Delgado,Mestrado,Casado,3848.07,172.0,64.8,Insatisfeito,20/12/1991,08/11/2025,4,Não,Sem obs.
302,Feminino,38,Inhambane,Mestrado,Divorciado,19312.52,166.5,61.1,Muito insatisfeito,10/08/1986,24/02/2025,2,Sim,Dados confirmados
303,Masculino,44,Tete,Licenciatura,União de facto,30506.95,155.7,81.2,Neutro,05/03/1980,11/05/2025,20,Não,Contacto posterior
304,Feminino,50,Maputo,Secundária,União de facto,13823.12,159.4,68.9,Neutro,30/08/1974,11/09/2025,0,Não,Sem observações
305,Feminino,42,Sofala,Primária,União de facto,10459.71,157.6,77.0,5,20/11/1982,05/03/2025,0,Sim,Contacto posterior
306,Feminino,36,Niassa,Licenciatura,Divorciado,6475.48,150.6,72.5,Neutro,09/10/1988,06/06/2025,3,Sim,Dados confirmados
307,Masculino,31,Niassa,Secundária,,46209.69,178.3,71.3,Muito insatisfeito,14/07/1993,11/02/2025,1,Não,Dados confirmados
308,Feminino,41,Maputo,Técnica,União de facto,23451.79,157.7,68.7,Muito insatisfeito,12/03/1983,23/04/2025,2,Não,Necessita revisão
309,Feminino,33,Zambézia,Licenciatura,Viúvo,37999.98,163.8,72.8,Insatisfeito,06/05/1991,08/05/2025,2,Não,Sem observações
310,Feminino,33,Tete,Técnica,Divorciado,21887.72,145.3,72.0,Muito satisfeito,12/09/1991,09/09/2025,0,Não,Contacto posterior
311,Feminino,46,Nampula,Licenciatura,Viúvo,37758.86,162.4,43.4,Insatisfeito,10/06/1978,26/11/2025,4,Sim,Sem observações
312,Feminino,38,Cabo Delgado,Mestrado,Divorciado,12553.03,157.8,86.3,Muito satisfeito,07/07/1986,25/03/2025,0,Não,Necessita revisão
313,Feminino,18,Sofala,Secundária,Solteiro,15839.77,154.7,77.5,Insatisfeito,20/05/2006,20/09/2025,3,Sim,Necessita revisão
314,Masculino,41,Manica,Desconhecido,Divorciado,15339.4,173.0,55.9,Insatisfeito,05/11/1983,09/03/2025,2,Sim,Sem observações
315,Masculino,25,Niassa,Licenciatura,Solteiro,31350.52,172.2,90.4,Muito satisfeito,22/05/1999,04/05/2025,4,Não,Entrevista concluída
316,Feminino,37,Niassa,Mestrado,Casado,7662.78,171.4,61.6,Satisfeito,21/08/1987,10/08/2025,0,Não,Necessita revisão
317,Masculino,21,Inhambane,Licenciatura,União de facto,999999,164.2,61.3,Muito satisfeito,15/10/2003,16/11/2025,1,Sim,Dados confirmados
318,Masculino,32,Gaza,Nenhuma,Casado,43201.41,171.5,82.9,Muito insatisfeito,27/06/1992,22/07/2025,1,Y,Entrevista concluída
319,Feminino,31,Gaza,Nenhuma,Viúvo,40049.17,152.9,54.5,Satisfeito,03/08/1993,19/09/2025,3,Sim,Sem observações
320,Feminino,24,Manica,Licenciatura,União de facto,32604.49,167.2,59.1,Insatisfeito,30/06/2000,05/05/2025,2,Não,Sem observações
321,Masculino,33,Cabo Delgado,Secundária,Casado,8847.51,183.2,5,Insatisfeito,21/04/1991,17/02/2025,4,Sim,Contacto posterior
322,Feminino,41,Nampula,Secundária,Divorciado,21825.91,149.6,72.7,Satisfeito,23/02/1983,22/01/2025,1,Sim,Sem observações
323,Feminino,23,Nampula,Secundária,Casado,10878.16,174.1,62.8,Muito satisfeito,19/07/2001,25/01/2025,1,Sim,Entrevista concluída
324,Feminino,34,Zambézia,Técnica,Solteiro,25530.03,157.0,80.5,Satisfeito,16/09/1990,16/05/2025,1,Não,Entrevista concluída
325,Feminino,46,Gaza,Primária,Solteiro,4385.52,140.7,65.6,Satisfeito,23/03/1978,29/08/2025,2,Não,Contacto posterior
326,Masculino,24,Maputo,Primária,Divorciado,3091.21,165.3,71.2,Satisfeito,16/03/2000,25/01/2025,3,Não,Sem observações
327,Masculino,33,Inhambane,Licenciatura,União de facto,49394.13,167.7,71.4,Muito satisfeito,17/10/1991,19/04/2025,3,Sim,Contacto posterior
328,Masculino,18,Sofala,Primária,Divorciado,24701.15,157.2,62.5,Insatisfeito,19/11/2006,30/12/2025,0,Sim,Dados confirmados
329,Feminino,35,Niassa,Licenciatura,Casado,3574.77,169.3,75.8,Neutro,01/08/1989,17/06/2025,2,Não,Contacto posterior
330,Feminino,23,Niassa,Secundária,Casado,12860.88,166.4,58.6,Insatisfeito,21/03/2001,13/09/2025,0,Sim,Necessita revisão
331,Masculino,47,Maputo,Nenhuma,Viúvo,24260.96,144.2,62.7,Neutro,20/01/1977,01/03/2025,1,Sim,Sem observações
332,Masculino,30,Gaza,Técnica,União de facto,15 000,168.5,81.8,Neutro,12/02/1994,18/12/2025,2,Não,Necessita revisão
333,Feminino,36,Niassa,Nenhuma,Solteiro,24373.82,163.1,61.0,Insatisfeito,10/03/1988,27/10/2025,6,Não,Dados confirmados
334,Feminino,37,Maputo,Secundária,União de facto,19707.12,154.1,50.8,Insatisfeito,19/06/1987,24/12/2025,3,Sim,Necessita revisão
335,Feminino,32,Tete,Secundária ,Divorciado,16260.16,180.4,75.0,Insatisfeito,16/08/1992,30/09/2025,3,Não,Necessita revisão
336,Masculino,39,Maputo,Secundária,Solteiro,53533.95,175.9,94.9,Insatisfeito,06/01/1985,24/07/2025,5,Não,Necessita revisão
337,Feminino,31,Maputo,Primária,Solteiro,9701.86,160.6,58.8,Muito insatisfeito,25/12/1993,01/03/2025,2,Não,Dados confirmados
338,Feminino,51,Sofala,Secundária,Casado,13056.42,174.2,58.3,Neutro,10/05/1973,24/01/2025,2,Sim,Sem observações
339,F,53,Niassa,Secundária,Solteiro,8550.15,155.9,66.1,Satisfeito,25/04/1971,15/01/2025,0,Não,Necessita revisão
340,Feminino,33,Zambézia,Primária,Divorciado,10692.98,176.6,61.9,Insatisfeito,30/03/1991,20/12/2025,1,Não,Sem observações
341,Feminino,43,Maputo,Primária,Solteiro,8166.35,162.1,62.5,Insatisfeito,12/06/1981,08/01/2025,2,Sim,Necessita revisão
342,Masculino,31,Niassa,Licenciatura,Casado,8997.27,176.1,56.1,Satisfeito,14/08/1993,15/12/2025,2,Não,Necessita revisão
343,Masculino,32,Gaza,Licenciatura,Divorciado,20159.28,159.1,64.2,Muito satisfeito,01/12/1992,05/05/2025,5,Sim,Contacto posterior
344,Masculino,27,Cabo Delgado,Técnica,Solteiro,34649.74,151.0,66.6,Muito insatisfeito,13/02/1997,30/04/2025,2,Não,N/A
2000,Masculino,30,Zambézia,Primária,Solteiro,8323.13,161.6,77.0,Muito insatisfeito,19/08/1994,16/02/2025,0,Não,Contacto posterior
346,Feminino,18,Cabo Delgado,Licenciatura,Viúvo,,153.7,67.7,6,12/08/2006,08/10/2025,0,Não,Dados confirmados
347,Feminino,39,Manica,Licenciatura,União de facto,50538.54,164.7,85.7,Muito insatisfeito,17/07/1985,11/04/2025,2,Não,Contacto posterior
348,Feminino,39,Tete,Secundária,Solteiro,12860.44,156.7,67.2,Neutro,01/07/1985,09/04/2025,1,Não,Entrevista concluída
349,Feminino,18,Zambézia,Secundária,Divorciado,9467.16,170.0,76.9,Muito insatisfeito,04/01/2006,21/09/2025,5,Não,Entrevista concluída
350,Feminino,38,Inhambane,Primária,Divorciado,25112.44,143.5,66.3,Satisfeito,07/07/1986,24/11/2025,1,Não,Dados confirmados
351,Masculino,18,Manica,Primária,Viúvo,4827.75,176.5,62.1,Muito insatisfeito,02/04/2006,24/07/2025,3,Sim,Contacto posterior
352,Masculino,29,Maputo,Secundária,Divorciado,32399.29,162.3,62.4,Neutro,30/07/1995,29/11/2025,3,Sim,Necessita revisão
353,Feminino,29,Maputo,Licenciatura,Casado,13488.35,174.4,81.2,Muito satisfeito,05/05/1995,04/04/2025,1,Não,Dados confirmados
354,Masculino,36,Inhambane,Primária,Viúvo,7199.52,170.2,61.0,Insatisfeito,27/10/1988,05/04/2025,3,Sim,Contacto posterior
355,Feminino,39,Zambézia,Licenciatura,Divorciado,22373.22,186.8,52.9,Muito satisfeito,03/02/1985,05/18/2025,2,Sim,Necessita revisão
356,Masculino,45,Gaza,Secundária,Casado,24661.71,173.5,86.1,Muito insatisfeito,1979-06-06,04/06/2025,3,Não,Contacto posterior
357,Feminino,44,Gaza,Técnica,Casado,10921.08,160.4,83.9,Satisfeito,31/03/1980,07/07/2025,2,Não,Sem observações
358,Masculino,26,Sofala,Nenhuma,Solteiro,11346.68,187.3,55.5,Insatisfeito,13/03/1998,23/06/2025,3,Unknown,Dados confirmados
359,Feminino,45,Gaza,Primária,Divorciado,12252.98,160.8,72.2,Muito insatisfeito,13/07/1979,16/08/2025,0,Sim,Dados confirmados
360,Feminino,26,Tete,Primária,Viúvo,16840.76,178.6,46.1,Neutro,01/03/1998,16/04/2025,0,Sim,Entrevista concluída
361,Masculino,27,Sofala,Primária,Divorciado,18547.07,158.8,53.6,Satisfeito,17/06/1997,14/10/2025,0,Sim,Dados confirmados
362,,42,Cabo Delgado,Nenhuma,União de facto,17885.33,177.6,52.5,Muito insatisfeito,26/09/1982,01/01/2027,2,Sim,Dados confirmados
363,Feminino,20,Zambézia,Licenciatura,União de facto,5654.28,157.0,58.6,Neutro,13/09/2004,09/11/2025,4,Não,Contacto posterior
364,Feminino,38,Niassa,Primária,União de facto,33170.14,155.8,79.1,Neutro,31/08/1986,02/08/2025,3,Não,Necessita revisão
365,Feminino,22,Cabo Delgado,Licenciatura,Casado ,18450.04,172.3,73.3,Neutro,09/12/2002,12/04/2025,2,Não,Necessita revisão
366,Feminino,27,Sofala,Primária,Divorciado,48167.18,176.0,64.4,satisfeito ,05/01/1997,31/08/2025,1,Sim,Necessita revisão
367,Feminino,54,Niassa,Nenhuma,Viúvo,20341.85,175.2,48.6,Neutro,28/03/1970,27/08/2025,1,Não,Contacto posterior
368,Masculino,18,Zambézia,Licenciatura,Viúvo,7854.39,161.2,86.3,Satisfeito,18/07/2006,21/08/2025,2,Sim,Dados confirmados
369,Feminino,36,Niassa,Primária,Solteiro,9713.52,167.9,54.2,Muito satisfeito,15/05/1988,22/12/2025,3,Não,Entrevista concluída
370,Masculino,32,Sofala,Secundária,Casado,121641.73,164.6,58.2,Muito insatisfeito,03/12/1992,22/02/2025,0,Sim,Contacto posterior
371,Feminino,41,Sofala,Licenciatura,Solteiro,14101.92,168.0,53.4,Muito insatisfeito,04/05/1983,06/10/2025,0,yes,Sem observações
372,Masculino,32,Inhambane,Primária,Casado,14083.18,171.7,96.8,Insatisfeito,26/01/1992,03/01/2025,3,Sim,Dados confirmados
373,Feminino,20,Sofala,Técnica,Divorciado,13730.59,146.5,75.0,Muito insatisfeito,23/01/2004,01/10/2025,1,Sim,Sem observações
374,Feminino,31,Gaza,Licenciatura,União de facto,27559.22,159.8,64.1,Satisfeito,13/06/1993,13/06/2025,2,Não,Sem observações
375,Feminino,31,Cabo Delgado,Primária,Viúvo,42144.34,170.0,77.2,Neutro,11/02/1993,07/08/2025,3,Não,Sem observações
376,Feminino,18,MAPUTO,Secundária,Casado,13876.77,165.9,48.8,Satisfeito,02/10/2006,21/06/2025,2,Sim,Sem observações
377,Masculino,46,Niassa,Secundária,Solteiro,13242.32,156.5,60.7,Insatisfeito,11/11/1978,13/04/2025,1,Não,Entrevista concluída
378,Feminino,36,Maputo,Secundária,Casado,23541.2,156.9,65.3,Muito insatisfeito,28/05/1988,07/08/2025,0,Sim,Sem observações
379,Feminino,35,Niassa,Técnica,Solteiro,8738.75,151.8,74.0,Muito satisfeito,12/03/1989,28/06/2025,5,Sim,Entrevista concluída
380,Masculino,53,Cabo Delgado,Licenciatura,Viúvo,43735.19,166.7,64.8,Muito satisfeito,17/08/1971,24/01/2025,2,Sim,Necessita revisão
381,Feminino,35,Gaza,Primária,Divorciado,16407.54,149.8,61.4,Neutro,20/01/1989,12/03/2025,3,Não,erro
382,Feminino,54,Inhambane,Secundária,Separado,26498.99,165.7,82.4,Muito satisfeito,17/09/1970,16/04/2025,2,Não,Dados confirmados
383,Feminino,25,Cabo Delgado,Secundária,União de facto,8778.13,163.1,83.3,Muito insatisfeito,29/03/1999,17/03/2025,1,Sim,Necessita revisão
384,Masculino,64,Tete,Mestrado,Casado,8254.91,172.2,68.4,Muito insatisfeito,16/07/1960,25/07/2025,1,Sim,Contacto posterior
385,Masculino,20,Manica,Licenciatura,Casado,18838.77,165.9,64.8,Neutro,21/08/2004,13/03/2025,2,Não,Dados confirmados
386,Masculino,18,Zambézia,Primária,Solteiro,24842.85,160.9,44.9,Insatisfeito,08/04/2006,14/03/2025,1,Sim,Sem observações
387,Feminino,37,Manica,Técnica,União de facto,11449.53,154.4,66.5,Satisfeito,15/07/1987,26/10/2025,1,Sim,sem observacao
388,Feminino,39,Tete,Mestrado,Viúvo,5976.43,-10,84.3,Muito satisfeito,24/12/1985,06/01/2025,2,Não,Necessita revisão
389,Feminino,18,Quelimane,Secundária,União de facto,25078.57,164.4,83.7,Satisfeito,02/08/2006,30/06/2025,1,Sim,Entrevista concluída
390,Masculino,27,Niassa,Licenciatura,Viúvo,11372.9,162.3,52.3,Muito satisfeito,22/01/1997,20/05/2025,3,Não,Contacto posterior
391,Feminino,51,Maputo,Secundária,Viúvo,11590.81,172.4,71.7,Muito satisfeito,22/06/1973,21/09/2025,3,Não,Contacto posterior
392,Masculino,28,Gaza,Primária,Viúvo,6802.59,178.8,63.5,Neutro,26/04/1996,08/03/2025,0,Não,Dados confirmados
393,Feminino,44,Cabo Delgado,Mestrado,União de facto,0,137.4,68.0,Neutro,21/01/1980,19/04/2025,2,Não,Sem observações
394,Masculino,18,Inhambane,Primária,Viúvo,14238.58,150.2,77.8,Neutro,14/07/2006,01/10/2025,2,Sim,Dados confirmados
395,Masculino,33,Cabo Delgado,Licenciatura,União de facto,17857.79,181.8,43.8,Muito insatisfeito,09/03/1991,21/03/2025,2,Sim,Sem observações
396,Feminino,29,Inhambane,Técnica,Solteiro,11559.04,158.0,62.7,Muito insatisfeito,05/08/1995,11/11/2025,5,Não,Sem observações
ID-397,Masculino,30,Maputo,Licenciatura,União de facto,9285.27,152.3,68.6,Muito insatisfeito,23/04/1994,28/01/2025,6,Sim,Contacto posterior
398,Masculino,29,Niassa,Licenciatura,Divorciado,28619.8,171.5,47.2,Neutro,30/04/1995,28/04/2025,3,Sim,Sem observações
399,Masculino,26,Gaza,Técnica,Casado,42882.14,139.7,85.4,Insatisfeito,11/07/1998,15/08/2025,0,Não,Necessita revisão
400,Masculino,22,Gaza,Primária,União de facto,37648.26,157.7,55.5,Muito satisfeito,03/12/2002,30/03/2025,0,Sim,Sem observações
401,Feminino,41,Niassa,Secundária,Casado,6856.85,181.8,60.4,Insatisfeito,15-08-1987,02/03/2025,1,Sim,Contacto posterior
402,Feminino,50,Maputo,Secundária ,Casado,5807.14,155.9,80.7,Satisfeito,05/02/1974,17/05/2025,2,Não,Dados confirmados
403,Masculino,29,Maputo,Primária,Solteiro,24832.62,160.5,66.3,Muito insatisfeito,17/03/1995,09/02/2025,0,Sim,Dados confirmados
404,Masculino,49,Sofala,Licenciatura,Solteiro,9654.87,161.9,59.1,Neutro,17/03/1975,07/10/2025,-1,Sim,Necessita revisão
405,Masculino,42,Tete,Técnica,Solteiro,18607.92,179.1,92.9,Neutro,26/09/1982,01/03/2025,3,Sim,Necessita revisão
406,Feminino,49,Manica,Licenciatura,Casado,41673.46,168.8,62.5,Muito insatisfeito,30/04/1975,24/09/2025,3,Sim,Contacto posterior
407,Feminino,44,Niassa,Secundária,Viúvo,14638.11,156.7,58.6,Muito satisfeito,07/10/1980,26/06/2025,3,Sim,Entrevista concluída
408,Feminino,31,Manica,Licenciatura,Casado,22873.71,157.4,71.4,Muito satisfeito,24/06/1993,14/01/2025,2,Sim,Entrevista concluída
409,Feminino,46,Niassa,Secundária,Divorciado,26516.43,166.3,77.8,Muito insatisfeito,09/02/1978,25/08/2025,1,Sim,Sem observações
410,Masculino,43,Sofala,Secundária,Solteiro,23554.95,165.0,77.0,Satisfeito,12/10/1981,10/04/2025,4,Sim,Entrevista concluída
411,Masculino,34,Zambézia,Secundária,União de facto,9745.31,158.3,68.6,Muito insatisfeito,26/05/1990,22/02/2025,5,Não,Necessita revisão
412,Feminino,39,Maputo,Licenciatura,Solteiro,34691.96,170.5,77.2,Satisfeito,05/07/1985,10/03/2025,2,Não,Contacto posterior
413,Feminino,22,Maputo,Licenciatura,Viúvo,15118.51,159.5,75.0,Satisfeito,03/01/2003,03/10/2025,2,Sim,Entrevista concluída
414,Feminino,18,Maputo,Secundária,Casado,7396.96,149.9,66.7,Neutro,19/01/2006,09/05/2025,1,Não,Contacto posterior
415,Masculino,32,Gaza,Nenhuma,União de facto,15.000,172.1,47.1,Insatisfeito,28/12/1992,17/04/2025,1,Não,Sem observações
416,Masculino,33,Sofala,Primária,Casado,14992.22,169.0,70.2,Insatisfeito,27/05/1991,16/03/2025,2,Não,Entrevista concluída
417,Masculino,25,Inhambane,Secundária,Casado,35143.5,"153,9",45.2,Neutro,30/10/1999,14/04/2025,0,Sim,Dados confirmados
418,Feminino,50,Tete,Primária,Viúvo,24972.15,185.9,77.0,Neutro,10/01/1974,26/07/2025,2,Não,Sem observações
419,Feminino,31,Maputo,Secundária,Casado,21305.22,166.4,75.1,Satisfeito,25/10/1993,19/05/2025,3,Sim,Sem observações
420,Masculino,47,Niassa,Licenciatura,Solteiro,26322.75,159.4,63.1,Satisfeito,07/09/1977,21/05/2025,0,Não,Contacto posterior
421,Feminino,23,Inhambane,Secundária,Divorciado,27404.58,162.2,50.5,Neutro,14/07/2001,04/01/2025,1,Sim,Dados confirmados
422,Feminino,46,,Secundária,Divorciado,17080.26,172.3,64.4,Satisfeito,,02/08/2025,1,Não,Contacto posterior
423,Feminino,18,Inhambane,Secundária,Solteiro,20720.92,149.2,45.3,Muito satisfeito,10/03/2006,27/01/2025,1,Sim,Sem observações
424,Feminino,18,Inhambane,Secundária,Divorciado,22343.97,171.3,63.4,Muito insatisfeito,20/10/2006,18/06/2025,1,SIM,Entrevista concluída
425,Masculino,35,Sofala,Licenciatura,Viúvo,21766.45,160.4,67.4,Satisfeito,09/03/1989,30/03/2025,1,Não,Entrevista concluída
426,Masculino,34,Manica,Primária,Divorciado,20295.78,143.7,61.9,Muito satisfeito,22/05/1990,02/13/2025,0,Não,Dados confirmados
427,Masculino,30,Tete,Licenciatura,Casado,12616.0,167.1,74.7,5,10/06/1994,14/02/2025,2,Não,Sem observações
428,Feminino,54,Cabo Delgado,Primária,União de facto,29415.52,166.7,5,Muito satisfeito,20/04/1970,28/03/2025,4,Sim,Sem observações
429,Feminino,39,Cabo Delgado,Licenciatura,Viúvo,10938.44,157.0,57.7,Muito insatisfeito,22/06/1985,04/03/2025,2,Sim,Necessita revisão
430,Feminino,41,Manica,Secundária,Viúvo,39740.59,175.7,54.7,Insatisfeito,22/01/1983,29/07/2025,2,Sim,Sem observações 
431,Masculino,38,Manica,Licenciatura,Divorciado,11216.54,160.5,70.6,Neutro,05/06/1986,04/02/2025,2,Sim,Contacto posterior
432,Masculino,33,Nampula,Primária,Solteiro,79314.79,177.0,61.8,Muito satisfeito,03/04/1991,05/04/2025,3,Não,Necessita revisão
433,Masculino,39,Tete,Secundária,Casado,9210.74,163.1,75.6,Insatisfeito,08/07/1985,30/07/2025,1,Sim,Contacto posterior
434,Masculino,34,Sofala,Técnica,Viúvo,18350.88,174.7,70.5,Insatisfeito,08/03/1990,09/12/2025,3,Sim,Dados confirmados
435,Masculino,40,Sofala,Primária,Solteiro,18641.19,178.2,63.4,Neutro,01/08/1984,13/09/2025,2,Sim,Dados confirmados
436,Feminino,23,Zambézia,Técnica,Casado,24662.6,160.7,78.0,Satisfeito,18/02/2001,25/01/2025,3,Sim,Sem observações
437,Feminino,40,Manica,Técnica,Casado,9368.71,170.9,83.1,Muito insatisfeito,06/12/1984,30/01/2025,4,Não,Entrevista concluída
438,Masculino,38,Zambézia,Primária,SOLTEIRO,8471.88,176.1,66.4,Neutro,26/09/1986,09/08/2025,1,Sim,Dados confirmados
439,Masculino,40,Sofala,Licenciatura,Divorciado,5500.74,158.1,57.6,Muito insatisfeito,17/04/1984,11/05/2025,1,Não,Dados confirmados
440,Feminino,37,Nampula,Secundária,Casado,14521.67,146.9,78.3,Neutro,30/07/1987,15/09/2025,4,Sim,Entrevista concluída
441,Feminino,35,Inhambane,Licenciatura,Casado,15901.29,160.6,72.2,Muito insatisfeito,06/09/1989,08/11/2025,3,Sim,Sem observações
442,Masculino,21,Manica,Secundária,Casado,12325.94,178.5,72.6,Muito satisfeito,14/09/2003,10/10/2025,3,Sim,Entrevista concluída
443,Feminino,36,Sofala,Secundária,Casado,26797.76,154.6,90.9,Neutro,29/03/1988,30/11/2025,1,Sim,Entrevista concluída
444,Feminino,18,Sofala,Técnica,Divorciado,28544.88,162.2,60.6,Insatisfeito,02/04/2006,07/12/2025,3,Sim,Contacto posterior
445,Feminino,38,Cabo Delgado,Primária,Solteiro,14400.52,184.2,54.7,Satisfeito,1986-07-19,05/06/2025,1,Não,Necessita revisão
446,Masculino,44,Manica,Primária,Solteiro,20496.55,160.5,84.4,Muito insatisfeito,18/02/1980,,5,Não,Sem observações
447,Feminino,5,Maputo,Licenciatura,Casado,22324.37,158.5,77.0 kg,Neutro,24/05/1981,22/04/2025,0,Sim,Entrevista concluída
448,Feminino,18,Manica,Técnica,Viúvo,10140.71,164.7,61.1,Satisfeito,15/05/2006,17/08/2025,1,Não,Necessita revisão
449,Feminino,23,Cabo Delgado,Licenciatura,Viúvo,13942.03,161.0,62.4,Satisfeito,17/01/2001,12/10/2025,2,Não,Contacto posterior
450,Feminino,31,Inhambane,Nenhuma,Divorciado,20082.93,165.2,61.5,Insatisfeito,17/12/1993,19/08/2025,3,Sim,Entrevista concluída
451,Masculino,29,Sofala,Primária,Viúvo,13420.29,158.0,86.2,Insatisfeito,11/07/1995,26/02/2025,2,Não,Sem observações
452,Masculino ,18,Cabo Delgado,Licenciatura,União de facto,38997.71,163.3,67.3,Neutro,24/11/2006,14/08/2025,2,Sim,Sem observações
453,Masculino,27,Gaza,Licenciatura,Casado,49129.47,169.9,64.3,Satisfeito,08/02/1997,07/10/2025,3,Sim,Entrevista concluída
454,Feminino,20,Niassa,Primária,Casado,12218.5,166.1,69.3,Muito satisfeito,13/08/2004,09/05/2025,2,Sim,Contacto posterior
455,Masculino,39,Niassa,Licenciatura,União de facto,30139.08,170.4,75.8,Muito insatisfeito,30/09/1985,22/07/2025,0,Sim,Necessita revisão
456,Masculino,38,Inhambane,Licenciatura,Divorciado,12558.27,174.6,62.9,Neutro,29/09/1986,12/11/2025,1,Sim,Contacto posterior
457,Feminino,18,Gaza,Secundária,Viúvo,57569.06,171.4,68.1,Neutro,24/09/2006,06/10/2025,1,Não,Dados confirmados
458,Masculino,,Maputo,Secundária,Viúvo,33567.38,169.9,54.6,Satisfeito,04/04/1974,23/04/2025,0,Sim,Necessita revisão
459,Feminino,24,Sofala,Secundária,Divorciado,6112.02,158.2,56.3,Satisfeito,06/04/2000,30/10/2025,2,Sim,Necessita revisão
460,Masculino,20,Tete,Primária,Divorciado,10636.74,164.5,90.9,Muito insatisfeito,15/02/2004,02/04/2025,2,Não,Dados confirmados
461,Feminino,34,Niassa,Técnica,União de facto,8047.48,178.8,64.3,Satisfeito,28/04/1990,07/02/2025,2,Sim,Dados confirmados
462,Feminino,22,Niassa,Secundária,Viúvo,13501.03,171.5,84.2,Muito insatisfeito,03/01/2003,27/01/2025,4,Sim,Sem observações
463,Feminino,37,Tete,Técnica,Casado,35058.93,174.8,79.4,Muito satisfeito,06/08/1987,20/10/2025,2,Não,Contacto posterior
464,Masculino,32,Nampula,Técnica,União de facto,41579.5,155.0,69.2,Muito satisfeito,14/12/1992,23/11/2025,3,Não,Dados confirmados
465,Feminino,46,Niassa,Licenciatura,Divorciado,54507.03,160.3,92.1,Neutro,10/09/1978,19/10/2025,3,Sim,Contacto posterior
466,Masculino,48,Sofala,Secundária,Viúvo,35415.65,,76.0,Muito insatisfeito,07/09/1976,26/08/2025,3,Sim,Contacto posterior
467,Feminino,43,Manica,Técnica,Divorciado,28693.37,166.8,52.0,Insatisfeito,12/12/1981,21/04/2025,2,Não,Entrevista concluída
468,Feminino,19,Nampula,Licenciatura,Divorciado,15814.22,171.1,92.4,Satisfeito,06/02/2005,02/12/2025,3,Sim,Sem observações
469,Masculino,51,Maputo,Secundária ,Viúvo,14424.1,159.9,63.4,Satisfeito,20/03/1973,16/09/2025,2,Sim,Dados confirmados
470,Masculino,18,Cabo Delgado,Técnica,Solteiro,18973.62,162.4,72.1,Satisfeito,27/01/2006,31/07/2025,0,Não,Contacto posterior
471,Masculino,31,Cabo Delgado,Desconhecido,Viúvo,15310.51,151.2,50.5,Muito insatisfeito,12/11/1993,20/10/2025,3,Sim,Contacto posterior
472,Feminino,42,Zambézia,Primária,Solteiro,10024.1,164.8,48.9,Neutro,27/12/1982,03/10/2025,1,Não,Contacto posterior
473,Feminino,18,Sofala,Técnica,Casado,15931.19,170.6,69.3,Satisfeito,14/11/2006,26/05/2025,1,Sim,Sem observações 
474,Feminino,64,Inhambane,Secundária,Viúvo,12321.6,152.9,90.6,Muito satisfeito,22/10/1960,15/01/2025,3,Não,Contacto posterior
475,Feminino,31,Zambézia,Mestrado,Casado,10275.65,162.3,56.3,Muito insatisfeito,13/02/1993,25/11/2025,2,Sim,Contacto posterior
476,Feminino,22,Nampula,Secundária,Solteiro,20526.02,169.5,64.3,Muito satisfeito,26/02/2002,25/07/2025,0,Sim,Entrevista concluída
477,Masculino,29,Niassa,Mestrado,Viúvo,8813.19,157.6,70.5,Muito satisfeito,10/05/1995,21/12/2025,3,sim,Necessita revisão
478,Masculino,50,Zambézia,Nenhuma,União de facto,15104.12,171.7,41.2,Muito insatisfeito,20/10/1974,19/02/2025,3,Não,Dados confirmados
479,Masculino,48,Tete,Secundária,Casado,32306.69,153.6,90.4,Insatisfeito,22/07/1976,23/05/2025,2,Sim,Dados confirmados
480,Feminino,51,Niassa,Licenciatura,Divorciado,29721.39,170.4,75.1,Satisfeito,13/01/1973,10/03/2025,4,Não,Necessita revisão
481,Feminino,37,Niassa,Secundária,Viúvo,10295.05,171.5,59.1,Insatisfeito,03/08/1987,05/02/2025,2,Sim,Sem observações
482,Masculino,27,Cabo Delgado,Secundária,Solteiro,11726.63,151.8,58.4,Satisfeito,01/05/1997,06/01/2025,0,,Entrevista concluída
483,Feminino,30,Maputo,Mestrado,Divorciado,9271.67,165.5,62.3,Satisfeito,08/04/1994,07/06/2025,4,Sim,Entrevista concluída
484,Feminino,47,Cabo Delgado,Secundária,Solteiro,18405.07,167.8,61.4,Satisfeito,02/09/1977,07/09/2025,1,Não,Sem observações
485,Feminino,18,Nampula,Técnica,Solteiro,20204.02,45,55.7,Neutro,20/10/2006,08/06/2025,0,Não,Necessita revisão
486,Feminino,19,Zambézia,Licenciatura,Viúvo,29829.39,148.8,52.3,Satisfeito,28/10/2005,30/05/2025,1,Não,Contacto posterior
487,Masculino,49,Sofala,Licenciatura,Divorciado,15235.6,151.2,90.4,Neutro,18/08/1975,27/04/2025,1,Não,Dados confirmados
488,Feminino,26,Maputo,Licenciatura,Viúvo,21864.18,164.2,65.5,muito satisfeito,12/09/1998,13/01/2025,1,Sim,Contacto posterior
489,Feminino,45,Maputo,Secundária,União de facto,51478.4,155.2,61.1,Insatisfeito,04/09/1979,02/01/2025,2,Não,Entrevista concluída
490,Masculino,30,Zambézia,Técnica,Casado,16461.88,162.5,59.0,Muito satisfeito,04/12/1994,20/04/2025,1,Sim,Dados confirmados
491,Masculino,30,Cabo Delgado,Primária,Divorciado,13200.45,154.3,74.7,Muito satisfeito,23/07/1994,18/11/2025,2,Não,Necessita revisão
492,Feminino,35,Inhambane,Secundária,Divorciado,18016.5,162.9,36.2,Insatisfeito,27/03/1989,01/11/2025,2,Não,Necessita revisão
493,Masculino,37,Inhambane,Secundária,Solteiro,11004.02,156.8,65.5,Muito insatisfeito,25/03/1987,25/02/2025,4,Sim,Entrevista concluída
494,Feminino,35,Zambézia,Técnica,Divorciado,43180.99,166.7,57.7,Neutro,25/06/1989,03/09/2025,4,Não,Necessita revisão
495,Masculino,46,Cabo Delgado,Licenciatura,Viúvo,14113.04,163.0,71.6,Muito insatisfeito,06/06/1978,21/09/2025,2,Sim,Necessita revisão
496,Masculino,26,Zambézia,Técnica,Viúvo,13812.77,148.6,64.0,Muito satisfeito,17/12/1998,20/01/2025,2,Não,Sem observações
497,Feminino,41,Gaza,Primária,Divorciado,26016.65,153.0,39.1,Muito insatisfeito,27/11/1983,04/28/2025,1,Sim,Dados confirmados
498,Feminino,21,Sofala,Primária,União de facto,15000 MZN,171.8,60.2,Muito insatisfeito,20/11/2003,11/03/2025,5,Sim,Contacto posterior
499,Masculino,28,Cabo Delgado,Primária,Solteiro,21118.16,172.3,82.9,Neutro,18/08/1996,27/05/2025,1,Sim,Entrevista concluída
500,Masculino,52,Nampula,Licenciatura,Viúvo,10858.04,166.7,68.4,Muito insatisfeito,19/07/1972,04/03/2025,2,Não,Dados confirmados
501,Feminino,36,Tete,Nenhuma,Viúvo,11074.2,162.0,70.6,Satisfeito,15/06/1988,24/07/2025,3,Não,Contacto posterior
502,Feminino,28,Sofala,Licenciatura,Divorciado,19800.18,171.6,,Muito insatisfeito,16/12/1996,05/01/2025,5,Sim,Contacto posterior
503,Masculino,45,Sofala,Primária,União de facto,7774.84,160.6,90.9,Muito satisfeito,02/06/1979,19/05/2025,2,Sim,Sem observações
504,Masculino,34,Sofala,Primária,Solteiro,30135.22,148.3,56.9,Satisfeito,04/12/1990,26/11/2025,1,Sim,Dados confirmados
505,Masculino,41,Tete,Nenhuma,Viúvo,25553.6,188.1,53.9,Muito insatisfeito,24/03/1983,18/12/2025,-1,Sim,Entrevista concluída
506,Feminino,64,Zambézia,Licenciatura,Solteiro,16733.81,159.6,39.4,Muito insatisfeito,08/04/1960,18/03/2025,2,Não,Necessita revisão
507,Masculino,18,Zambézia,Mestrado,Divorciado,22023.09,176.6,81.4,Neutro,14/05/2006,29/07/2025,0,Sim,Contacto posterior
508,Feminino,26,Tete,Secundária,União de facto,25024.5,162.1,94.4,Neutro,03/09/1998,13/09/2025,2,Não,
509,Masculino,46,Inhambane,Mestrado,Solteiro,54034.96,155.2,52.6,Muito satisfeito,14/10/1978,21/01/2025,4,Sim,Sem observações
510,Masculino,18,Niassa,Nenhuma,União de facto,15908.34,167.3,63.9,Muito insatisfeito,01/03/2006,02/10/2025,3,Sim,Entrevista concluída
511,Feminino,35,Niassa,Licenciatura,solteiro,33799.83,177.0,82.0,Neutro,17/01/1989,18/04/2025,2,Sim,Contacto posterior
512,Feminino,19,Manica,Primária,Viúvo,7487.7,160.8,51.7,Neutro,10/05/2005,17/05/2025,2,Não,Dados confirmados
513,Feminino,51,Manica,Primária,União de facto,25900.59,158.1,67.9,Muito satisfeito,02/01/1974,11/01/2025,0,Sim,Dados confirmados
514,Masculino,20,Manica,Secundária,Solteiro,20937.61,170.9,59.8,Muito insatisfeito,06/07/2004,09/05/2025,1,Não,Empregado em tempo inteiro
515,Feminino,39,Sofala,Licenciatura,Viúvo,10053.33,158.9,83.1,Muito satisfeito,22/11/1985,03/07/2025,2,Sim,Sem observações
516,Feminino,51,Manica,Mestrado,União de facto,23032.56,164.9,49.0,Muito insatisfeito,06/03/1973,17/12/2025,0,Sim,SEM OBSERVAÇÕES
517,Masculino,41,Nampula,Licenciatura,Solteiro,35107.14,177.1,93.0,Muito satisfeito,20/06/1983,22/09/2025,3,Sim,Necessita revisão
518,Masculino,42,Cabo Delgado,Mestrado,Viúvo,13914.97,164.8,92.7,Neutro,14/10/1982,21/12/2025,1,Não,Dados confirmados
509,Masculino,18,Inhambane,Secundária,Viúvo,,172.8,76.5,Não sabe,11/04/2006,26/07/2025,0,Não,Dados confirmados
520,Masculino,30,Cabo Delgado,Secundária,Casado,8930.8,142.1,72.4,Muito satisfeito,06/09/1994,18/06/2025,1,Sim,Contacto posterior
521,Feminino,18,Gaza,Secundária,Solteiro,6678.69,164.6,82.2,Muito insatisfeito,23/07/2006,16/05/2025,3,Não,Contacto posterior
522,Masculino,18,Cabo Delgado,Secundária,União de facto,13139.9,159.6,74.0,Neutro,24/09/2006,18/09/2025,1,Não,Necessita revisão
523,Masculino,34,Cabo Delgado,Secundária,União de facto,24990.21,157.4,82.1,Satisfeito,04/07/1990,11/08/2025,2,Sim,Sem observações
509,Feminino,40,Sofala,Primária,União de facto,0,158.8,65.0,Satisfeito,07/11/1984,18/08/2025,1,Não,Entrevista concluída
525,Feminino,38,Manica,Licenciatura,Divorciado,11103.61,182.9,57.6,Neutro,06/04/1986,19/04/2025,4,Sim,Sem observações
526,Feminino,43,Tete,,Divorciado,9957.45,152.1,54.6,Insatisfeito,27/11/1981,14/03/2025,2,Não,Sem observações
527,Masculino,18,Niassa,Primária,Viúvo,17320.35,156.3,70.1,Insatisfeito,17/07/2006,24/06/2025,1,Não,Contacto posterior
528,Feminino,30,Manica,Primária,Divorciado,44101.66,151.4,80.0,Neutro,01/03/1994,02/06/2025,0,Não,Necessita revisão
529,Feminino,29,Sofala,Primária,Viúvo,24836.34,154.4,85.6,Neutro,11/12/1995,27/04/2025,0,Não,Necessita revisão
530,Masculino,21,Gaza,Licenciatura,Viúvo,116917.2,156.0,63.8,Neutro,04/06/2003,06/05/2025,1,yes,Contacto posterior
531,Masculino,39,Tete,Técnica,Divorciado,7358.54,164.4,84.1,Neutro,31/10/1985,24/07/2025,1,Sim,Necessita revisão
532,Masculino,44,Inhambane,Primária,Viúvo,22000.61,163.0,54.0,Muito satisfeito,21/08/1980,19/12/2025,0,Não,Sem observações
533,Masculino,56,Manica,Secundária,Viúvo,97370.0,152.5,81.9,Neutro,14/05/1968,21/07/2025,2,Sim,Entrevista concluída
534,Feminino,38,Gaza,Licenciatura,Divorciado,14822.43,163.1,83.2,Muito insatisfeito,1986-10-13,30/05/2025,1,Não,Sem observações
535,Feminino,30,Sofala,Primária,Casado,20196.6,165.1,250,Insatisfeito,13/10/1994,02/03/2025,1,Não,Dados confirmados
536,Masculino,18,Niassa,primaria,União de facto,13493.75,171.6,55.3,Neutro,24/06/2006,24/05/2025,2,Sim,Necessita revisão
537,Masculino,50,Gaza,Secundária,Solteiro,12313.07,153.9,52.5,Insatisfeito,18/12/1974,07/06/2025,3,Talvez,Necessita revisão
538,Feminino,42,Inhambane,Técnica,Casado,36153.49,178.4,80.9,Muito satisfeito,14/06/1982,08/05/2025,1,Não,Dados confirmados
539,Feminino,36,Tete,Licenciatura,Divorciado,40766.56,175.7,38.2,Muito satisfeito,09/06/1988,31/12/2025,0,Sim,Dados confirmados
540,Feminino,48,Cabo Delgado,Licenciatura,União de facto,34842.85,170.4,64.0,Muito satisfeito,30/06/1976,18/12/2025,3,Sim,Necessita revisão
541,Feminino,38,Cabo Delgado,Mestrado,Solteiro,19278.75,164.1,82.1,Muito satisfeito,08/02/1986,19/10/2025,2,Sim,Necessita revisão
542,X,20,Niassa,Licenciatura,Viúvo,24448.64,158.7,86.7,,15/12/2004,27/11/2025,1,Sim,Dados confirmados
543,,49,Gaza,Licenciatura,Viúvo,15465.33,163.8,65.1,Neutro,02/12/1975,01/01/2020,3,Sim,Necessita revisão
544,Feminino,24,Tete,Licenciatura,Divorciado,25244.5,165.0,73.6,Satisfeito,08/09/2000,27/01/2025,2,Sim,Dados confirmados
545,Feminino,20,Nampula,Mestrado,União de facto,14124.31,170.2,69.4,Neutro,08/02/2004,06/07/2025,0,Sim,Necessita revisão
546,Feminino,22,Tete,Licenciatura,Casado,26548.66,169.9,57.4,Muito satisfeito,06/12/2002,23/09/2025,4,Não,Contacto posterior
547,Masculino,35,Tete,Secundária,Solteiro,42568.0,169.3,84.6,Muito insatisfeito,20/09/1989,18/02/2025,1,Não,Contacto posterior
548,Masculino,47,Gaza,Secundária,União de facto,23132.71,153.9,35.0,Muito satisfeito,21/02/1977,21/08/2025,1,Sim,Entrevista concluída
549,Masculino,31,Inhambane,Licenciatura,Viúvo,29700.53,168.7,83.5,MS,09/04/1993,20/01/2025,2,Sim,Sem observações
550,Masculino,33,Maputo,Licenciatura,Casado,48665.24,158.3,91.2,Muito satisfeito,21/11/1991,28/10/2025,2,Sim,Sem observações
551,Feminino,38,Manica,Nenhuma,União de facto,24017.36,160.9,75.0,Muito satisfeito,09/07/1986,24/08/2025,1,Não,Sem observações
552,Masculino,18,Niassa,Secundária,Viúvo,21944.46,166.8,62.3,Insatisfeito,26/11/2006,22/08/2025,4,Não,Contacto posterior
553,Masculino,38,Sofala,Secundária,União de facto,16316.55,167.2,97.9,Neutro,06/11/1986,11/04/2025,2,Sim,Sem observações
554,Feminino,18,Gaza,Técnica,Divorciado,31841.32,159.8,56.2,Muito insatisfeito,04/08/2006,21/08/2025,2,Sim,Necessita revisão
555,Feminino,41,Tete,Secundária,Casado,18147.61,173.6,72.5,Muito insatisfeito,21/01/1983,25/05/2025,1,Não,Dados confirmados
556,Feminino,43,Tete,Secundária,Solteiro,9176.28,"151,3",69.4,Insatisfeito,14/09/1981,22/07/2025,1,Sim,Dados confirmados
557,Masculino,28,Sofala,Secundária,Divorciado,17536.1,159.7,67.8,Insatisfeito,09/10/1996,22/05/2025,5,Sim,Contacto posterior
558,Masculino,62,Gaza,Licenciatura,Viúvo,16119.11,160.3,57.7,Satisfeito,29/07/1962,14/04/2025,1,Não,Contacto posterior
559,Masculino,42,Cabo Delgado,Mestrado,Divorciado,37456.24,190.3,39.8,Muito insatisfeito,09/05/1982,12/09/2025,1,Sim,N/A
560,Masculino,25,Tete,Mestrado,Divorciado,11331.57,166.1,62.4,Muito satisfeito,31/08/1999,05/10/2025,0,Sim,Contacto posterior
561,Masculino,27,Manica,Primária,Viúvo,18900.74,171.3,89.4,Satisfeito,19/07/1997,30/12/2025,3,Sim,Dados confirmados
562,Masculino,44,Maputo,Secundária,Casado,31594.73,165.0,60.2,Satisfeito,22/01/1980,29/08/2025,1,Não,Sem observações
563,Masculino,18,Zambézia,Técnica,Viúvo,36186.82,169.6,67.7,Satisfeito,14/05/2006,20/02/2025,3,Não,Entrevista concluída
564,Feminino,28,Inhambane,Nenhuma,União de facto,11830.69,148.7,46.2,Insatisfeito,28/11/1996,08/08/2025,1,Não,Sem observações
565, feminino,32,Nampula,Secundária,Casado,3994.83,167.5,68.1,Neutro,04/01/1992,09/09/2025,2,Não,Sem observações
566,Feminino,27,Zambézia,Licenciatura,Viúvo,33529.9,161.7,77.5,Insatisfeito,27/07/1997,04/04/2025,5,Não,Contacto posterior
567,Feminino,31,Gaza,Técnica,Divorciado,15077.78,165.7,66.2,Neutro,21/09/1993,27/03/2025,1,Sim,Entrevista concluída
568,Masculino,34,Niassa,Licenciatura,Solteiro,4310.53,171.1,65.1,Muito insatisfeito,06/12/1990,02/17/2025,1,Sim,Contacto posterior
569,Masculino,36,Manica,Licenciatura,Casado,14663.04,163.7,52.1,Muito insatisfeito,19/04/1988,22/07/2025,3,Não,Dados confirmados
570,Feminino,18,Maputo,Nenhuma,União de facto,42682.54,160.1,64.6,Neutro,22/05/2006,18/09/2025,4,Não,Necessita revisão
571,Feminino,45,Zambézia,Mestrado,Solteiro,35500.31,157.3,73.1,Neutro,12/06/1979,30/04/2025,2,Sim,Contacto posterior
572,Feminino,21,Niassa,Licenciatura,Divorciado,36586.62,157.5,69.3,Insatisfeito,13/07/2003,06/04/2025,2,Não,Sem observações
573,Feminino,47,Zambézia,Nenhuma,Separado,9644.76,168.4,51.4,Muito satisfeito,04/01/1977,08/05/2025,1,Não,Necessita revisão
574,Masculino,23,Sofala,Secundária,Viúvo,13299.58,160.4,80.1,Satisfeito,13/01/2001,12/04/2025,1,Sim,Contacto posterior
575,Masculino,27,Inhambane,Mestrado,Divorciado,29763.17,184.7,62.7,Muito satisfeito,20/07/1997,18/03/2025,2,Sim,Contacto posterior
576,Feminino,42,Sofala,Secundária,Viúvo,17106.93,158.3,68.7,Neutro,20/05/1982,05/09/2025,2,Sim,Entrevista concluída
577,Feminino,51,Gaza,Primária,Casado,20409.72,163.1,56.3,Muito insatisfeito,21/09/1973,27/04/2025,3,Sim,Necessita revisão
578,Masculino,39,Cabo Delgado,Secundária,Divorciado,23537.6,159.1,75.4,Muito insatisfeito,16/08/1985,20/05/2025,1,Sim,Entrevista concluída
579,Masculino,26,Manica,Mestrado,União de facto,22039.69,170.6,57.0,Insatisfeito,12/07/1998,28/10/2025,0,Sim,Contacto posterior
580,Feminino,35,Gaza,Primária,União de facto,10008.96,165.2,86.5,Satisfeito,14/10/1989,01/03/2025,4,Sim,Necessita revisão
581,Feminino,44,Tete,Secundária,Divorciado,15000,164.3,53.9,Neutro,19/06/1980,20/03/2025,4,Sim,Contacto posterior
582,Feminino,29,Tete,Técnica,Solteiro,20427.06,250,52.6,Insatisfeito,06/07/1995,08/04/2025,1,Não,Contacto posterior
583,Masculino,38,Niassa,Licenciatura,Casado,12141.65,183.4,55.3,Insatisfeito,26/02/1986,26/08/2025,0,SIM,Entrevista concluída
584,Masculino,37,Inhambane,Primária,Casado ,38941.56,160.9,39.5,Insatisfeito,25/09/1987,13/01/2025,2,Não,Contacto posterior
585,Feminino,19,Inhambane,Secundária,Casado,11719.26,159.2,55.7,Muito satisfeito,12/06/2005,19/03/2025,1,Sim,Necessita revisão
586,Masculino,43,Inhambane,Licenciatura,Casado,12019.61,155.2,69.9,Muito satisfeito,03/01/1982,13/01/2025,,Não,Sem observações
587,Masculino,26,Tete,Licenciatura,Casado,11783.93,178.0,60.8,Muito satisfeito,23/01/1998,26/04/2025,0,Sim,Sem observações
588,Feminino,32,Zambézia,Secundária,União de facto,21898.71,148.0,76.4,Satisfeito,03/10/1992,20/04/2025,1,Sim,Entrevista concluída
589,Masculino,44,Maputo,Primária,Viúvo,30996.0,183.1,66.5,Satisfeito,11/11/1980,16/03/2025,3,Sim,Sem observações
590,Masculino,36,Sofala,Secundária,Casado,29756.98,169.8,79.5,Satisfeito,06/03/1988,15/10/2025,2,Não,Necessita revisão
591,Masculino,39,Inhambane,Primária,Solteiro,32726.45,154.6,98.8,Muito insatisfeito,24/07/1985,30/09/2025,5,Sim,Dados confirmados
592,Feminino,32,Nampula,Primária,Solteiro,57424.31,162.6,62.0,Muito satisfeito,27/12/1992,10/05/2025,0,Não,Dados confirmados
593,Feminino,38,Tete,Primária,União de facto,4638.73,181.2,80.0,Insatisfeito,26/05/1986,29/07/2025,2,Não,Necessita revisão
594,Masculino,30,Maputo,Técnica,Casado,28747.35,187.5,91.1,Muito insatisfeito,30/08/1994,18/08/2025,2,Sim,Dados confirmados
595,Feminino,41,Manica,Nenhuma,Divorciado,8215.69,173.6,59.6,Satisfeito,19/07/1983,23/08/2025,1,Sim,Dados confirmados
596,Masculino,-3,Niassa,Mestrado,Divorciado,9162.67,151.5,78.6 kg,Muito satisfeito,31/03/1979,17/10/2025,2,Não,Sem observações
597,Feminino,41,Niassa,Licenciatura,Viúvo,35639.01,173.6,57.8,Insatisfeito,06/04/1983,05/10/2025,5,Sim,Contacto posterior
598,Masculino,26,Inhambane,Secundária,Divorciado,4240.81,162.0,65.7,Insatisfeito,01/04/1998,13/10/2025,1,Sim,Entrevista concluída
599,Masculino,31,Sofala,Licenciatura,União de facto,17860.11,157.2,78.0,Muito insatisfeito,28/12/1993,24/07/2025,2,Sim,Necessita revisão
600,Feminino,40,Zambézia,Licenciatura,União de facto,22804.78,156.9,63.8,Insatisfeito,16/03/1984,01/09/2025,1,Sim,Dados confirmados
601,Feminino,41,Zambézia,Secundária,Divorciado,8526.24,163.9,67.3,Muito insatisfeito,22/03/1983,10/05/2025,1,Sim,Sem observações
602,Masculino,26,Sofala,Licenciatura,Divorciado,15265.17,170.8,62.8,Satisfeito,27/04/1998,05/01/2025,2,Não,SEM OBSERVAÇÕES
603,Masculino,46,Zambézia,Primária ,União de facto,15486.87,133.6,67.0,Muito satisfeito,10/03/1978,07/03/2025,3,Sim,Sem observações
604,Masculino,39,Manica,Licenciatura,Viúvo,24109.82,165.2,91.1,Neutro,15/01/1985,24/12/2025,3,Não,Dados confirmados
605,Feminino,37,Inhambane,Secundária,Solteiro,5931.94,151.4,52.6,Satisfeito,12/05/1987,07/07/2025,1,Sim,Necessita revisão
606,Feminino,46,Gaza,Primária,Divorciado,22966.15,175.4,61.4,Muito insatisfeito,24/06/1978,01/07/2025,99,Sim,Sem observações
607,Feminino,34,Nampula,Técnica,Viúvo,15727.17,166.8,56.2,Neutro,27/05/1990,12/05/2025,2,Não,Sem observações
608,Masculino,31,Manica,Secundária,Divorciado,21034.95,170.5,71.8,Muito satisfeito,11/01/1993,18/04/2025,1,Sim,Entrevista concluída
609,Masculino,49,Zambézia,Primária,União de facto,22598.09,176.4,53.4,Satisfeito,14/05/1975,15/07/2025,2,Sim,Sem observações
610,Feminino,40,Niassa,Técnica,Viúvo,27874.15,147.2,48.1,satisfeito ,18/11/1984,12/04/2025,1,Não,Dados confirmados
611,Masculino,42,Maputo ,Primária,União de facto,7529.08,163.9,66.5,Satisfeito,28/12/1982,17/03/2025,2,Não,Entrevista concluída
612,Feminino,23,Zambézia,Mestrado,Divorciado,15349.74,163.1,35.0,Muito insatisfeito,13/02/2001,18/10/2025,1,Não,Entrevista concluída
613,Feminino,33,Maputo,Secundária,União de facto,11436.31,169.6,50.3,Insatisfeito,25/05/1991,21/10/2025,2,Não,Sem observações
614,Masculino,46,Inhambane,Licenciatura,,64758.65,171.9,84.6,Muito satisfeito,07/09/1978,13/07/2025,3,Não,Dados confirmados
615,Masculino,37,Nampula,Secundária,Solteiro,10257.15,148.5,52.3,Satisfeito,10/06/1987,31/01/2025,3,Sim,Sem observações
616,Feminino,34,Tete,Licenciatura,Solteiro,28685.16,174.5,65.3,Muito satisfeito,01/04/1990,21/05/2025,2,Sim,Entrevista concluída
617,Feminino,22,Inhambane,Técnica,União de facto,15625.45,169.0,50.8,Insatisfeito,22/07/2002,25/07/2025,0,Não,Necessita revisão
618,Masculino,19,Zambézia,Licenciatura,União de facto,24549.12,159.0,82.4,Neutro,05/04/2005,17/11/2025,2,Não,Sem observações
619,Feminino,45,Zambézia,Primária,Casado,27549.79,161.1,80.8,Muito satisfeito,11/02/1979,13/03/2025,3,Não,Contacto posterior
620,Masculino,63,Cabo Delgado,Licenciatura,Solteiro,7751.79,183.0,51.6,Satisfeito,12/03/1961,04/01/2025,2,Não,Dados confirmados
621,Masculino,46,Niassa,Secundária,Solteiro,26483.34,167.6,94.8,Muito insatisfeito,25/03/1978,22/01/2025,2,Sim,Necessita revisão
622,Feminino,29,Gaza,Licenciatura,Viúvo,7883.45,164.5,69.8,Insatisfeito,08/10/1995,12/04/2025,1,Sim,Sem observações
623,Masculino,48,Nampula,Licenciatura,União de facto,10836.87,153.7,72.8,Muito satisfeito,1976-05-13,08/08/2025,1,Sim,Necessita revisão
624,Feminino,35,Zambézia,Secundária,Viúvo,12788.9,159.7,58.4,Insatisfeito,05/06/1989,28/03/2025,0,Sim,Dados confirmados
625,Masculino,31,Niassa,Primária,Casado,65167.16,176.4,52.7,Muito satisfeito,04/01/1993,10/11/2025,1,Não,Sem observações
626,Masculino,20,Zambézia,Técnica,Viúvo,30485.19,168.6,81.0,Neutro,30/07/2004,15/08/2025,2,Não,Dados confirmados
627,Feminino,44,Cabo Delgado,Nenhuma,Viúvo,9767.65,165.5,68.8,Muito satisfeito,04/08/1980,16/05/2025,1,Não,Entrevista concluída
628,Feminino,42,Inhambane,Desconhecido,Casado,43526.84,165.6,56.2,Satisfeito,03/04/1982,24/03/2025,0,Não,Sem observações
629,Masculino,23,Niassa,Licenciatura,Casado,26784.25,177.0,81.9,Muito satisfeito,29/04/2001,08/07/2025,2,Não,Dados confirmados
630,Feminino,18,Maputo,Mestrado,Divorciado,28557.69,173.1,96.3,Insatisfeito,06/04/2006,28/03/2025,1,Sim,Sem observações
631,Feminino,40,Nampula,Secundária,Casado,31915.57,163.0,55.1,Muito insatisfeito,03/08/1984,12/06/2025,2,Sim,Dados confirmados
632,Feminino,46,Tete,Primária,Divorciado,14397.26,164.5,67.9,Insatisfeito,31/03/1978,05/11/2025,1,Sim,Contacto posterior
633,Feminino,41,,Licenciatura,Solteiro,23544.21,164.8,69.7,Muito satisfeito,31/02/1990,12/01/2025,4,Não,Sem observações
634,Masculino,38,Inhambane,Secundária,União de facto,999999,163.7,77.3,Muito insatisfeito,05/04/1986,26/10/2025,4,Sim,Necessita revisão
635,Feminino,18,Manica,Secundária,União de facto,55981.98,172.8,77.2,Muito satisfeito,04/05/2006,18/04/2025,2,Sim,erro
636,Feminino,20,Gaza,Secundária,Viúvo,19679.86,164.0,80.5,Muito insatisfeito,19/04/2004,07/05/2025,2,yes,Entrevista concluída
637,Feminino,31,Nampula,Técnica,Divorciado,27404.95,167.1,66.0,Muito insatisfeito,29/06/1993,16/01/2025,1,Sim,Dados confirmados
638,Masculino,39,Tete,Técnica,Divorciado,9618.15,170.4,84.2,Insatisfeito,15/10/1985,01/12/2025,1,Não,Dados confirmados
639,Masculino,40,Maputo,Primária,Viúvo,13101.72,160.6,66.2,Neutro,22/09/1984,10/30/2025,1,Sim,Necessita revisão
640,Masculino,29,Sofala,Licenciatura,Casado,7170.45,160.8,72.3,Satisfeito,06/03/1995,06/05/2025,2,Não,Sem observações
641,Feminino,24,Gaza,Mestrado,Casado,12631.92,152.5,42.0,Insatisfeito,12/07/2000,21/01/2025,1,Não,Necessita revisão
642,Feminino,58,Zambézia,Licenciatura,Viúvo,6778.29,151.7,-20,Insatisfeito,24/01/1966,30/08/2025,7,Sim,Dados confirmados
643,Feminino,28,Inhambane,Primária,Solteiro,8378.23,173.1,63.3,Muito insatisfeito,11/08/1996,05/11/2025,3,Sim,Sem observações
644,Feminino,26,Maputo,Primária,Solteiro,42701.25,179.2,87.6,Muito insatisfeito,18/06/1998,23/02/2025,2,Não,Contacto posterior
645,Masculino,52,Manica,Primária,Divorciado,12758.62,169.2,77.3,Muito satisfeito,24/01/1972,20/01/2025,2,Sim,N/A
646,Feminino,32,Manica,Licenciatura,Solteiro,81101.05,152.9,47.5,Muito satisfeito,06/01/1992,01/02/2025,3,Sim,Entrevista concluída
647,Masculino,25,Manica,Secundária,Casado,25176.63,173.0,60.0,Satisfeito,28/05/1999,23/02/2025,0,Sim,Dados confirmados
648,Masculino,19,Inhambane,Secundária,Solteiro,10177.08,172.7,44.8,Satisfeito,07/09/2005,11/08/2025,2,Sim,Dados confirmados
649,Feminino,19,Sofala,Secundária,Solteiro,19943.45,159.6,60.4,Insatisfeito,19/02/2005,16/03/2025,6,Não,Necessita revisão
650,Feminino,31,Sofala,Primária,Solteiro,15883.54,153.2,51.9,Neutro,28/03/1993,25/01/2025,1,Não,Entrevista concluída
651,Masculino,51,Cabo Delgado,Primária,Viúvo,45546.08,179.2,41.1,Satisfeito,11/04/1973,13/08/2025,3,Sim,Contacto posterior
652,Masculino,20,Niassa,Técnica,Viúvo,45344.11,155.9,71.5,Insatisfeito,01/07/2004,14/06/2025,2,Não,Contacto posterior
653,Masculino,36,Zambézia,Técnica,Divorciado,24761.28,167.3,55.3,Muito insatisfeito,23/11/1988,10/04/2025,3,Não,Dados confirmados
654,Feminino,54,Cabo Delgado,Secundária,Casado,25322.13,164.1,106.8,Muito satisfeito,26/06/1970,30/03/2025,1,Não,Dados confirmados
655,Feminino,34,Niassa,Licenciatura,Viúvo,0,159.6,95.4,Muito insatisfeito,18/02/1990,04/02/2025,3,Sim,Dados confirmados
656,Feminino,43,Zambézia,Secundária,União de facto,35008.46,177.4,85.4,Muito insatisfeito,22/03/1981,19/06/2025,3,Sim,Necessita revisão
657,Masculino,33,Manica,Licenciatura,União-de-facto,20266.38,169.5,55.3,Muito insatisfeito,23/01/1991,03/05/2025,0,Sim,Sem observações
658,Feminino,48,Manica,Primária,União de facto,29801.87,162.0,75.3,Muito satisfeito,04/02/1976,14/05/2025,1,Sim,Necessita revisão
659,Masculino,45,Zambézia,Licenciatura,União de facto,24876.85,162.7,80.8,Muito satisfeito,18/11/1979,28/08/2025,3,Sim,Contacto posterior
660,Feminino,45,Gaza,Nenhuma,Divorciado,34390.97,181.6,72.4,Muito insatisfeito,22/05/1979,11/03/2025,1,Sim,Necessita revisão
661,Masculino,22,Niassa,Secundária,União de facto,14679.39,161.5,61.6,Muito insatisfeito,21/12/2002,20/10/2025,2,Sim,Dados confirmados
662,Feminino,50,Niassa,Licenciatura,União de facto,9866.14,146.9,37.1,Insatisfeito,11/08/1974,04/08/2025,3,Não,Contacto posterior
663,Masculino,18,Maputo,Mestrado,Viúvo,34404.77,147.9,64.2,Insatisfeito,09/06/2006,06/06/2025,1,Não,Contacto posterior
664,Feminino,33,Inhambane,Primária,Solteiro,"15,000",173.9,74.9,Muito insatisfeito,20/02/1991,15/10/2025,0,Não,Dados confirmados
665,Masculino,30,Inhambane,Primária,Casado,13209.12,159.6,69.8,Insatisfeito,22/11/1994,23/09/2025,0,Sim,Sem observações
666,Masculino,45,Niassa,Licenciatura,Divorciado,24004.66,177.2,76.7,Neutro,16/09/1979,21/03/2025,1,Não,Entrevista concluída
667,Masculino,53,Nampula,Primária,Casado,17737.42,175.6,59.1,Neutro,19/03/1971,08/05/2025,2,Não,Sem observações
668,Feminino,18,Gaza,Licenciatura,Viúvo,8903.42,164.6,61.0,Satisfeito,27/08/2006,31/07/2025,3,Sim,Necessita revisão
669,Feminino,34,Nampula,Licenciatura,Viúvo,5950.25,163.0,61.1,Satisfeito,03/04/1990,,2,Não,Necessita revisão
670,Masculino,50,Maputo,secundaria,União de facto,6082.66,180.4,67.5,Muito insatisfeito,16/10/1974,18/05/2025,0,Não,Entrevista concluída
671,Feminino,18,Inhambane,Primária,Solteiro,17044.74,164.5,46.6,Muito Satisfeito,29/11/2006,08/12/2025,4,Sim,Contacto posterior
672,Feminino,37,Gaza,Licenciatura,Viúvo,15718.08,153.7,71.2,Muito insatisfeito,02/01/1988,25/08/2025,1,Não,Necessita revisão
673,Masculino,59,Tete,Primária,Divorciado,18159.02,174.7,61.0,Satisfeito,17/06/1965,04/02/2025,3,Não,Dados confirmados
674,Feminino,37,Manica,Licenciatura,Viúvo,34962.35,167.5,63.7,Muito insatisfeito,17/12/1987,20/02/2025,4,Sim,Dados confirmados
675,Masculino,25,Sofala,Licenciatura,Divorciado,39087.8,167.7,60.0,Satisfeito,02/07/1999,08/01/2025,0,Sim,Dados confirmados
676,Feminino,35,Nampula,Nenhuma,Solteiro,7559.74,148.0,76.7,Satisfeito,12/04/1989,19/04/2025,2,Sim,Entrevista concluída
677,Feminino,38,Tete,Técnica,Viúvo,41198.29,165.4,56.3,Muito satisfeito,28/01/1986,11/05/2025,2,Não,Dados confirmados
678,F,23,Tete,Secundária,Casado,53877.55,157.7,63.6,Satisfeito,24/08/2001,26/10/2025,1,Sim,Necessita revisão
679,Masculino,61,Cabo Delgado,Nenhuma,Divorciado,8967.91,250,116.2,Neutro,04/03/1963,18/09/2025,4,Não,Contacto posterior
680,Masculino,56,Cabo Delgado,Secundária,União de facto,8944.62,171.2,80.1,Insatisfeito,19/08/1968,27/08/2025,1,Não,Entrevista concluída
681,Feminino,18,Maputo,Primária,Solteiro,7985.96,177.2,80.7,Muito insatisfeito,12/09/2006,11/12/2025,1,Não,Contacto posterior
682,Masculino,26,Inhambane,Primária,Viúvo,10454.67,174.8,89.0,Neutro,03/02/1998,05/11/2025,0,Não,Contacto posterior
683,Masculino,43,Cabo Delgado,Secundária,Divorciado,9467.1,159.8,79.2,Muito satisfeito,19/09/1981,22/07/2025,3,Não,Necessita revisão
684,Feminino,36,Tete,Secundária,União de facto,53478.04,188.3,75.9,Satisfeito,10/03/1988,29/06/2025,1,Não,Necessita revisão
685,Masculino,55,Zambézia,Licenciatura,Solteiro,30199.86,163.6,69.8,Satisfeito,13/06/1969,30/12/2025,2,Não,Necessita revisão
686,Feminino,42,Manica,Secundária,Casado,53144.35,171.5,86.6,Insatisfeito,15/09/1982,18/04/2025,1,Sim,Dados confirmados
687,Feminino,,Zambézia,Secundária,Casado,15953.5,175.4,35.0,Satisfeito,04/08/1985,07/05/2025,3,Não,Dados confirmados
688,Masculino,18,Tete,Secundária,Casado,5860.9,151.4,75.1,Insatisfeito,10/05/2006,14/07/2025,2,Não,sem observacao
689,Feminino,30,Inhambane,Secundária,Casado,55990.65,144.4,71.6,Insatisfeito,25/07/1994,07/10/2025,2,yes,Entrevista concluída
690,Feminino,33,Manica,Licenciatura,Casado,26201.53,167.7,79.6,Insatisfeito,12/05/1991,08/01/2025,2,Não,Sem observações
691,Masculino,23,Manica,Licenciatura,Viúvo,19692.53,155.4,61.0,Satisfeito,02/03/2001,23/02/2025,3,Não,Dados confirmados
692,Masculino,23,Nampula,Licenciatura,Solteiro,,164.5,75.7,6,15/10/2001,26/11/2025,5,Sim,Sem observações
693,Masculino,22,Niassa,Primária,União de facto,11248.95,162.2,54.7,Muito insatisfeito,02/05/2002,21/11/2025,1,Sim,Entrevista concluída
694,Feminino,49,Maputo,Mestrado,Solteiro,24192.08,144.6,74.5,Satisfeito,24/12/1975,13/06/2025,0,Sim,Necessita revisão
695,Feminino,46,Gaza,Nenhuma,União de facto,22525.99,"159,9",48.8,Satisfeito,04/02/1978,05/06/2025,1,Sim,Contacto posterior
696,Masculino,37,Maputo,Licenciatura,União de facto,7944.66,168.1,55.9,Muito insatisfeito,20/01/1987,26/08/2025,2,Sim,Contacto posterior
697,Feminino,24,Nampula,Nenhuma,União de facto,51948.98,162.4,70.8,Satisfeito,08/10/2000,26/02/2025,1,Não,Dados confirmados
698,Feminino,28,Inhambane,Secundária,Casado,31951.09,162.6,48.8,Neutro,13/06/1996,20/03/2025,2,Sim,Entrevista concluída
699,Masculino,42,Gaza,Secundária,Viúvo,17378.39,,66.4,Insatisfeito,25/12/1982,11/06/2025,3,Não,Contacto posterior
700,Feminino,33,Sofala,Técnica,Divorciado,6530.64,168.8,70.9,Neutro,11/07/1991,24/11/2025,0,Não,Contacto posterior
701,Feminino,22,Nampula,Primária,Divorciado,13217.24,155.8,82.5,Muito insatisfeito,01/11/2002,13/11/2025,4,Sim,Sem observações
702,Masculino,43,Maputo,Técnica,União de facto,19532.52,178.1,57.0,Satisfeito,08/08/1981,19/04/2025,0,Sim,Contacto posterior
703,Masculino,27,Niassa,Primária,Casado,21608.49,163.9,68.0,Muito insatisfeito,23/04/1997,14/12/2025,1,Sim,Necessita revisão
704,Masculino,18,Tete,Técnica,Solteiro,37593.58,163.0,67.9,Insatisfeito,29/10/2006,15/03/2025,4,Não,Sem observações
705,Feminino,28,Inhambane,Secundária,Solteiro,23677.36,162.5,82.9,Neutro,27/05/1996,18/09/2025,1,Não,Entrevista concluída
706,Masculino,39,Tete,Licenciatura,Divorciado,11197.86,155.3,50.9,Insatisfeito,02/12/1985,13/04/2025,3,Não,Entrevista concluída
707,Masculino,38,Zambézia,Técnica,Viúvo,62343.82,163.9,76.2,Neutro,23/07/1986,02/10/2025,20,Sim,Necessita revisão
708,Feminino,23,Zambézia,Primária,União de facto,15929.72,151.6,45.5,Insatisfeito,18/03/2001,05/05/2025,2,Sim,Necessita revisão
709,Masculino,36,Nampula,Licenciatura,Viúvo,9993.86,164.2,62.8,Insatisfeito,14/07/1988,22/10/2025,1,Não,Contacto posterior
710,Masculino,56,Nampula,Mestrado,Casado,4225.99,167.8,72.3,Insatisfeito,07/10/1968,07/07/2025,0,Não,Sem observações
711,Feminino,28,Tete,Secundária,Solteiro,16209.31,170.6,65.7,Insatisfeito,05/01/1996,23/03/2025,0,Não,Dados confirmados
712,Masculino,30,Inhambane,Licenciatura,Casado,21121.65,166.3,59.5,Muito satisfeito,1994-05-31,15/12/2025,1,Não,Sem observações
713,Feminino,29,Tete,Primária,Solteiro,33669.21,153.5,72.8,Muito insatisfeito,24/08/1995,01/12/2025,4,Não,Dados confirmados
714,Feminino,47,Nampula,Mestrado,Divorciado,52365.56,173.6,64.2,Muito insatisfeito,28/08/1977,17/05/2025,3,Não,Necessita revisão
715,Masculino,18,Maputo,Mestrado,Viúvo,18555.35,166.2,66.9,Muito insatisfeito,19/05/2006,30/05/2025,1,Não,Entrevista concluída
716,Feminino,27,Inhambane,Licenciatura,Casado,18252.46,153.8,52.7,Muito satisfeito,07/10/1997,08/04/2025,3,Unknown,Entrevista concluída
717,Masculino,38,Tete,Licenciatura,Casado,46507.36,150.8,48.3,Muito satisfeito,19/03/1986,27/02/2025,3,Não,Contacto posterior
718,Masculino,30,Maputo,Mestrado,Solteiro,3632.11,163.8,54.7,Muito satisfeito,01/01/1995,21/05/2025,0,Sim,Entrevista concluída
719,Masculino,31,Maputo,Licenciatura,União de facto,14344.44,166.9,67.7,Satisfeito,29/06/1993,08/09/2025,2,Sim,Contacto posterior
720,Masculino,40,Zambézia,Licenciatura,Solteiro,37451.09,143.3,78.9,Muito insatisfeito,14/08/1984,24/10/2025,2,Sim,Entrevista concluída
721,Feminino,37,Inhambane,Secundária,União de facto,35957.64,161.3,64.8,Insatisfeito,17/03/1987,26/11/2025,2,Não,Necessita revisão
722,Masculino,34,Cabo Delgado,Licenciatura,Casado,22343.47,176.6,59.0,Satisfeito,20/05/1990,28/12/2025,3,Sim,Necessita revisão
723,Feminino,51,Tete,Primária,Solteiro,9963.16,164.9,57.0,Muito satisfeito,31/12/1973,15/06/2025,3,,Necessita revisão
724,,35,Inhambane,Nenhuma,União de facto,4306.79,159.2,65.4,Neutro,31/01/1989,01/01/2027,4,Não,Dados confirmados
725,Feminino,36,Inhambane,Secundária,União de facto,22919.21,154.8,82.5,Neutro,18/10/1988,18/09/2025,4,Sim,Dados confirmados
726,Masculino,18,Manica,Secundária,Casado,32048.67,159.2,59.6,Satisfeito,02/10/2006,03/07/2025,2,Sim,Contacto posterior
727,Feminino,29,Cabo Delgado,Secundária,Divorciado,30990.41,178.7,78.5,Satisfeito,29/08/1995,31/10/2025,1,Sim,Necessita revisão
728,Masculino,22,Inhambane,Secundária,Casado,19221.65,180.2,72.2,Muito insatisfeito,10/05/2002,13/09/2025,0,Não,Entrevista concluída
729,Masculino,18,Nampula,Técnica,Casado,18263.48,152.1,64.6,Muito satisfeito,27/05/2006,08/11/2025,1,Sim,Contacto posterior
730,Feminino,18,Gaza,Licenciatura,Casado ,8923.14,155.1,77.8,Insatisfeito,15/04/2006,08/11/2025,4,Não,Sem observações
731,Masculino,18,Niassa,Licenciatura,Divorciado,21369.91,165.6,47.4,Muito insatisfeito,18/06/2006,25/04/2025,0,Sim,Sem obs.
732,Masculino,35,Zambézia,Secundária,Divorciado,18550.8,162.7,67.1,SATISFEITO,16/02/1989,20/05/2025,1,Não,Dados confirmados
733,Feminino,37,Nampula,Secundária,Viúvo,8146.74,166.1,71.1,Neutro,21/06/1987,18/05/2025,2,Sim,Necessita revisão
734,Feminino,54,Cabo Delgado,Mestrado,Divorciado,28998.23,140.8,61.2,Insatisfeito,31/08/1970,31/12/2025,1,Não,Entrevista concluída
735,Masculino,32,Sofala,Secundária,Solteiro,42159.79,179.7,78.0,Insatisfeito,08/09/1992,12/02/2025,0,Sim,Entrevista concluída
736,Masculino,37,Inhambane,Técnica,Viúvo,9953.41,184.4,59.5,Muito insatisfeito,16/08/1987,25/09/2025,6,Sim,Sem observações
737,Masculino,47,Nampula,primaria,Viúvo,81452.66,152.6,73.4,Muito satisfeito,05/10/1977,18/07/2025,3,Sim,Entrevista concluída
738,Masculino,32,Inhambane,Secundária,Solteiro,15849.73,164.0,87.5,Muito satisfeito,29/11/1992,10/02/2025,3,Não,Necessita revisão
739,Feminino,18,Inhambane,Secundária,Viúvo,14848.3,166.8,66.7,Insatisfeito,06/11/2006,04/01/2025,1,Não,Necessita revisão
740,Feminino,49,Inhambane,Primária,Casado,68917.65,168.6,68.3,Muito insatisfeito,12/05/1975,15/04/2025,2,Não,Dados confirmados
741,Masculino,40,Sofala,Secundária,Divorciado,69365.8,188.7,77.5,Satisfeito,23/11/1984,02/05/2025,4,Não,Sem observações
742,Masculino,29,Manica,Secundária,Divorciado,36436.99,166.2,57.2,Neutro,15/07/1995,04/05/2025,2,S,Contacto posterior
743,Masculino,45,Tete,Secundária,União de facto,6137.75,192.0,58.7,Insatisfeito,04/08/1979,14/11/2025,1,Não,Contacto posterior
744,Masculino,36,Zambézia,Licenciatura,União de facto,65981.67,168.0,38.8,Neutro,22/02/1988,02/03/2025,2,Não,Necessita revisão
745,Masculino,120,Niassa,Secundária,União de facto,19468.73,158.0,82.1 kg,Insatisfeito,21/05/2006,06/02/2025,3,Não,Necessita revisão
746,Feminino,47,Gaza,Licenciatura,União de facto,13424.72,155.2,74.0,Insatisfeito,13/06/1977,04/06/2025,1,Não,Contacto posterior
747,Feminino,33,Cabo Delgado,Secundária,União de facto,15.000,163.6,77.1,Muito satisfeito,31/07/1991,09/09/2025,1,Sim,Contacto posterior
748,Feminino,27,Cabo Delgado,Secundária,Viúvo,53123.98,160.6,50.6,Insatisfeito,04/11/1997,10/02/2025,0,Não,Sem observações
749,Masculino,48,Gaza,Secundária,União de facto,10093.16,167.9,250,Satisfeito,01/03/1976,06/06/2025,3,Sim,Entrevista concluída
750,Masculino,47,Cabo Delgado,Licenciatura,União de facto,8596.98,156.5,77.2,Muito satisfeito,29/06/1977,11/02/2025,4,Não,Sem observações
751,Masculino,37,Cabo Delgado,Primária,Solteiro,6968.75,148.7,61.1,Muito insatisfeito,26/09/1987,28/03/2025,3,Não,Sem observações
752,Feminino,36,Tete,Primária,Casado,18775.37,162.6,72.7,Satisfeito,31/12/1988,26/12/2025,3,Sim,Dados confirmados
753,Masculino,42,Sofala,Técnica,Casado,37422.2,176.9,,Satisfeito,31/10/1982,09/12/2025,4,Não,Contacto posterior
754,Masculino,41,Cabo Delgado,Licenciatura,Solteiro,14411.82,141.1,60.1,Neutro,29/11/1983,14/08/2025,3,Não,Necessita revisão
755,Feminino,36,Sofala,Primária,Divorciado,21559.52,163.2,72.5,Muito satisfeito,31/05/1988,25/06/2025,3,Não,Contacto posterior
756,Feminino,40,Sofala,Secundária,Divorciado,4195.27,158.3,68.5,Muito satisfeito,10/05/1984,05/05/2025,3,Não,Contacto posterior
757,Feminino,34,Maputo,Secundária,União de facto,26468.58,161.6,64.8,Satisfeito,22/01/1990,20/07/2025,1,Sim,Entrevista concluída
758,Feminino,20,Cabo Delgado,Mestrado,Divorciado,24373.65,148.4,81.2,Muito insatisfeito,19/08/2004,15/05/2025,2,Sim,Entrevista concluída
759,Feminino,25,Nampula,Secundária,União de facto,9446.99,165.2,84.3,Insatisfeito,19/04/1999,08/10/2025,3,Não,Entrevista concluída
760,Masculino,46,Nampula,Licenciatura,Solteiro,24712.5,158.2,74.1,Muito satisfeito,15/05/1978,25/02/2025,2,Sim,Dados confirmados
761,Masculino,43,Manica,Secundária,Casado,20867.99,185.3,35.0,Satisfeito,30/09/1981,21/09/2025,2,Sim,Dados confirmados
762,Masculino,48,Manica,Licenciatura,Solteiro,28223.93,172.8,64.2,Muito satisfeito,19/04/1976,26/02/2025,2,Não,???
763,Feminino,40,Zambézia,Licenciatura,Viúvo,8971.27,152.3,73.1,Muito satisfeito,03/04/1984,03/11/2025,3,Sim,Entrevista concluída
764,Masculino,22,Nampula,Secundária,Separado,42747.04,151.9,49.5,Insatisfeito,20/11/2002,27/02/2025,0,Não,Entrevista concluída
765,Masculino,60,Niassa,Primária,Divorciado,21006.07,153.3,57.2,Muito satisfeito,23/06/1964,07/05/2025,2,Não,Contacto posterior
766,Masculino,44,Niassa,Nenhuma,Viúvo,63587.49,160.9,83.3,Neutro,27/12/1980,31/07/2025,2,Não,Necessita revisão
767,Feminino,30,Cabo Delgado,Primária,Viúvo,20425.85,165.3,46.5,Insatisfeito,07/05/1994,06/04/2025,2,Não,Contacto posterior
768,Masculino,38,Nampula,Secundária,Casado,23931.44,155.7,60.5,Satisfeito,02/04/1986,14/10/2025,1,Sim,Necessita revisão
769,Masculino,47,Gaza,Licenciatura,Casado,24533.84,163.1,74.9,Insatisfeito,06/02/1977,21/12/2025,1,Sim,Contacto posterior
770,Masculino,37,Maputo,Nenhuma,Divorciado,35706.64,152.1,61.6,Insatisfeito,27/02/1987,29/06/2025,0,Sim,Dados confirmados
771,Feminino,40,Sofala,Primária,Casado,13792.78,159.7,74.5,Satisfeito,02/01/1985,01/08/2025,2,Não,Empregado em tempo inteiro
772,Masculino,18,Gaza,Técnica,Solteiro,5969.45,147.7,62.8,Muito satisfeito,04/03/2006,04/04/2025,1,Não,Contacto posterior
773,Feminino,30,Manica,Secundária,União de facto,8886.58,157.8,53.2,Satisfeito,12/12/1994,03/03/2025,2,Não,Dados confirmados
774,Masculino,35,Gaza,Secundária,União de facto,26335.2,172.8,84.6,Muito insatisfeito,31/08/1989,14/01/2025,1,Sim,N/A
775,Feminino,46,Gaza,Mestrado,Viúvo,24935.07,145.8,93.4,Neutro,10/02/1978,07/03/2025,4,Não,Contacto posterior
776,Masculino,31,Maputo,Primária,Viúvo,12966.07,250,66.6,Muito satisfeito,04/04/1993,31/01/2025,1,Não,Contacto posterior
777,Masculino,28,Maputo,Licenciatura,Casado,64201.77,152.7,72.7,Muito satisfeito,03/02/1996,06/01/2025,1,Sim,Sem observações
778,Feminino,30,Quelimane,Primária,União de facto,63174.49,152.0,60.0,Muito satisfeito,02/04/1994,20/12/2025,4,Sim,Entrevista concluída
779,Feminino,29,Inhambane,Secundária,Solteiro,14409.64,158.6,68.3,Insatisfeito,18/12/1995,03/09/2025,2,Não,Dados confirmados
780,Masculino,33,Inhambane,Secundária,Casado,12803.21,173.4,65.9,Satisfeito,27/04/1991,22/01/2025,2,Não,Contacto posterior
781,Masculino,23,Zambézia,Licenciatura,Viúvo,31120.55,152.7,63.5,Satisfeito,13/03/2001,09/06/2025,4,Não,Necessita revisão
782,Masculino,18,Niassa,Mestrado,Solteiro,45840.75,166.7,68.7,Muito insatisfeito,30/01/2006,11/12/2025,3,Sim,Sem observações
783,Feminino,23,Tete,Mestrado,Viúvo,449186.25,168.1,64.9,Neutro,08/03/2001,30/07/2025,1,Não,Sem observações
784,Masculino,30,Nampula,Primária,União de facto,24219.58,175.1,80.8,Neutro,03/03/1994,09/07/2025,4,Sim,Dados confirmados
785,Masculino,25,Tete,Desconhecido,União de facto,5700.23,164.2,78.4,Muito insatisfeito,12/05/1999,11/05/2025,0,Sim,Necessita revisão
786,Feminino,22,Niassa,Primária,Casado,0,148.8,77.2,Insatisfeito,11/05/2002,03/09/2025,1,Não,Dados confirmados
787,Masculino,36,Zambézia,Primária,Casado,29897.14,163.6,57.7,Muito satisfeito,01/12/1988,15/09/2025,6,Sim,Dados confirmados
788,Masculino,34,Cabo Delgado,Licenciatura,Casado,4175.66,176.8,63.7,Insatisfeito,29/01/1990,31/03/2025,1,Sim,Entrevista concluída
789,Masculino,35,Inhambane,,Solteiro,24681.29,183.7,62.9,Muito insatisfeito,12/02/1989,12/06/2025,2,Sim,Sem observações
790,Masculino,28,Niassa,Secundária,Viúvo,8075.57,166.6,63.3,Muito satisfeito,01/10/1996,10/03/2025,1,Sim,Contacto posterior
791,Masculino ,51,Zambézia,Primária,União de facto,44537.07,162.5,63.1,Muito satisfeito,14/07/1973,07/01/2025,4,Não,Entrevista concluída
792,Masculino,28,Nampula,Licenciatura,Viúvo,31770.35,155.2,72.5,Muito satisfeito,22/10/1996,08/07/2025,0,Não,Sem observações
793,Masculino,47,Nampula,Licenciatura,União de facto,41028.3,160.7,57.3,muito satisfeito,09/11/1977,22/12/2025,4,Não,Sem observações
ID-794,Masculino,27,Maputo,Técnica,Divorciado,16213.75,161.0,77.6,Muito satisfeito,27/06/1997,07/08/2025,2,Sim,Entrevista concluída
795,Feminino,33,Niassa,Secundária,Solteiro,11905.16,171.9,62.2,Muito satisfeito,28/12/1991,19/12/2025,1,yes,Sem observações
796,Feminino,34,Nampula,Primária,Solteiro,19173.21,169.9,67.4,Neutro,20/12/1990,26/03/2025,0,Sim,Contacto posterior
797,Feminino,32,Gaza,Primária,Viúvo,13392.8,145.1,51.3,Insatisfeito,14/07/1992,12/03/2025,2,Sim,Dados confirmados
798,Masculino,48,Maputo,Licenciatura,Solteiro,25020.33,160.8,65.2,Insatisfeito,01/02/1976,06/02/2025,2,Sim,Sem observações
799,Masculino,18,Nampula,Primária,União de facto,15963.52,167.1,88.1,Insatisfeito,13/04/2006,10/02/2025,2,Não,Dados confirmados
800,Feminino,43,Gaza,Secundária,Casado,29820.92,170.6,71.1,Muito insatisfeito,26/11/1981,12/08/2025,1,Não,Sem observações
801,Feminino,29,Cabo Delgado,Mestrado,Divorciado,6213.18,175.4,62.0,Muito satisfeito,1995-02-23,17/11/2025,1,Sim,Sem observações
802,Masculino,27,Maputo,Licenciatura,Casado,9369.08,164.2,56.7,Muito insatisfeito,15-08-1987,23/10/2025,2,Não,Sem observações
803,Feminino,31,Manica,Secundária,solteiro,9123.99,162.6,52.0,Muito insatisfeito,28/03/1993,02/09/2025,2,Não,Entrevista concluída
804,Masculino,21,Cabo Delgado,secundaria,União de facto,10274.49,177.6,53.1,Insatisfeito,14/02/2003,29/08/2025,1,Não,Sem observações
805,Feminino,18,Cabo Delgado,Secundária,União de facto,16669.3,174.7,73.3,Neutro,18/06/2006,09/03/2025,1,Sim,Contacto posterior
806,Feminino,41,Tete,Secundária,Casado,9745.33,170.6,67.8,Neutro,01/02/1983,16/03/2025,3,Não,Entrevista concluída
807,Feminino,35,Zambézia,Licenciatura,União de facto,17818.64,153.9,83.0,Muito insatisfeito,06/08/1989,08/10/2025,2,Não,Sem observações
808,Feminino,55,Niassa,Secundária,União de facto,26282.19,160.9,93.7,Muito insatisfeito,29/07/1969,15/03/2025,20,Não,Necessita revisão
809,Masculino,34,Nampula,Licenciatura,Viúvo,18394.15,160.5,38.2,Muito satisfeito,16/08/1990,05/06/2025,2,Não,Contacto posterior
810,Feminino,31,Nampula,Mestrado,Casado,34284.2,173.1,71.1,Muito satisfeito,15/01/1993,06/03/2025,3,Não,Necessita revisão
811,Feminino,18,Manica,Secundária,Casado,16245.62,170.8,77.5,Neutro,13/01/2006,15/02/2025,2,Não,Dados confirmados
812,Feminino,45,Manica,Licenciatura,Divorciado,26254.04,175.1,65.8,Muito insatisfeito,30/11/1979,07/04/2025,0,Não,Entrevista concluída
813,X,29,Tete,Secundária,Solteiro,38842.81,165.5,41.6,,04/01/1995,21/03/2025,1,Sim,Sem observações
814,Feminino,35,Tete,Mestrado,União de facto,43027.61,176.5,57.6,Insatisfeito,29/06/1989,22/02/2025,2,Não,Necessita revisão
815,Feminino,40,Maputo,Licenciatura,Viúvo,13097.74,183.9,70.8,Satisfeito,23/11/1984,07/08/2025,2,Sim,Necessita revisão
816,Feminino,32,Zambézia,Técnica,Viúvo,22056.11,158.3,73.0,Insatisfeito,07/09/1992,25/08/2025,2,Sim,Entrevista concluída
817,Feminino,41,Niassa,Licenciatura,Viúvo,15736.3,161.2,57.1,Insatisfeito,05/05/1983,06/04/2025,1,Sim,Sem obs.
818,Masculino,37,Nampula,Licenciatura,Viúvo,34957.71,157.3,82.6,Insatisfeito,09/11/1987,12/02/2025,1,Sim,Entrevista concluída
819,Masculino,28,Maputo,Licenciatura,Solteiro,24462.8,164.8,70.0,Satisfeito,16/12/1996,18/07/2025,1,Não,Entrevista concluída
820,Masculino,45,Cabo Delgado,Primária,Divorciado,29076.79,162.1,72.4,Satisfeito,14/08/1979,09/03/2025,2,Sim,Entrevista concluída
821,Masculino,33,Zambézia,Licenciatura,Viúvo,14535.81,165.5,75.4,Satisfeito,26/07/1991,03/07/2025,4,Não,Entrevista concluída
822,Feminino,18,Zambézia,Secundária,Viúvo,10258.25,188.2,82.6,Muito insatisfeito,01/11/2006,15/09/2025,2,Não,Entrevista concluída
823,Masculino,42,Inhambane,Técnica,Solteiro,8892.62,160.0,71.5,Satisfeito,26/09/1982,20/01/2025,1,Não,Dados confirmados
824,Masculino,18,Tete,Licenciatura,Solteiro,18763.66,177.4,65.5,Neutro,04/06/2006,12/03/2025,1,Não,Entrevista concluída
825,Masculino,38,Cabo Delgado,Secundária,Divorciado,16034.87,157.9,77.5,Neutro,10/05/1986,30/05/2025,2,Sim,Dados confirmados
826,Masculino,27,Tete,Nenhuma,Solteiro,39334.41,163.0,89.1,Neutro,30/09/1997,29/12/2025,5,Sim,Sem observações
827,Feminino,31,Maputo,Licenciatura,Divorciado,11120.55,160.9,53.9,Satisfeito,17/01/1993,18/02/2025,3,Sim,Entrevista concluída
828,Feminino,41,Inhambane,Licenciatura,Solteiro,6815.07,176.2,72.8,Muito insatisfeito,18/11/1983,28/11/2025,4,Sim,Entrevista concluída
829,Feminino,23,Manica,Secundária,Divorciado,32513.13,159.2,62.6,Satisfeito,24/01/2001,05/09/2025,0,Não,Sem observações
830,Feminino,37,Gaza,Secundária,Casado,15000 MZN,161.2,77.2,Satisfeito,28/07/1987,12/03/2025,2,Sim,Entrevista concluída
831,Masculino,40,Gaza,Primária,Divorciado,34803.45,178.3,42.0,Neutro,30/04/1984,07/02/2025,0,Sim,Contacto posterior
832,Masculino,55,Maputo,Licenciatura,Viúvo,13015.14,163.4,65.6,Neutro,10/05/1969,03/06/2025,4,Sim,Entrevista concluída
833,Feminino,53,Cabo Delgado,Licenciatura,Casado,12703.72,145.9,81.9,Neutro,21/04/1971,20/04/2025,1,Sim,Contacto posterior
834,Masculino,46,Nampula,Licenciatura,Casado,15736.88,"173,7",80.9,Satisfeito,28/03/1978,22/08/2025,2,Sim,Entrevista concluída
835,Feminino,25,Zambézia,Técnica,Viúvo,21983.76,178.1,72.7,Insatisfeito,12/02/1999,03/06/2025,3,Não,Dados confirmados
836,Masculino,29,Niassa,Licenciatura,Viúvo,28762.77,148.3,53.1,Neutro,15/01/1995,24/11/2025,4,Sim,Sem observações
837,Masculino,33,Manica,Secundária,Viúvo,18690.14,158.9,79.9,Satisfeito,15/02/1991,05/04/2025,3,Não,Sem observações
838,Feminino,33,Gaza,Primária,Viúvo,5012.73,178.5,62.1,Neutro,26/06/1991,09/02/2025,2,Sim,Dados confirmados
839,Masculino,26,Gaza,Secundária,Divorciado,34952.36,150.6,71.3,Satisfeito,30/03/1998,01/06/2025,0,Sim,Sem observações
840,Masculino,53,Niassa,Secundária,Divorciado,20308.02,160.8,58.2,Muito satisfeito,30/07/1971,29/09/2025,1,Sim,Sem observações
841,Masculino,46,Gaza,Técnica,Solteiro,13218.46,161.6,79.9,Insatisfeito,09/09/1978,02/09/2025,1,Não,Sem observações
842,Feminino,30,Sofala,Secundária,Divorciado,5162.85,163.9,48.3,Muito satisfeito,26/08/1994,18/07/2025,4,Não,Necessita revisão
843,Feminino,42,Cabo Delgado,Secundária,Casado,13102.76,169.9,65.4,Muito satisfeito,05/08/1982,04/03/2025,4,Não,Dados confirmados
844,Masculino,43,,Secundária,Viúvo,25172.93,169.1,52.3,Muito satisfeito,31/02/1990,03/05/2025,4,Sim,Entrevista concluída
845,Masculino,52,Inhambane,Licenciatura,Casado,23601.68,161.0,60.3,Insatisfeito,22/04/1972,24/08/2025,3,Não,Entrevista concluída
846,Masculino,25,Sofala,Secundária,Casado,8660.3,172.4,73.8,Insatisfeito,08/10/1999,20/04/2025,4,Não,Entrevista concluída
847,Masculino,36,Inhambane,Licenciatura,Casado,20475.02,165.9,84.3,Muito insatisfeito,22/06/1988,30/09/2025,0,Não,Entrevista concluída
848,Masculino,48,Cabo Delgado,Secundária,Casado,47777.53,166.7,63.7,Muito satisfeito,28/03/1976,15/12/2025,3,Y,Sem observações
849,Feminino,25,Gaza,Licenciatura,Solteiro,20548.94,166.3,75.4,Muito insatisfeito,25/11/1999,06/12/2025,3,Sim,Dados confirmados
850,Masculino,27,Inhambane,Secundária,União de facto,10519.37,171.2,66.0,Insatisfeito,08/01/1997,22/12/2025,1,Não,Contacto posterior
851,Feminino,36,Zambézia,Técnica,Viúvo,15743.05,165.6,61.3,Neutro,29/01/1988,13/06/2025,1,Não,Contacto posterior
852,Masculino,38,Cabo Delgado,Secundária,União de facto,43216.32,164.8,79.7,Muito insatisfeito,05/12/1986,11/24/2025,0,Não,Contacto posterior
853,Feminino,41,Tete,Primária,Divorciado,4365.26,162.6,63.2,Neutro,03/08/1983,16/08/2025,2,Não,Entrevista concluída
854,Masculino,61,Tete,Secundária,União de facto,88274.04,156.5,70.9,satisfeito ,29/06/1963,04/02/2025,0,Sim,Sem observações
855,Masculino,18,Maputo,Licenciatura,Casado,10611.37,171.2,60.6,Neutro,20/06/2006,20/07/2025,3,Não,Dados confirmados
856,Masculino,18,Niassa,Primária,Solteiro,52734.24,171.4,250,Insatisfeito,03/04/2006,23/09/2025,5,Não,Contacto posterior
857,Feminino,44,Manica,Primária,Divorciado,117059.19,162.2,59.1,Insatisfeito,10/09/1980,05/04/2025,2,Sim,Contacto posterior
858,Feminino,39,Manica,Secundária,Divorciado,27362.41,154.0,73.4,Neutro,13/03/1985,18/08/2025,2,Não,Dados confirmados
859,Feminino,49,Inhambane,Nenhuma,Solteiro,13868.77,162.9,54.1,Muito satisfeito,20/12/1975,28/02/2025,2,Não,Contacto posterior
860,Feminino,29,Maputo,Secundária,Viúvo,42693.28,171.4,71.9,Muito insatisfeito,28/11/1995,24/06/2025,1,Sim,Sem obs.
861,Masculino,48,Cabo Delgado,Mestrado,Divorciado,27279.79,169.5,47.1,Muito insatisfeito,09/04/1976,28/08/2025,7,Sim,Dados confirmados
862,Masculino,26,Zambézia,Secundária,Solteiro,9011.04,162.2,74.7,Insatisfeito,18/08/1998,15/01/2025,2,Sim,Necessita revisão
863,Masculino,32,Manica,Licenciatura,Solteiro,23719.79,186.3,42.7,Muito insatisfeito,30/11/1992,13/06/2025,3,Não,Entrevista concluída
864,Feminino,27,Manica,Licenciatura,Viúvo,19764.19,159.0,68.7,Muito insatisfeito,09/09/1997,23/04/2025,3,Sim,Dados confirmados
865,Feminino,42,Cabo Delgado,Mestrado,Viúvo,,162.2,65.9,0,01/05/1982,22/03/2025,4,Não,Necessita revisão
866,Feminino,29,Gaza,Licenciatura,Viúvo,27345.65,159.3,76.3,Insatisfeito,21/06/1995,26/09/2025,0,Sim,Sem observações
867,Feminino,34,Cabo Delgado,Primária,Solteiro,12168.67,173.1,84.7,Muito insatisfeito,23/09/1990,01/06/2025,3,Não,Necessita revisão
868,Feminino,53, Nampula ,Secundária,Viúvo,9272.78,168.6,79.0,Muito insatisfeito,19/05/1971,13/11/2025,0,Sim,Sem observações
869,Masculino,27,Inhambane,Licenciatura,Casado,36166.68,184.4,63.2,Satisfeito,15/06/1997,20/12/2025,4,Não,Dados confirmados
870,Feminino,31,Gaza,Nenhuma,Solteiro,29692.9,155.6,74.9,Satisfeito,12/01/1993,22/08/2025,2,Sim,Contacto posterior
871,Feminino,34,Inhambane,primaria,Divorciado,21294.39,160.2,72.5,Insatisfeito,22/10/1990,25/04/2025,4,Sim,Dados confirmados
872,Feminino,33,Niassa,Secundária,Viúvo,51485.57,175.3,66.9,Satisfeito,27/05/1991,17/03/2025,3,Sim,Dados confirmados
873,Feminino,35,Nampula,Licenciatura,Casado,9447.1,-10,89.2,Satisfeito,22/02/1989,11/02/2025,2,Não,Contacto posterior
874,Masculino,19,Niassa,Licenciatura,Casado,4655.95,141.4,53.0,Muito insatisfeito,24/08/2005,21/10/2025,7,Sim,Entrevista concluída
875,Feminino,30,Zambézia,Primária,União de facto,14095.97,167.6,58.5,Neutro,05/09/1994,06/09/2025,2,Não,Necessita revisão
876,Masculino,45,Nampula,Licenciatura,União-de-facto,20936.68,155.9,57.6,Muito satisfeito,19/08/1979,28/05/2025,3,Sim,Necessita revisão
877,Feminino,32,Gaza,Licenciatura,União de facto,22830.79,168.4,57.4,Muito satisfeito,18/03/1992,30/05/2025,1,Sim,Entrevista concluída
878,Feminino,18,Sofala,Licenciatura,União de facto,14431.25,176.2,68.8,Satisfeito,25/02/2006,27/05/2025,3,Não,Contacto posterior
879,Masculino,23,Gaza,Primária,Divorciado,13566.61,149.4,76.8,Satisfeito,18/11/2001,08/03/2025,,Não,Necessita revisão
880,Masculino,20,Cabo Delgado,Secundária,Solteiro,14340.81,184.7,56.3,Satisfeito,19/09/2004,11/04/2025,1,Sim,Contacto posterior
881,Masculino,32,Tete,Licenciatura,Solteiro,39171.29,170.2,58.3,Muito insatisfeito,14/06/1992,29/01/2025,2,Sim,Entrevista concluída
882,Feminino,25,Niassa,Secundária,Solteiro,17433.35,168.3,54.2,Satisfeito,30/01/1999,15/09/2025,1,Sim,Sem observações
883,Masculino,36,Niassa,Mestrado,Casado,21207.72,179.5,79.2,Muito insatisfeito,03/06/1988,23/04/2025,3,Não,Entrevista concluída
884,Feminino,48,Inhambane,Primária,União de facto,8041.54,167.1,65.0,Satisfeito,09/05/1976,12/05/2025,6,Sim,Contacto posterior
885,Feminino,49,Tete,Licenciatura,União de facto,18923.91,153.0,60.3,Satisfeito,04/03/1975,28/11/2025,0,Não,Sem observações
886,Feminino,47,Inhambane,Primária,Viúvo,36626.12,157.4,54.6,Neutro,10/04/1977,09/10/2025,2,Não,Sem observações
887,Masculino,19,Cabo Delgado,Licenciatura,Solteiro,21538.54,157.8,83.3,Muito satisfeito,04/04/2005,31/01/2025,3,Sim,Sem observações
888,Masculino,20,Sofala,Primária,Divorciado,20708.97,161.3,84.6,Muito satisfeito,13/01/2004,24/12/2025,2,Não,Dados confirmados
889,Masculino,23,Sofala,Secundária,Viúvo,17855.47,178.8,52.7,Satisfeito,13/11/2001,02/02/2025,6,Não,???
890,Masculino,40,Tete,Primária,Casado,13338.48,158.8,69.5,Neutro,1984-09-07,01/03/2025,2,Sim,Entrevista concluída
891,Feminino,18,Zambézia,Secundária,União de facto,48609.98,154.6,77.0,Muito insatisfeito,05/05/2006,01/01/2026,1,Não,Necessita revisão
892,Feminino,39,Cabo Delgado,Primária,Viúvo,10332.35,150.5,94.9,Muito satisfeito,20/03/1985,,2,Não,Sem observações
893,Feminino,19,Cabo Delgado,Primária,Solteiro,13109.89,154.6,60.8,Satisfeito,07/01/2005,31/12/2025,0,Sim,Dados confirmados
894,Masculino,120,Gaza,Secundária,Viúvo,26299.04,154.7,63.6 kg,Muito satisfeito,27/12/1981,10/06/2025,2,Sim,Necessita revisão
895,Masculino,29,Zambézia,Secundária,União de facto,9106.25,172.9,80.6,Muito satisfeito,15/08/1995,28/09/2025,1,Unknown,Necessita revisão
896,Masculino,42,Maputo,Técnica,Solteiro,40521.75,156.0,74.8,Satisfeito,05/05/1982,26/03/2025,2,Não,Sem observações
897,Masculino,18,Niassa,Licenciatura,Viúvo,15839.26,139.1,78.1,Satisfeito,27/04/2006,30/04/2025,1,Sim,Contacto posterior
898,Feminino,27,Manica,Licenciatura,Viúvo,10557.42,158.2,57.2,Satisfeito,03/01/1998,03/03/2025,3,Não,Dados confirmados
899,Masculino,37,Gaza,Licenciatura,União de facto,72256.43,159.8,67.8,Insatisfeito,24/12/1987,31/01/2025,1,Não,Contacto posterior
900,Feminino,36,Maputo,Secundária,Divorciado,36166.68,174.0,60.8,Muito satisfeito,30/10/1988,23/11/2025,5,Não,Dados confirmados
901,Feminino,31,Nampula,Licenciatura,Casado,6481.03,167.9,89.9,Muito insatisfeito,28/11/1993,12/02/2025,1,sim,Necessita revisão
902,Masculino,18,Cabo Delgado,Licenciatura,Solteiro,31222.59,160.1,72.5,Insatisfeito,06/03/2006,15/06/2025,3,Sim,Sem observações
903,Feminino,27,Nampula,Mestrado,Solteiro,6056.59,153.5,53.9,Insatisfeito,24/02/1997,28/06/2025,3,Não,Sem obs.
904, feminino,50,Manica,Licenciatura,Viúvo,42137.59,163.8,76.9,Satisfeito,13/02/1974,18/08/2025,4,Sim,Sem observações
905,,38,Niassa,Técnica,União de facto,44686.1,165.6,78.6,Muito insatisfeito,02/06/1986,01/01/2020,2,Não,Dados confirmados
906,Feminino,18,Niassa,Nenhuma,Solteiro,14222.43,146.4,83.2,Muito satisfeito,17/01/2006,21/04/2025,2,Não,Dados confirmados
907,Masculino,47,Inhambane,Nenhuma,Viúvo,10011.07,159.6,62.5,Insatisfeito,11/04/1977,08/07/2025,4,Não,Entrevista concluída
908,Masculino,26,Sofala,Mestrado,Casado,46486.68,152.6,52.1,Muito satisfeito,25/08/1998,11/01/2025,1,Não,Sem observações
2580,Masculino,23,Nampula,Secundária,Divorciado,11712.4,163.6,62.9,Insatisfeito,31/12/2001,07/12/2025,0,Não,Sem observações 
910,Masculino,55,Nampula,Nenhuma,Viúvo,39062.76,168.0,53.7,Neutro,12/10/1969,11/04/2025,0,Sim,Contacto posterior
911,Masculino,31,Niassa,Primária,Casado,15364.79,169.0,99.3,Muito insatisfeito,22/02/1993,16/08/2025,3,Sim,Sem observações
912,Feminino,26,Nampula,Licenciatura,Casado,28011.78,163.8,63.7,Muito satisfeito,03/03/1998,14/08/2025,3,Sim,Sem observações
913,Feminino,25,Tete,Licenciatura,Solteiro,15000 MZN,156.9,62.3,Neutro,04/09/1999,24/11/2025,4,Não,Entrevista concluída
914,Masculino,48,Cabo Delgado,Licenciatura,Solteiro,17719.06,148.1,68.6,Muito insatisfeito,25/02/1976,28/04/2025,4,Não,Contacto posterior
915,Feminino,32,Inhambane,Licenciatura,Solteiro,9047.21,162.0,71.8,satisfeito ,17/05/1992,01/10/2025,4,Não,Dados confirmados
916,Feminino,,Inhambane,Técnica,Casado,12751.84,169.5,57.6,Neutro,13/12/2006,25/11/2025,1,Sim,Sem observações
917,Feminino,34,Maputo,Secundária,Viúvo,-500,172.3,56.5,Neutro,09/12/1990,18/11/2025,1,Não,Contacto posterior
918,Feminino,28,Niassa,Secundária,Casado,8882.06,149.7,62.2,Satisfeito,15/12/1996,03/02/2025,0,Não,Necessita revisão
919,Masculino,35,Niassa,Secundária,União de facto,13937.02,171.4,62.6,Insatisfeito,24/04/1989,16/09/2025,3,Sim,Necessita revisão
920,Masculino,35,Inhambane,Secundária,União de facto,14765.09,170.7,57.3,Muito satisfeito,16/09/1989,02/06/2025,1,Sim,Necessita revisão
921,Feminino,25,Tete,Licenciatura,,8470.12,148.9,66.0,Satisfeito,29/03/1999,13/03/2025,4,Sim,Sem observações
922,Masculino,41,Inhambane,Técnica,Viúvo,21712.68,167.1,95.3,Muito insatisfeito,26/03/1983,17/10/2025,2,Sim,Sem observações
923,Masculino,54,Cabo Delgado,Licenciatura,União de facto,13623.49,176.2,72.0,Muito insatisfeito,06/02/1970,10/13/2025,2,Sim,Entrevista concluída
924,Feminino,35,Sofala,Licenciatura,Divorciado,14732.73,156.9,66.7,Muito satisfeito,30/03/1989,10/10/2025,0,Não,Necessita revisão
925,Masculino,28,Manica,Licenciatura,Viúvo,8036.42,166.7,47.1,Neutro,01/05/1996,20/02/2025,4,Não,Entrevista concluída
926,Masculino,44,Zambézia,Primária,União de facto,28560.6,180.1,77.4,Insatisfeito,28/08/1980,26/06/2025,1,Não,Entrevista concluída
927,Feminino,54,Manica,Técnica,União de facto,8719.36,186.5,59.4,Satisfeito,27/11/1970,02/07/2025,0,Não,Sem observações
928,Feminino,38,Gaza,Licenciatura,Solteiro,12212.02,174.3,64.7,Satisfeito,15/01/1986,17/02/2025,3,Sim,Entrevista concluída
929,Masculino,25,Nampula,Secundária,Viúvo,5795.98,165.6,88.1,Insatisfeito,09/11/1999,15/06/2025,2,Não,Necessita revisão
930,Feminino,43,Sofala,Secundária,Casado,34361.47,169.6,69.6,Satisfeito,15/07/1981,07/01/2025,0,Sim,Dados confirmados
931,Masculino,35,Maputo,Secundária,Casado,26153.21,164.3,54.8,Neutro,14/05/1989,12/06/2025,2,Sim,Sem observações
932,Masculino,42,Nampula,Primária,Viúvo,23460.05,,90.1,Muito satisfeito,18/02/1982,02/01/2025,3,Sim,Necessita revisão
933,Feminino,36,Inhambane,Secundária,Divorciado,13185.48,166.0,62.9,Muito insatisfeito,07/10/1988,01/07/2025,3,Não,Necessita revisão
934,Feminino,34,Niassa,Licenciatura,Casado,20137.21,156.2,65.7,Insatisfeito,01/04/1990,25/02/2025,1,Não,Dados confirmados
935,Masculino,34,Sofala,Secundária,Viúvo,14502.1,143.8,86.4,Neutro,21/02/1990,17/07/2025,2,Sim,Contacto posterior
936,Masculino,27,Gaza,Secundária,Casado,35354.52,167.4,75.8,Insatisfeito,19/01/1997,23/01/2025,2,Sim,Entrevista concluída
937,Masculino,31,Zambézia,Primária,Divorciado,10730.29,156.4,60.1,Insatisfeito,25/08/1993,08/11/2025,1,Não,Sem observações
938,Feminino,53,Manica,LIC,Casado,7609.47,161.0,93.1,Muito insatisfeito,01/05/1971,19/09/2025,2,Sim,Dados confirmados
939,Masculino,49,Inhambane,Primária,Casado,11151.16,152.3,64.7,Insatisfeito,04/08/1975,23/04/2025,1,Sim,Sem observações
940,Feminino,47,Zambézia,Primária,Solteiro,13176.64,163.8,64.7,Muito insatisfeito,03/10/1977,05/07/2025,1,Sim,Entrevista concluída
941,Masculino,42,Niassa,Nenhuma,Divorciado,19661.45,179.1,57.2,Satisfeito,15/05/1982,30/03/2025,3,Sim,Contacto posterior
942,Feminino,38,Gaza,Desconhecido,Viúvo,11477.45,155.1,53.9,Neutro,20/08/1986,06/10/2025,3,Sim,Sem observações
943,Feminino,47,Sofala,Secundária,Casado,28024.0,173.6,65.0,Neutro,20/11/1977,21/01/2025,1,Não,Contacto posterior
944,Masculino,37,Manica,Licenciatura,Casado,10900.94,187.1,72.4,Muito satisfeito,26/08/1987,08/02/2025,3,Não,Sem observações
945,Masculino,36,Tete,Primária,Viúvo,18793.18,167.2,61.1,Satisfeito,28/01/1988,25/06/2025,4,Não,Contacto posterior
946,Feminino,21,Gaza,Secundária,Divorciado,18006.03,169.5,64.0,Satisfeito,21/08/2003,14/07/2025,2,Sim,Sem obs.
947,Feminino,24,Niassa,Primária,Viúvo,36163.97,172.0,78.5,Muito satisfeito,15/05/2000,28/12/2025,3,Não,Necessita revisão
948,Feminino,26,Gaza,Licenciatura,Casado,10008.9,175.3,88.9,Satisfeito,21/09/1998,04/03/2025,2,Não,Contacto posterior
949,Masculino,33,Maputo,Licenciatura,Casado ,105739.37,148.3,66.9,Insatisfeito,13/03/1991,20/07/2025,5,Não,Necessita revisão
950,Masculino,38,Sofala,Secundária,Divorciado,44686.63,177.0,97.6,Neutro,01/01/1987,13/05/2025,2,Não,Entrevista concluída
951,Feminino,33,Tete,Licenciatura,Casado,999999,179.8,61.3,Insatisfeito,05/06/1991,17/06/2025,3,Sim,Sem observações
952,Masculino,24,Maputo,Licenciatura,Divorciado,6534.4,152.5,85.1,Satisfeito,15/09/2000,19/09/2025,3,Sim,Contacto posterior
953,Masculino,31,Sofala,Licenciatura,Divorciado,8670.38,175.5,71.2,Neutro,14/11/1993,26/11/2025,2,Sim,Necessita revisão
954,Masculino,38,Sofala,Licenciatura,Viúvo,7834.22,171.9,46.8,Muito insatisfeito,06/09/1986,08/03/2025,3,yes,Contacto posterior
955,Masculino,31,Gaza,Licenciatura,Separado,14533.31,198.2,70.5,Neutro,04/09/1993,16/05/2025,3,Não,Contacto posterior
956,Feminino,18,Tete,Técnica,Solteiro,5064.01,172.9,92.5,Insatisfeito,15/02/2006,25/01/2025,2,Sim,Sem observações
957,Masculino,44,Gaza,Secundária,União de facto,39069.31,193.9,77.0,Muito satisfeito,23/08/1980,30/03/2025,1,Sim,Dados confirmados
958,Masculino,36,Tete,Primária,Solteiro,67620.71,173.0,83.8,Muito insatisfeito,07/02/1988,19/07/2025,4,Sim,Necessita revisão
959,Feminino,35,Tete,Mestrado,Solteiro,26984.32,146.3,56.3,Muito satisfeito,29/01/1989,14/04/2025,3,Sim,Sem observações
960,Masculino,18,Manica,Mestrado,Divorciado,22894.25,166.4,62.4,Satisfeito,28/01/2006,07/10/2025,2,Sim,Dados confirmados
961,Masculino,33,Gaza,Secundária,Divorciado,33796.33,178.8,63.9,Insatisfeito,11/02/1991,25/01/2025,0,Não,Entrevista concluída
962,Feminino,39,Tete,Licenciatura,Casado,20695.64,151.3,84.9,Insatisfeito,14/08/1985,30/08/2025,1,Não,Entrevista concluída
963,Feminino,31,Cabo Delgado,Licenciatura,Viúvo,5226.5,152.7,250,Muito satisfeito,12/09/1993,27/05/2025,1,Sim,Dados confirmados
964,Masculino,27,Gaza,Secundária,Casado,21253.36,168.5,57.6,Insatisfeito,29/11/1997,11/08/2025,1,,Sem observações
965,Masculino,37,Maputo,Secundária,União de facto,9890.68,168.5,79.9,Muito insatisfeito,31/10/1987,03/09/2025,4,Não,Dados confirmados
966,Feminino,45,Inhambane,Primária,Viúvo,13888.39,163.7,42.1,Insatisfeito,09/02/1979,10/06/2025,1,Sim,Contacto posterior
967,Masculino,23,Manica,Secundária,Divorciado,15668.11,162.9,84.5,Satisfeito,23/03/2001,02/06/2025,2,Não,Entrevista concluída
968,Feminino,29,Sofala,Primária,Divorciado,27591.79,176.5,76.7,Muito insatisfeito,13/10/1995,28/02/2025,2,Não,Necessita revisão
969,Masculino,27,Nampula,Licenciatura,Divorciado,29130.57,164.9,57.4,Insatisfeito,29/09/1997,11/12/2025,1,Não,Entrevista concluída
970,Masculino,51,Niassa,Licenciatura,União de facto,34523.43,250,66.1,Muito insatisfeito,09/06/1973,15/02/2025,2,Sim,Contacto posterior
971,Masculino,44,Maputo,Secundária,Solteiro,32848.87,155.6,62.9,Neutro,20/07/1980,27/04/2025,3,Sim,Necessita revisão
972,Feminino,47,Niassa,Secundária,Divorciado,15378.21,149.7,61.0,Neutro,03/01/1978,07/09/2025,0,Sim,Entrevista concluída
973,Masculino,51,Inhambane,Primária,União de facto,8809.48,"169,1",57.8,Muito satisfeito,11/03/1973,29/12/2025,2,Não,Dados confirmados
974,Feminino,25,Tete,Licenciatura,Viúvo,22683.72,175.5,75.1,Insatisfeito,30/12/1999,27/05/2025,2,Não,Sem observações
975,Feminino,43,Tete,Licenciatura,Divorciado,11292.65,158.4,52.9,Muito satisfeito,06/04/1981,05/06/2025,1,Não,Entrevista concluída
976,Feminino,27,Cabo Delgado,Nenhuma,Casado,11656.41,171.7,79.1,5,09/03/1997,11/05/2025,3,Não,Contacto posterior
977,Feminino,57,Gaza,Licenciatura,União de facto,24936.41,163.6,82.7,Neutro,08/03/1967,16/12/2025,6,Sim,Necessita revisão
978,Masculino,43,Sofala,Secundária,Solteiro,29417.66,175.1,74.8,Muito insatisfeito,08/05/1981,06/03/2025,3,Não,Entrevista concluída
979,Feminino,45,Cabo Delgado,Mestrado,Divorciado,6657.74,146.6,74.4,Muito satisfeito,1979-01-13,17/12/2025,2,Não,Dados confirmados
980,Feminino,38,Cabo Delgado,Técnica,União de facto,11913.36,169.2,64.9,Insatisfeito,23/01/1986,28/02/2025,2,Não,Entrevista concluída
981,Masculino,28,Niassa,Secundária,Solteiro,17051.47,183.4,66.3,Muito insatisfeito,07/09/1996,30/01/2025,1,Não,Entrevista concluída
982,Feminino,44,Manica,Primária,União de facto,22368.01,162.2,45.1,Muito satisfeito,20/04/1980,31/01/2025,2,Sim,Contacto posterior
983,Masculino,49,Cabo Delgado,Secundária,Viúvo,9265.3,160.2,55.1,Satisfeito,18/05/1975,29/01/2025,2,Não,Dados confirmados
984,Masculino,23,Maputo,Técnica,Divorciado,31589.97,153.4,58.5,Neutro,05/11/2001,07/08/2025,4,Sim,Sem observações
985,Feminino,31,Zambézia,Mestrado,Divorciado,24962.64,155.6,83.5,Muito satisfeito,18/12/1993,07/11/2025,2,Não,Sem observações
986,Feminino,49,Manica,Mestrado,Casado,8433.77,149.6,62.9,Muito satisfeito,04/11/1975,22/08/2025,3,Não,Contacto posterior
987,Masculino,31,Sofala,Secundária,Divorciado,13004.11,164.4,61.6,Muito satisfeito,02/06/1993,23/01/2025,1,Não,Contacto posterior
988,Feminino,29,Niassa,Técnica,Divorciado,7682.0,170.3,67.2,Neutro,30/12/1995,24/06/2025,0,Sim,Necessita revisão
975,Feminino,25,Niassa,Secundária,Viúvo,36917.81,172.1,59.1,Insatisfeito,25/03/1999,07/10/2025,2,Não,sem observacao
990,Feminino,35,Tete,Técnica,União de facto,29621.0,166.6,67.8,Muito insatisfeito,17/08/1989,24/09/2025,2,Não,Contacto posterior
991,Masculino,34,Zambézia,Licenciatura,Viúvo,15025.07,161.4,96.0,Neutro,31/10/1990,11/07/2025,1,Não,Contacto posterior
992,Masculino,18,Tete,Licenciatura,Viúvo,10202.09,155.7,63.3,Muito insatisfeito,02/05/2006,11/05/2025,1,Não,Necessita revisão
993,Feminino,57,Tete,Nenhuma,Divorciado,39296.23,186.4,65.0,Neutro,24/03/1967,27/08/2025,0,Não,Dados confirmados
994,Masculino,46,Gaza,Licenciatura,Divorciado,33590.5,144.1,64.3,Neutro,19/05/1978,01/17/2025,1,Não,Sem observações
995,Masculino,47,Zambézia,Secundária,Solteiro,27938.09,165.1,78.8,Insatisfeito,28/07/1977,30/05/2025,3,Sim,Entrevista concluída
996,Masculino,55,Inhambane,Técnica,Casado,"15,000",162.9,49.4,Insatisfeito,20/07/1969,01/04/2025,1,Sim,Sem observações
997,Feminino,26,Cabo Delgado,Licenciatura,Divorciado,17642.03,175.8,74.8,Muito insatisfeito,03/07/1998,13/06/2025,1,Não,Necessita revisão
998,Feminino,63,Nampula,Técnica,Solteiro,45170.82,148.1,39.9,Neutro,12/03/1961,15/05/2025,1,Sim,Contacto posterior
999,Feminino,18,Nampula,Licenciatura,Solteiro,7731.35,169.4,48.4,Muito insatisfeito,08/06/2006,19/12/2025,2,Sim,Entrevista concluída
1000,Masculino,30,Manica,Secundária,Casado,27568.28,176.1,54.8,Satisfeito,19/06/1994,25/09/2025,2,Não,Necessita revisão
1001,Masculino,25,Manica,Nenhuma,União de facto,14773.32,164.4,60.0,Neutro,27/06/1999,11/06/2025,4,Sim,Contacto posterior
1002,Feminino,21,Niassa,Licenciatura,Solteiro,10064.32,162.8,44.5,Muito satisfeito,30/09/2003,29/12/2025,3,Sim,Necessita revisão
1003,Feminino,20,Maputo,Nenhuma,União de facto,5888.76,152.0,72.1,Neutro,20/11/2004,14/04/2025,0,Sim,Necessita revisão
1004,Feminino,33,Tete,Secundária,Casado,12040.2,152.9,,Muito insatisfeito,26/04/1991,13/10/2025,0,Sim,Sem observações
1005,Masculino,38,Nampula,primaria,Solteiro,20560.55,161.1,42.0,Neutro,04/02/1986,07/02/2025,4,Não,Contacto posterior
1006,Masculino,69,Niassa,Secundária,Solteiro,5932.76,177.9,60.4,Muito satisfeito,25/12/1955,08/03/2025,2,Sim,Sem observações
1007,Feminino,50,Manica,Primária,Casado,15307.1,160.3,56.0,Satisfeito,23/05/1974,27/11/2025,4,sim,Sem observações
1008,Feminino,18,Nampula,Secundária,Casado,16144.98,176.4,51.8,Neutro,12/05/2006,21/03/2025,1,Sim,Necessita revisão
1009,Feminino,25,Zambézia,Secundária,Solteiro,17529.61,171.7,65.2,Muito insatisfeito,02/01/2000,01/11/2025,2,Sim,Dados confirmados
1010,Feminino,34,Maputo,Técnica,Divorciado,28082.28,139.8,71.3,Neutro,25/02/1990,25/05/2025,99,Sim,Entrevista concluída
1011,Masculino,35,Inhambane,Nenhuma,União de facto,65308.71,172.1,69.2,Muito satisfeito,04/05/1989,13/06/2025,4,Não,Dados confirmados
1012,Feminino,23,Maputo,Técnica,Solteiro,11483.33,160.8,69.9,Satisfeito,22/10/2001,17/10/2025,3,Sim,Sem observações
1013,Masculino,23,Tete,Licenciatura,Solteiro,26029.81,151.1,76.9,Satisfeito,15/10/2001,15/04/2025,1,Sim,Necessita revisão
1014,Masculino,29,Sofala,Secundária,Casado,9390.38,173.9,58.3,Satisfeito,03/09/1995,11/12/2025,2,Sim,Entrevista concluída
1015,Feminino,40,Zambézia,Técnica,Casado,26876.34,167.8,74.1,Muito satisfeito,05/05/1984,23/10/2025,2,Não,Dados confirmados
1016,Masculino,18,Manica,Secundária,Casado,26444.09,150.0,80.5,Satisfeito,30/08/2006,25/10/2025,3,Sim,erro
1017,fem,46,Cabo Delgado,Licenciatura,Casado,9902.36,150.7,76.2,Satisfeito,17/10/1978,22/10/2025,4,Sim,Contacto posterior
1018,Feminino,32,Niassa,Licenciatura,Solteiro,20832.24,172.3,62.7,Muito insatisfeito,13/08/1992,14/03/2025,0,Não,Entrevista concluída
1019,Masculino,44,Nampula,Técnica,Viúvo,7931.86,175.8,69.1,Muito insatisfeito,21/06/1980,27/12/2025,1,Sim,Contacto posterior
1020,Feminino,30,Tete,Primária,Viúvo,5164.36,154.6,66.1,Insatisfeito,13/07/1994,24/05/2025,3,Sim,Sem observações
1021,Masculino,69,Maputo,Secundária,Solteiro,8280.27,168.0,49.5,Satisfeito,13/07/1955,21/02/2025,3,Não,Necessita revisão
1022,Feminino,25,Tete,Secundária,SOLTEIRO,39942.41,164.3,80.4,Insatisfeito,20/05/1999,03/05/2025,1,Não,Entrevista concluída
1023,Masculino,40,Niassa,Técnica,Divorciado,20561.15,172.6,42.8,Satisfeito,28/01/1984,07/08/2025,1,Sim,Necessita revisão
1024,Feminino,39,Inhambane,Secundária,Casado,11782.47,164.2,71.2,Neutro,27/02/1985,10/05/2025,2,Sim,Entrevista concluída
1025,Masculino,18,Inhambane,Secundária,Viúvo,6098.16,161.3,66.4,Satisfeito,03/11/2006,03/01/2025,0,Não,Necessita revisão
1026,Feminino,24,Cabo Delgado,Licenciatura,União de facto,8743.2,169.8,65.5,Insatisfeito,05/07/2000,17/09/2025,1,Sim,Necessita revisão
1027,Masculino,46,Maputo,Licenciatura,Solteiro,5281.59,159.5,68.4,Neutro,23/05/1978,08/07/2025,2,Sim,Contacto posterior
1028,Feminino,28,Cabo Delgado,Licenciatura,Casado,9022.76,154.4,77.1,Insatisfeito,22/06/1996,15/11/2025,1,Não,Empregado em tempo inteiro
1029,Feminino,46,Sofala,Primária,Solteiro,25277.48,167.1,58.0,Satisfeito,07/12/1978,18/11/2025,1,Sim,Necessita revisão
1030,Masculino,23,Niassa,Licenciatura,Casado,47103.06,156.1,88.8,Insatisfeito,10/07/2001,27/09/2025,3,Não,Contacto posterior
1031,Feminino,41,Inhambane,Técnica,Solteiro,15983.29,163.2,69.6,Muito insatisfeito,02/08/1983,10/10/2025,3,Sim,Sem observações
1032,Feminino,28,Tete,Licenciatura,Solteiro,19077.42,158.8,52.0,Insatisfeito,04/12/1996,17/11/2025,0,Não,N/A
1033,Feminino,50,Niassa,Primária,Viúvo,26061.07,152.3,73.3,Muito satisfeito,19/01/1974,04/06/2025,0,Não,Necessita revisão
1034,Feminino,39,Zambézia,Secundária,Casado,16888.51,159.9,78.7,Muito satisfeito,21/11/1985,26/07/2025,5,Não,Entrevista concluída
1035,Masculino,49,Cabo Delgado,Secundária,União de facto,7583.35,147.7,76.9,Muito satisfeito,12/06/1975,19/08/2025,4,Sim,Sem observações
1036,Masculino,41,Cabo Delgado,Secundária,Casado,25698.78,178.3,88.1,Satisfeito,29/01/1983,24/02/2025,2,Sim,Necessita revisão
1037,Feminino,32,Niassa,Secundária,Solteiro,21388.15,150.6,71.5,satisfeito ,17/12/1992,25/08/2025,3,Não,Dados confirmados
1038,Feminino,24,Gaza,Licenciatura,Viúvo,,171.5,71.5,Não sabe,18/02/2000,15/03/2025,2,Não,Entrevista concluída
1039,Feminino,41,Zambézia,Secundária,Viúvo,9457.13,147.3,61.3,Insatisfeito,09/04/1983,19/04/2025,1,Sim,Contacto posterior
1040,Feminino,40,Maputo,Secundária,União de facto,13319.02,151.8,78.8,Insatisfeito,29/12/1984,19/01/2025,4,Sim,Necessita revisão
1041,Masculino,26,Gaza,Primária,Solteiro,16190.58,167.3,47.6,Muito insatisfeito,24/12/1998,14/03/2025,2,Não,Necessita revisão
1042,Feminino,41,Zambézia,Secundária,Viúvo,21253.26,171.2,53.2,Neutro,13/01/1983,23/08/2025,2,Sim,Dados confirmados
1043,Feminino,120,Maputo,Licenciatura,Viúvo,13232.18,165.9,84.5 kg,Muito insatisfeito,01/06/1976,30/09/2025,5,Não,Necessita revisão
1044,Masculino,18,Cabo Delgado,Licenciatura,Casado,13459.26,182.5,87.3,Muito insatisfeito,25/04/2006,28/11/2025,1,Sim,Entrevista concluída
1045,Masculino,32,Nampula,Primária,União de facto,14171.9,155.4,74.0,Muito satisfeito,24/03/1992,28/12/2025,3,Não,Dados confirmados
1046,Feminino,30,Sofala,Licenciatura,Viúvo,12155.9,169.2,69.6,Muito insatisfeito,19/07/1994,05/04/2025,1,Não,Entrevista concluída
1047,Feminino,33,Tete,Secundária,Viúvo,8896.95,156.3,69.0,Insatisfeito,05/08/1991,13/12/2025,4,Sim,Sem observações
1048,Masculino,44,Niassa,Primária,Viúvo,0,168.5,76.6,Muito insatisfeito,30/10/1980,03/04/2025,3,Não,Necessita revisão
1049,Feminino,36,Maputo,Primária,Casado,23668.45,180.8,66.5,Neutro,27/12/1988,23/01/2025,0,Não,Sem observações
1050,Feminino,43,Inhambane,Primária,União de facto,7784.44,151.0,67.5,Muito satisfeito,09/09/1981,06/12/2025,3,Sim,Entrevista concluída
1051,Masculino,56,Tete,Licenciatura,União de facto,4873.3,181.5,78.2,Satisfeito,12/05/1968,05/10/2025,1,Sim,Dados confirmados
1052,Feminino,32,Niassa,,Solteiro,68363.49,160.8,65.5,Insatisfeito,17/02/1992,20/09/2025,0,Sim,Entrevista concluída
1053,Masculino,49,Cabo Delgado,Licenciatura,União de facto,13208.12,161.9,56.0,Muito satisfeito,08/10/1975,31/10/2025,3,Não,Entrevista concluída
1054,Masculino,38,Maputo,Secundária,Solteiro,26477.4,162.8,70.4,Satisfeito,10/05/1986,25/05/2025,2,Não,Entrevista concluída
1055,Masculino,31,,Secundária,Solteiro,17193.17,179.0,88.4,Satisfeito,,08/07/2025,0,Não,Entrevista concluída
1056,Feminino,41,Nampula,Secundária,União de facto,18334.89,167.2,61.4,Muito insatisfeito,19/05/1983,23/07/2025,1,Sim,Dados confirmados
1057,Masculino,23,Cabo Delgado,Secundária,Viúvo,13595.23,173.1,61.8,Satisfeito,09/10/2001,29/11/2025,2,Sim,Necessita revisão
1058,Masculino,26,Inhambane,Secundária,União de facto,17403.07,165.6,61.2,Satisfeito,05/04/1998,14/02/2025,1,Não,Dados confirmados
1059,Feminino,48,Inhambane,Técnica,Casado,46727.11,168.1,75.0,Muito insatisfeito,09/05/1976,09/03/2025,1,Sim,Sem observações
1060,Feminino,20,Manica,Licenciatura,Viúvo,14263.39,164.6,68.9,Neutro,19/11/2004,02/03/2025,0,sim,Necessita revisão
1061,Masculino,39,Manica,Licenciatura,Divorciado,22175.15,155.8,59.0,Neutro,19/11/1985,27/06/2025,1,Não,Contacto posterior
1062,Feminino,18,Cabo Delgado,Licenciatura,Divorciado,19544.7,162.9,67.6,Satisfeito,16/05/2006,13/04/2025,4,Não,Necessita revisão
1063,Feminino,34,Gaza,Licenciatura,Casado,15735.52,168.8,67.2,Neutro,16/11/1990,23/01/2025,5,Não,Necessita revisão
1064,Masculino,27,Tete,Primária,Casado,21432.98,169.6,74.8,Muito insatisfeito,29/08/1997,19/08/2025,2,Não,Necessita revisão
1065,Feminino,36,Gaza,Nenhuma,Solteiro,22934.08,167.5,46.2,Satisfeito,25/04/1988,02/14/2025,2,Não,Necessita revisão
1066,Feminino,27,Sofala,Secundária,Divorciado,10185.73,168.5,66.8,Muito insatisfeito,19/08/1997,22/07/2025,1,Sim,Necessita revisão
1067,Feminino,18,Nampula,Primária,Casado,18400.97,250,78.2,Muito satisfeito,04/08/2006,17/06/2025,3,Sim,Necessita revisão
1068,Feminino,40,Cabo Delgado,Secundária,Viúvo,22631.13,160.4,55.6,Neutro,1984-10-25,22/12/2025,1,Sim,Sem observações
1069,Masculino,18,Inhambane,Secundária,União de facto,25418.12,171.8,54.1,Insatisfeito,27/05/2006,09/11/2025,4,Não,Contacto posterior
1070,Feminino,56,Inhambane,Primária,Solteiro,10512.99,158.9,5,Muito insatisfeito,16/08/1968,08/01/2025,1,Sim,Necessita revisão
1071,Masculino,38,Inhambane,Técnica,União de facto,8615.61,164.0,62.8,Neutro,24/05/1986,05/02/2025,2,Não,Contacto posterior
1072,Feminino,22,Gaza,secundaria,União de facto,41730.91,194.2,79.4,Satisfeito,18/03/2002,04/07/2025,0,Não,Necessita revisão
1073,Feminino,27,Nampula,Licenciatura,Solteiro,7368.54,174.1,75.8,Insatisfeito,10/06/1997,20/02/2025,1,Não,Contacto posterior
1074,Feminino,44,Sofala,Licenciatura,União de facto,24603.64,158.1,62.1,Muito insatisfeito,19/05/1980,06/11/2025,1,Unknown,Dados confirmados
1075,Masculino,49,Maputo,Secundária,Viúvo,10197.23,156.6,56.7,Neutro,22/01/1975,15/02/2025,2,Não,N/A
1076,Masculino,26,Gaza,Secundária,Divorciado,12280.49,173.2,55.8,Neutro,26/06/1998,09/03/2025,1,Não,Contacto posterior
1077,Feminino,45,Tete,Técnica,Solteiro,5393.3,172.7,76.3,Satisfeito,27/01/1979,14/06/2025,2,Não,Necessita revisão
1078,Masculino,42,Inhambane,Licenciatura,Solteiro,42388.53,171.2,51.8,Satisfeito,12/05/1982,23/07/2025,1,Não,Necessita revisão
1079,Feminino,51,Sofala,Licenciatura,União de facto,15000 MZN,177.8,71.5,Muito insatisfeito,18/04/1973,12/10/2025,4,Sim,Entrevista concluída
1080,Feminino,65,Maputo,Licenciatura,Casado,16903.03,164.3,58.7,Insatisfeito,03/01/1960,13/09/2025,3,Não,Necessita revisão
1081,Feminino,18,Nampula,Primária,Casado,22071.83,164.6,71.5,Muito satisfeito,07/10/2006,08/02/2025,2,Não,Dados confirmados
1082,Masculino,43,Manica,Licenciatura,Solteiro,21652.2,166.6,89.3,Insatisfeito,25/02/1981,08/12/2025,1,Sim,Entrevista concluída
1083,Feminino,34,Sofala,Primária,Divorciado,19899.6,171.9,72.4,Insatisfeito,27/02/1990,01/04/2025,3,Não,Entrevista concluída
1084,X,57,Nampula,Licenciatura,Casado,46619.49,157.5,47.2,,06/05/1967,18/11/2025,2,Não,Sem observações
1085,Feminino,36,Niassa,Licenciatura,Solteiro,9459.33,176.7,57.3,Insatisfeito,19/09/1988,24/01/2025,1,Não,Necessita revisão
1086,,30,Sofala,Licenciatura,Solteiro,15151.88,169.1,82.6,Insatisfeito,02/02/1994,01/01/2020,2,Não,Necessita revisão
1087,Masculino,33,Niassa,Primária,Solteiro,13406.94,157.1,63.0,Satisfeito,03/04/1991,20/11/2025,1,Não,Contacto posterior
1088,Masculino,38,Inhambane,Licenciatura,Divorciado,14350.92,165.2,64.6,Muito insatisfeito,08/09/1986,23/09/2025,1,Não,Necessita revisão
1089,Masculino,32,Nampula,Primária,Solteiro,61586.72,167.3,60.4,Insatisfeito,19/09/1992,14/09/2025,2,Sim,Dados confirmados
1090,Feminino,41,Maputo,Secundária,Casado,10901.26,164.9,63.8,Muito satisfeito,02/07/1983,04/07/2025,2,Sim,Contacto posterior
1091,Masculino,53,Inhambane,Mestrado,Casado,10117.21,168.9,78.9,Neutro,16/05/1971,14/07/2025,2,Não,Sem observações
1092,Feminino,35,Inhambane,Mestrado,Viúvo,12154.58,164.6,73.0,Muito insatisfeito,13/05/1989,07/07/2025,1,Sim,Dados confirmados
1093,Feminino,52,Zambézia,Secundária,Viúvo,14409.93,161.3,67.4,Insatisfeito,29/11/1972,30/06/2025,1,Sim,Necessita revisão
1094,Feminino,25,Manica,Licenciatura,Viúvo,5255.18,152.1,80.4,Insatisfeito,18/05/1999,02/12/2025,2,Sim,Dados confirmados
1095,Feminino,18,Zambézia,Primária,Casado ,10732.64,161.5,69.3,Insatisfeito,28/09/2006,21/08/2025,1,Não,Contacto posterior
1096,Masculino,51,Manica,Licenciatura,Casado,17899.28,161.7,51.3,Insatisfeito,11/08/1973,04/03/2025,2,Sim,Dados confirmados
1097,Feminino,21,Tete,Técnica,Solteiro,8739.91,167.9,68.7,Neutro,17/04/2003,01/04/2025,1,Não,Contacto posterior
1098,Feminino,27,Tete,Técnica,Solteiro,15223.48,164.7,65.5,satisfeito ,14/02/1997,04/12/2025,0,Sim,Dados confirmados
1099,Masculino,18,Sofala,Desconhecido,União de facto,23210.69,158.5,74.1,Satisfeito,30/04/2006,17/03/2025,4,Não,Sem observações
1100,Masculino,23,Inhambane,Primária,União de facto,10451.55,158.7,59.0,Muito insatisfeito,06/02/2001,15/01/2025,3,Não,Dados confirmados
1101,Masculino,18,Manica,Primária,Solteiro,10160.36,161.2,75.6,Insatisfeito,09/12/2006,31/05/2025,1,Não,Dados confirmados
1102,Masculino,18,Inhambane,Primária,União de facto,50857.87,170.9,56.2,Muito insatisfeito,10/03/2006,30/03/2025,4,Sim,Contacto posterior
1103,Feminino,40,Zambézia,Primária,Viúvo,11104.74,188.4,56.8,Satisfeito,04/01/1984,20/11/2025,1,Sim,Dados confirmados
1104,Feminino,42,Inhambane,Secundária,Solteiro,7956.07,163.7,64.6,Insatisfeito,31/03/1982,25/12/2025,2,Não,Necessita revisão
1105,Feminino,38,Sofala,Secundária,Viúvo,14514.52,166.3,91.2,Muito insatisfeito,09/09/1986,22/06/2025,1,Não,Entrevista concluída
1106,Masculino,31,Gaza,Mestrado,Viúvo,24003.06,174.9,79.6,Neutro,18/08/1993,13/12/2025,0,Sim,Sem observações
1107,Feminino,18,Maputo,Licenciatura,Divorciado,20225.41,158.5,84.3,Neutro,06/04/2006,03/12/2025,1,Não,Dados confirmados
1108,Masculino,18,Maputo,Licenciatura,Divorciado,6864.12,157.7,81.8,Muito insatisfeito,13/08/2006,21/06/2025,2,Não,Sem observações
1109,Feminino,37,Zambézia,Secundária,Casado,18955.51,177.2,70.0,Neutro,03/07/1987,21/02/2025,1,Sim,Necessita revisão
1110,Feminino,63,Sofala,Técnica,Casado,18092.14,160.8,61.9,Muito satisfeito,04/08/1961,14/03/2025,3,Sim,Entrevista concluída
1111,Masculino,18,Manica,Mestrado,Solteiro,8134.51,158.5,50.9,Muito insatisfeito,02/02/2006,27/09/2025,-1,Não,Contacto posterior
1112,Feminino,40,Sofala,Secundária,Viúvo,15789.99,"156,6",76.4,Neutro,09/07/1984,31/07/2025,4,Sim,Contacto posterior
1113,Feminino,41,Niassa,Licenciatura,União de facto,9309.95,168.9,79.6,Muito insatisfeito,11/12/1983,07/02/2025,4,sim,Entrevista concluída
1114,Feminino,18,Sofala,Primária,Casado,24231.72,168.6,70.8,Muito satisfeito,10/08/2006,03/12/2025,0,Não,Contacto posterior
1115,Feminino,36,Cabo Delgado,Licenciatura,União de facto,73363.73,148.8,82.1,Neutro,09/08/1988,,2,Não,Entrevista concluída
1116,Masculino,37,Sofala,Secundária,União de facto,15667.77,169.8,69.5,Neutro,26/09/1987,25/06/2025,1,Sim,Dados confirmados
1117,Masculino,30,Nampula,Licenciatura,Casado,36509.22,155.0,55.6,Muito satisfeito,22/01/1994,23/10/2025,1,Não,Dados confirmados
1118,Masculino,28,Maputo,Licenciatura,Viúvo,30361.12,175.4,57.3,Muito insatisfeito,16/04/1996,16/05/2025,0,Sim,N/A
1119,Feminino,30,Nampula,Licenciatura,Solteiro,26268.5,170.9,72.5,Insatisfeito,21/06/1994,31/08/2025,2,Sim,Entrevista concluída
1120,Masculino,37,Gaza,Secundária,União de facto,36878.97,159.7,77.7,Satisfeito,18/01/1987,17/10/2025,2,Não,Sem observações
1121,Masculino,39,Sofala,Secundária,Divorciado,22487.17,154.6,73.6,Insatisfeito,05/08/1985,12/09/2025,5,Não,Entrevista concluída
1122,Masculino,30,Maputo,Licenciatura,União de facto,9358.53,166.9,50.7,Neutro,29/07/1994,21/09/2025,2,Sim,Contacto posterior
1123,Masculino,32,Tete,Licenciatura,Divorciado,42530.42,171.5,83.0,Muito satisfeito,10/03/1992,25/12/2025,3,Sim,Contacto posterior
1124,Feminino,18,Maputo,Secundária,Solteiro,19559.29,166.5,58.5,Muito insatisfeito,16/04/2006,08/04/2025,3,Não,Necessita revisão
1125,Masculino,18,Inhambane,Primária,Divorciado,34493.57,163.8,77.5,Satisfeito,20/03/2006,07/12/2025,4,Sim,Necessita revisão
1126,Masculino,37,Maputo,Técnica,União de facto,8218.87,156.3,74.6,Muito satisfeito,05/08/1987,18/09/2025,3,Sim,Contacto posterior
1127,Feminino,31,Manica,Licenciatura,Viúvo,30121.57,169.3,59.3,Neutro,08/08/1993,30/06/2025,1,Não,Dados confirmados
1128,Feminino,30,Sofala,Secundária,Divorciado,3589.85,166.8,86.0,Satisfeito,27/02/1994,19/06/2025,2,Não,Sem observações
1129,Masculino,47,Sofala,Primária,Casado,23659.44,171.0,47.4,Muito insatisfeito,17/09/1977,14/08/2025,3,Não,Sem observações
1130, feminino,18,Niassa,Nenhuma,União de facto,6735.51,173.6,87.7,Satisfeito,26/11/2006,29/09/2025,0,Sim,Entrevista concluída
1131,Feminino,31,Gaza,Secundária,União de facto,36705.13,159.1,72.5,Muito insatisfeito,09/07/1993,30/10/2025,3,Sim,Contacto posterior
1132,Masculino,38,Gaza,Primária,Divorciado,17393.77,172.4,98.9,Neutro,13/02/1986,25/02/2025,2,Sim,Dados confirmados
1133,Feminino,23,Zambézia,Secundária,Solteiro,10663.65,166.5,77.6,Satisfeito,21/05/2001,29/04/2025,2,Não,Entrevista concluída
1134,Masculino,33,Maputo,Secundária,Viúvo,6108.6,145.9,54.1,Insatisfeito,01/06/1991,19/10/2025,0,Sim,Entrevista concluída
1135,Feminino,25,Gaza,Secundária,Viúvo,11381.67,168.8,64.6,Muito satisfeito,14/12/1999,09/06/2025,1,Sim,Necessita revisão
1136,Feminino,39,Cabo Delgado,Secundária,Casado,34730.44,149.9,49.3,Insatisfeito,28/12/1985,08/07/2025,0,Sim,Necessita revisão
1137,Masculino,45,Maputo,Primária,Solteiro,16590.07,164.4,81.1,Satisfeito,23/12/1979,26/01/2025,2,Não,Sem observações
1138,Masculino,35,Cabo Delgado,Licenciatura,Casado,22085.76,156.5,71.3,Insatisfeito,04/10/1989,24/07/2025,0,Sim,Entrevista concluída
1139,Feminino,63,Zambézia,secundaria,Divorciado,19088.87,162.0,75.2,Neutro,12/06/1961,30/01/2025,1,Não,Sem observações
1140,Feminino,18,Inhambane,Primária,Viúvo,7623.32,182.3,49.9,Muito insatisfeito,02/03/2006,11/02/2025,5,Não,Dados confirmados
1141,Masculino,53,Tete,Secundária,União de facto,20803.06,144.3,51.4,Muito satisfeito,05/02/1971,15/09/2025,1,Sim,Sem observações
1142,Feminino,66,Sofala,Secundária,Viúvo,21516.91,173.8,35.0,Satisfeito,27/12/1958,16/12/2025,3,Sim,Dados confirmados
1143,Masculino,37,Nampula,Secundária,Divorciado,13405.64,160.4,79.0,Muito satisfeito,26/12/1987,24/01/2025,0,Sim,corrigir
1144,Feminino,42,Cabo Delgado,Licenciatura,Solteiro,36455.68,169.0,66.2,Muito satisfeito,30/04/1982,29/03/2025,1,Sim,Sem observações
1145,Masculino,,Gaza,Licenciatura,Divorciado,13055.96,176.0,98.3,Muito insatisfeito,04/11/1981,09/04/2025,1,Sim,Contacto posterior
1146,Feminino,21,Sofala,Secundária,Separado,16306.23,151.6,60.6,Muito insatisfeito,14/08/2003,10/01/2025,0,Não,Necessita revisão
1147,Feminino,45,Cabo Delgado,Licenciatura,Casado,60305.02,160.7,75.0,Muito satisfeito,17/04/1979,09/11/2025,1,Não,Sem observações
1128,Masculino,51,Nampula,Secundária,Casado,29197.95,155.6,53.3,Insatisfeito,24/04/1973,25/11/2025,4,Não,Dados confirmados
1149,Feminino,29,Tete,Licenciatura,Divorciado,22761.41,175.2,74.2,Neutro,14/05/1995,01/04/2025,1,Não,Dados confirmados
1150,Masculino,28,Sofala,Nenhuma,Divorciado,7866.02,157.0,88.0,Neutro,12/10/1996,13/10/2025,4,Sim,Entrevista concluída
1151,Feminino,18,Niassa,Licenciatura,Casado,10669.74,179.0,55.0,Satisfeito,28/05/2006,08/11/2025,1,Sim,Dados confirmados
1152,Masculino,45,Nampula,Primária,Divorciado,18549.56,179.0,44.3,Muito satisfeito,11/08/1979,06/01/2025,2,Sim,Contacto posterior
1153,Masculino,33,Cabo Delgado,Secundária,Viúvo,34735.31,169.0,76.1,Neutro,21/11/1991,04/03/2025,3,Sim,Dados confirmados
1154,Masculino,31,Maputo,Primária,Casado,18230.39,165.5,95.1,Satisfeito,29/11/1993,16/07/2025,2,Não,Dados confirmados
1155,Masculino,18,Maputo,Secundária,União de facto,16174.82,158.4,70.5,Insatisfeito,04/02/2006,20/12/2025,2,Não,Dados confirmados
1156,Feminino,28,Cabo Delgado,Secundária,Divorciado,5864.25,141.7,68.4,Satisfeito,06/02/1996,02/11/2025,1,Sim,Entrevista concluída
1157,Masculino,40,Inhambane,Secundária,Viúvo,25015.26,182.7,70.3,Neutro,1984-02-21,20/07/2025,2,Não,Contacto posterior
1158,Feminino,28,Sofala,Licenciatura,União de facto,6371.34,169.4,85.7,Insatisfeito,19/10/1996,15/07/2025,0,Não,Dados confirmados
1159,Masculino,50,Sofala,Primária,Casado,80912.47,156.9,65.2,Muito Satisfeito,19/05/1974,18/01/2025,3,Sim,Dados confirmados
1160,Feminino,21,Niassa,Licenciatura,União de facto,22602.14,166.4,64.8,Muito insatisfeito,14/06/2003,25/10/2025,3,Não,Contacto posterior
1161,Feminino,36,Maputo,Nenhuma,Divorciado,20841.42,149.2,85.0,Neutro,03/08/1988,10/08/2025,1,Não,N/A
1162,Masculino,27,Gaza,Secundária,Solteiro,15000 MZN,180.4,62.9,Muito satisfeito,04/02/1997,01/02/2025,2,Não,Contacto posterior
1163,Masculino,25,Sofala,Licenciatura,Casado,26930.83,172.4,78.6,Insatisfeito,10/06/1999,30/07/2025,5,Sim,Contacto posterior
1164,Masculino,19,Inhambane,Nenhuma,Casado,26154.66,250,80.9,Insatisfeito,09/11/2005,01/08/2025,3,Sim,Contacto posterior
1165,Masculino,24,Manica,Licenciatura,Divorciado,25134.27,,73.7,Muito satisfeito,18/01/2000,05/02/2025,1,Não,Necessita revisão
1166,Masculino,18,Inhambane,Secundária,Viúvo,16606.94,154.7,68.9,Muito insatisfeito,14/04/2006,16/05/2025,1,Y,Contacto posterior
1167,Feminino,24,Quelimane,Secundária,Casado,29005.86,175.9,72.9,Muito satisfeito,01/06/2000,17/06/2025,3,Não,Sem observações
1168,Feminino,24,Tete,Mestrado,solteiro,40848.89,166.0,42.4,Insatisfeito,23/07/2000,06/12/2025,1,Sim,Entrevista concluída
1169,Masculino,34,Maputo,Técnica,Viúvo,16471.99,173.9,42.8,Insatisfeito,28/05/1990,24/07/2025,3,Sim,Sem observações
1170,Masculino,25,Sofala,Secundária,Solteiro,21071.6,145.3,85.4,Muito satisfeito,22/03/1999,05/02/2025,1,Sim,Entrevista concluída
1171,Feminino,34,Inhambane,Primária,União de facto,25867.1,173.6,81.1,Insatisfeito,01/10/1990,02/10/2025,3,Sim,Necessita revisão
1172,Feminino,44,Gaza,Nenhuma,Viúvo,8941.02,162.7,66.4,Insatisfeito,29/07/1980,25/11/2025,,Sim,Contacto posterior
1173,Feminino,41,Sofala,Licenciatura,Casado,6770.99,174.6,77.1,Neutro,13/05/1983,23/02/2025,5,Não,Sem observações
1174,Feminino,52,Nampula,Primária,União de facto,6581.75,159.5,54.9,Insatisfeito,07/06/1972,14/12/2025,3,Sim,Contacto posterior
1175,Feminino,42,Inhambane,Primária,União de facto,26406.26,164.3,77.9,Insatisfeito,25/03/1982,16/06/2025,2,Sim,Dados confirmados
1176,Feminino,25,Niassa,Licenciatura,Viúvo,22531.55,178.1,69.0,Neutro,01/04/1999,02/03/2025,1,Não,Necessita revisão
3297,Masculino,43,Nampula,Desconhecido,Solteiro,15379.23,157.0,56.4,Insatisfeito,23/01/1981,06/08/2025,3,Não,Dados confirmados
1178,Feminino,47,Maputo,Secundária,União de facto,34674.72,171.3,70.4,Muito satisfeito,06/07/1977,24/05/2025,2,Não,Entrevista concluída
1179,Masculino,52,Gaza,Licenciatura,Viúvo,0,148.5,84.3,Satisfeito,22/06/1972,10/06/2025,3,Sim,Sem observações
1180,Feminino,34,Tete,Secundária,Casado,21353.2,165.8,60.8,Neutro,16/10/1990,31/10/2025,2,Não,Necessita revisão
1181,Feminino,47,Maputo,Secundária,União de facto,23825.82,164.8,75.5,Insatisfeito,01/05/1977,03/12/2025,4,Sim,Dados confirmados
1182,Masculino,44,Sofala,Primária,Viúvo,38222.33,177.7,53.8,Muito satisfeito,09/11/1980,02/01/2025,2,Não,Necessita revisão
1183,Masculino,34,Nampula,Primária,Casado,14759.23,151.0,67.5,Neutro,12/07/1990,25/09/2025,2,Não,Sem observações
1184,Feminino,26,Niassa,Técnica,Solteiro,47494.83,162.4,71.3,Satisfeito,20/03/1998,07/01/2025,1,Sim,Necessita revisão
1185,Feminino,31,Gaza,Licenciatura,Casado,16825.39,147.4,61.7,Neutro,29/11/1993,20/10/2025,1,Não,Entrevista concluída
1186,Masculino,23,Zambézia,Secundária,Solteiro,43753.21,165.7,50.3,Insatisfeito,19/09/2001,06/08/2025,0,Sim,Entrevista concluída
1187,Feminino,25,Cabo Delgado,Mestrado,Solteiro,10741.43,156.8,73.3,Insatisfeito,05/02/1999,12/12/2025,5,Não,Sem observações
1188,Masculino,43,Zambézia,Mestrado,Casado,24307.11,154.4,100.0,Muito satisfeito,21/01/1981,08/03/2025,1,Não,Dados confirmados
1189,Feminino,27,Maputo,Mestrado,Viúvo,23200.68,169.7,77.4,Muito satisfeito,11/08/1997,12/08/2025,2,Sim,Entrevista concluída
1190,Masculino,18,Niassa,Licenciatura,Divorciado,6747.18,162.1,67.0,Muito insatisfeito,14/07/2006,29/07/2025,2,Não,Necessita revisão
ID-1191,Masculino,29,Sofala,Primária,União de facto,20887.54,162.0,50.8,Neutro,10/04/1995,29/11/2025,5,Sim,Sem observações
1192,Masculino,150,Cabo Delgado,Licenciatura,União de facto,26805.66,173.9,66.0 kg,Satisfeito,07/08/1982,31/12/2025,1,Sim,Entrevista concluída
1193,Feminino,49,Tete,Secundária,Divorciado,10206.81,168.4,64.7,Satisfeito,04/06/1975,30/04/2025,2,Sim,Necessita revisão
1194,Feminino,29,Maputo,Secundária,Divorciado,50043.59,191.7,46.2,Insatisfeito,02/01/1996,08/05/2025,0,Sim,Entrevista concluída
1195,Masculino,21,Gaza,Licenciatura,Divorciado,42132.08,161.0,53.1,Neutro,03/08/2003,08/11/2025,3,Sim,Dados confirmados
1196,Feminino,45,Tete,Secundária,Divorciado,22643.33,167.6,63.7,Insatisfeito,24/07/1979,04/10/2025,1,Sim,Sem observações
1197,Feminino,23,Tete,Secundária,União de facto,41602.47,158.2,82.9,Muito insatisfeito,26/04/2001,08/08/2025,1,Não,Sem observações
1192,Feminino,21,Sofala,Secundária,Viúvo,16818.45,164.0,65.2,Neutro,19/04/2003,18/07/2025,3,Não,Contacto posterior
1199,Feminino,41,Zambézia,Primária,Viúvo,37316.12,161.6,87.8,Muito insatisfeito,15/10/1983,16/12/2025,2,Não,Contacto posterior
1200,Feminino,35,Cabo Delgado,Primária,União de facto,8462.56,168.8,61.6,Neutro,30/04/1989,16/12/2025,2,Sim,Entrevista concluída
1201,Masculino,43,Niassa,Licenciatura,Viúvo,15945.81,165.8,50.5,Muito satisfeito,14/10/1981,15/03/2025,1,Sim,Necessita revisão
1202,Feminino,38,Nampula,Secundária,Solteiro,10809.04,161.9,52.2,Muito insatisfeito,25/02/1986,21/04/2025,1,Sim,Dados confirmados
1203,Feminino,34,Nampula,Secundária,Viúvo,17291.77,160.5,60.3,Neutro,15-08-1987,15/07/2025,0,Sim,Dados confirmados
1204,Feminino,36,Maputo,Técnica,Casado,25299.33,170.6,64.4,Muito insatisfeito,11/10/1988,23/10/2025,4,Não,Sem observações 
1205,Masculino,36,Tete,Secundária,Casado,11846.05,180.1,56.8,Neutro,28/07/1988,13/05/2025,0,,Dados confirmados
1206,Feminino,46,Sofala,Secundária ,Solteiro,46287.87,175.8,67.9,Neutro,21/05/1978,19/04/2025,4,Sim,Necessita revisão
1207,Feminino,33,Niassa,Técnica,Viúvo,13801.35,149.7,69.7,Satisfeito,01/05/1991,08/25/2025,1,Sim,Entrevista concluída
1208,Masculino,38,Manica,Licenciatura,Viúvo,24381.83,166.6,64.2,Muito insatisfeito,26/12/1986,30/11/2025,1,Não,Entrevista concluída
1209,Feminino,61,Zambézia,Secundária,Viúvo,22314.65,168.4,92.1,Muito satisfeito,24/05/1963,21/01/2025,2,Não,Contacto posterior
1210,Masculino,18,Gaza,Primária,União de facto,28869.06,152.6,52.8,Muito satisfeito,21/01/2006,18/10/2025,3,Não,Sem observações
1211,Masculino,18,Sofala,Secundária,União de facto,,166.2,68.3,6,12/11/2006,29/07/2025,3,Não,Sem observações
1212,Masculino,34,Zambézia,Licenciatura,União de facto,32328.69,165.1,60.5,Satisfeito,01/09/1990,13/10/2025,-1,Não,Dados confirmados
1213,Feminino,18,Manica,Secundária,Solteiro,22234.63,165.9,79.8,Muito satisfeito,21/09/2006,11/03/2025,3,Sim,Contacto posterior
1214,Feminino,35,Maputo,Secundária,União de facto,13083.5,164.9,60.7,Insatisfeito,08/10/1989,24/06/2025,1,Sim,Contacto posterior
1215,Masculino,27,Gaza,Nenhuma,Divorciado,12639.52,176.4,49.8,Insatisfeito,06/05/1997,09/11/2025,0,Não,Sem observações
1216,Masculino,18,Sofala,Primária,Divorciado,64304.82,157.7,65.5,Satisfeito,02/04/2006,23/09/2025,0,Sim,Necessita revisão
1217,Feminino,23,Inhambane,Mestrado,Casado,14488.29,175.2,52.9,Insatisfeito,01/02/2001,17/03/2025,1,Sim,Entrevista concluída
1218,Masculino,32,Manica,Secundária,Solteiro,7331.62,153.1,35.6,Muito satisfeito,08/01/1992,29/12/2025,0,Sim,Sem observações
1219,Masculino,18,Maputo,Técnica,Divorciado,26152.26,166.5,69.6,Muito insatisfeito,21/01/2006,15/06/2025,1,S,Sem observações
1220,Feminino,31,Tete,Licenciatura,Casado,14158.8,187.3,80.5,MS,13/10/1993,20/04/2025,3,Sim,Sem observações
1221,Feminino,27,Sofala,Secundária,Divorciado,25620.4,188.4,89.7,Muito satisfeito,16/12/1997,22/12/2025,1,Sim,Sem observações
1222,Feminino,18,Tete,Licenciatura,Casado,17733.31,167.9,64.7,Muito insatisfeito,24/05/2006,09/01/2025,1,Sim,Sem observações
1223,Masculino,18,Maputo,Secundária,Solteiro,13098.56,157.8,65.4,Satisfeito,24/02/2006,15/04/2025,1,Não,Sem observações
1224,Masculino,28,Gaza,Primária,Divorciado,6405.74,173.1,60.8,Neutro,13/09/1996,16/12/2025,2,Não,Contacto posterior
1225,Feminino,44,Manica,Secundária,Solteiro,11708.94,150.7,69.6,Neutro,16/03/1980,30/05/2025,2,Não,Contacto posterior
1226,Masculino,37,Manica,Primária,Casado,50025.16,169.5,57.7,Satisfeito,06/12/1987,28/01/2025,3,Não,Sem observações
1227,Feminino,43,Tete,Secundária,Solteiro,10958.45,161.8,80.3,Satisfeito,08/12/1981,16/03/2025,0,Sim,Necessita revisão
1228,Feminino,32,Gaza,Primária,,84607.43,169.3,63.1,Muito satisfeito,03/05/1992,29/03/2025,2,Sim,Dados confirmados
1229,Feminino,45,Sofala,Licenciatura,União de facto,20795.19,165.4,78.8,Muito insatisfeito,30/03/1979,17/04/2025,0,Não,Entrevista concluída
1230,Masculino,32,Nampula,Técnica,Casado,8208.0,182.5,51.8,Insatisfeito,24/09/1992,25/11/2025,1,Não,Entrevista concluída
1231,Masculino,22,Tete,Licenciatura,União de facto,33568.26,152.9,62.0,Neutro,20/11/2002,11/11/2025,0,Não,Entrevista concluída
1232,Feminino,45,Maputo,Secundária,Divorciado,29565.71,173.6,51.5,Muito insatisfeito,29/01/1979,17/04/2025,2,Não,Sem observações
1233,Masculino,30,Inhambane,Licenciatura,União de facto,16847.16,183.3,40.9,Insatisfeito,16/11/1994,13/01/2025,3,Não,Entrevista concluída
1234,Feminino,18,Zambézia,Secundária,Viúvo,69950.21,159.7,56.7,Muito insatisfeito,29/04/2006,02/04/2025,4,Sim,Necessita revisão
1235,Feminino,44,Niassa,Nenhuma,União de facto,42478.8,173.0,59.2,Muito satisfeito,16/11/1980,24/07/2025,1,Não,Entrevista concluída
1236,Feminino,19,Manica,Secundária,Divorciado,8298.53,150.0,47.9,Neutro,18/07/2005,22/08/2025,2,Sim,Entrevista concluída
1237,Feminino,31,Manica,Primária,Casado,14178.75,158.1,78.6,Insatisfeito,03/12/1993,24/09/2025,3,Sim,Sem observações
1238,Feminino,38,Gaza,Primária,Casado,18286.22,162.2,62.6,Insatisfeito,09/09/1986,08/12/2025,3,Não,Contacto posterior
1239,Feminino,31,Maputo,Secundária,Casado,16785.61,163.1,54.9,Insatisfeito,27/02/1993,10/04/2025,1,Não,Entrevista concluída
1240,Masculino,29,Maputo,Secundária,União de facto,12086.85,155.3,58.8,Muito satisfeito,10/04/1995,13/02/2025,3,Não,Entrevista concluída
1241,Masculino,58,Gaza,Primária,SOLTEIRO,24799.07,163.0,76.1,Muito insatisfeito,17/01/1966,04/01/2025,3,Sim,Dados confirmados
1242,Feminino,18,Maputo,Secundária,União de facto,10174.94,172.5,68.7,Muito insatisfeito,20/12/2006,28/07/2025,3,Não,Sem observações
1243,masc,44,Maputo,Licenciatura,Solteiro,28324.32,174.4,60.3,Satisfeito,16/10/1980,11/06/2025,2,Sim,Necessita revisão
1244,Feminino,20,Niassa,Técnica,Solteiro,7510.52,164.0,47.9,Muito insatisfeito,05/11/2004,23/11/2025,1,Não,Sem observações
1245,Masculino,19,Manica,Técnica,União de facto,15000 MZN,172.8,62.3,Muito satisfeito,28/07/2005,01/02/2025,2,Não,Sem observações
1246,Masculino,42,Sofala,Técnica,Divorciado,24050.97,181.4,60.1,Muito insatisfeito,1982-04-24,29/06/2025,2,Não,Entrevista concluída
1247,Feminino,43,Cabo Delgado,Técnica,Solteiro,68958.25,158.5,78.4,Satisfeito,04/12/1981,12/03/2025,1,Não,Sem observações 
1248,Feminino,18,Nampula,Primária,União de facto,50228.52,164.9,63.1,Muito insatisfeito,21/12/2006,31/07/2025,3,Não,Sem observações
1249,Feminino,38,Sofala,Secundária,Casado,9427.07,154.3,39.2,Muito insatisfeito,19/12/1986,01/11/2025,3,Não,Contacto posterior
1250,Masculino,38,Cabo Delgado,Secundária,Viúvo,10650.15,174.6,95.6,Insatisfeito,19/05/1986,09/02/2025,2,Sim,Necessita revisão
1251,Feminino,34,Tete,Licenciatura,Solteiro,19676.0,"166,7",49.8,Neutro,06/10/1990,03/07/2025,3,Sim,Contacto posterior
1252,Feminino,32,Maputo,Licenciatura,União de facto,17808.62,169.9,75.6,Neutro,13/07/1992,14/01/2025,1,Sim,Entrevista concluída
1253,Masculino,18,Cabo Delgado,Licenciatura,Casado,17467.18,168.2,68.8,Muito insatisfeito,18/03/2006,26/11/2025,0,2,Dados confirmados
1254,Masculino,59,Nampula,Licenciatura,Divorciado,24757.25,183.1,59.9,Insatisfeito,27/05/1965,28/02/2025,0,Sim,Sem observações
1255,Feminino,34,Nampula,Licenciatura,Divorciado,13621.59,152.2,,Neutro,28/12/1990,03/05/2025,2,Não,Necessita revisão
1256,Masculino,32,Maputo,Desconhecido,União de facto,13006.0,162.9,57.6,Neutro,26/02/1992,09/11/2025,0,Sim,Entrevista concluída
1257,Masculino,30,Niassa,Licenciatura,Casado,21714.85,162.7,72.6,Satisfeito,18/10/1994,05/08/2025,2,Não,Necessita revisão
1258,Feminino,33,Maputo,Secundária,União de facto,15295.71,173.4,84.2,Neutro,26/10/1991,06/06/2025,1,Não,Dados confirmados
1259,Feminino,26,Zambézia,Licenciatura,Divorciado,10256.96,169.4,72.8,Muito satisfeito,14/08/1998,12/11/2025,3,Não,Dados confirmados
1260,Feminino,26,Cabo Delgado,Secundária,Viúvo,20998.77,154.4,98.5,Muito insatisfeito,07/09/1998,29/12/2025,2,Sim,Entrevista concluída
1261,Masculino,42,Inhambane,Secundária,Casado,32174.86,250,65.9,Insatisfeito,19/02/1982,06/12/2025,1,Não,Dados confirmados
1262,Feminino,30,Nampula,Licenciatura,Divorciado,9547.32,180.0,72.9,Muito satisfeito,10/05/1994,01/12/2025,1,Sim,Sem observações
1263,Feminino,18,Nampula,Secundária,Divorciado,25739.9,169.9,63.7,Neutro,01/06/2006,09/05/2025,0,Sim,Contacto posterior
1264,Feminino,56,Tete,Licenciatura,Viúvo,13934.85,170.1,77.4,Muito satisfeito,05/06/1968,20/11/2025,0,Não,Contacto posterior
1265,Feminino,41,Inhambane,Técnica,União de facto,24201.95,187.9,60.1,Insatisfeito,11/02/1983,02/04/2025,2,Sim,Sem observações
1266,Masculino,40,,Primária,Solteiro,33459.91,167.2,66.4,Muito insatisfeito,,02/03/2025,2,Sim,Contacto posterior
1267,,44,Sofala,Licenciatura,Divorciado,7304.15,149.5,58.6,Satisfeito,11/11/1980,01/01/2027,1,Sim,Dados confirmados
1268,Masculino,35,Inhambane,Secundária,União de facto,999999,171.1,47.0,Muito satisfeito,17/10/1989,20/02/2025,1,Não,Necessita revisão
1269,Masculino,18,Cabo Delgado,Licenciatura,União de facto,20431.27,145.7,78.1,Satisfeito,16/09/2006,18/07/2025,1,Não,Entrevista concluída
1270,Feminino,38,Tete,Secundária,Viúvo,9842.84,153.9,63.8,Muito insatisfeito,20/05/1986,03/07/2025,2,Não,corrigir
1271,Feminino,35,Niassa,Licenciatura,Divorciado,47935.29,176.0,74.5,Muito satisfeito,28/03/1989,27/05/2025,1,Não,Contacto posterior
1272,Feminino,37,Maputo,Licenciatura,Divorciado,15838.09,163.7,65.5,Neutro,20/06/1987,13/11/2025,3,S,Contacto posterior
1273,Masculino,18,Gaza,LIC,Casado,11755.85,160.9,62.1,Muito satisfeito,20/07/2006,07/10/2025,2,Não,Entrevista concluída
1274,Masculino,35,Maputo,Nenhuma,Solteiro,18398.88,164.8,66.0,Satisfeito,21/04/1989,24/05/2025,1,Não,Necessita revisão
1275,Masculino,18,Maputo,Nenhuma,Divorciado,21247.46,167.1,104.1,Muito insatisfeito,05/08/2006,19/06/2025,2,Sim,Dados confirmados
1276,Masculino,41,Manica,Licenciatura,Viúvo,25867.59,166.1,55.8,Muito insatisfeito,14/01/1983,20/10/2025,1,Sim,Entrevista concluída
1277,Masculino,35,Gaza,Licenciatura,Casado,7023.72,183.6,70.4,Muito satisfeito,27/07/1989,10/09/2025,0,Não,Dados confirmados
1278,Feminino,34,Nampula,Primária,Divorciado,30903.35,166.4,81.4,Neutro,18/08/1990,12/21/2025,1,Sim,Sem observações
1279,Feminino,50,Gaza,Primária,Casado,10969.0,160.5,104.1,Muito insatisfeito,16/02/1974,29/05/2025,0,Sim,Contacto posterior
1280,Masculino,25,Inhambane,Secundária,União de facto,18388.78,158.7,94.8,Satisfeito,12/12/1999,24/01/2025,6,Não,Entrevista concluída
1281,Feminino,19,Zambézia,Mestrado,Viúvo,39476.6,150.2,60.2,5,20/10/2005,03/06/2025,4,Não,Necessita revisão
1282,Masculino,30,Zambézia,Licenciatura,Divorciado,12282.45,171.9,43.8,Muito insatisfeito,16/12/1994,17/02/2025,2,Não,Entrevista concluída
1283,Feminino,37,Niassa,Secundária,Viúvo,64871.27,184.2,77.1,Muito satisfeito,02/10/1987,01/12/2025,3,Sim,Contacto posterior
1284,Feminino,30,Cabo Delgado,Primária,Casado,20595.63,170.9,250,Insatisfeito,25/08/1994,26/11/2025,3,Sim,Dados confirmados
1285,Masculino,35,Maputo,Licenciatura,Divorciado,3984.99,160.2,56.2,Muito satisfeito,15/02/1989,21/12/2025,2,Não,Empregado em tempo inteiro
1286,Feminino,35,Sofala,Secundária,Casado,22714.11,168.5,85.2,Muito insatisfeito,01/01/1990,10/03/2025,3,Não,Contacto posterior
1287,Feminino,41,Sofala,Primária,União de facto,31989.81,180.1,73.2,Muito satisfeito,02/04/1983,04/04/2025,1,Não,Necessita revisão
1288,Feminino,36,Zambézia,Licenciatura,Divorciado,6329.15,173.5,77.2,Muito satisfeito,18/04/1988,15/09/2025,1,Sim,Sem observações
1289,Masculino,37,Nampula,Primária,Viúvo,8037.01,188.5,64.8,Satisfeito,15/01/1987,08/10/2025,2,Sim,Entrevista concluída
1290,Masculino,24,Sofala,Primária,União de facto,62407.73,159.0,81.1,Insatisfeito,05/06/2000,19/12/2025,2,Não,Sem observações 
1291,Feminino,51,Cabo Delgado,Nenhuma,Solteiro,12615.63,167.7,49.5,Neutro,03/01/1974,03/03/2025,2,Sim,Contacto posterior
1292,Feminino,18,Zambézia,Licenciatura,Viúvo,25343.61,167.0,67.6,Neutro,24/05/2006,01/05/2025,4,Não,Sem observações
1293,Feminino,30,Cabo Delgado,Mestrado,União de facto,34987.19,176.3,71.9,Muito satisfeito,20/09/1994,06/12/2025,4,Sim,Necessita revisão
1294,Feminino,41,Gaza,Secundária,Viúvo,25956.3,176.4,96.2,Satisfeito,28/07/1983,04/03/2025,5,Sim,Necessita revisão
1295,Feminino,49,Manica,Licenciatura,União de facto,57458.59,156.9,92.2,Muito satisfeito,26/09/1975,17/06/2025,1,Sim,Contacto posterior
1296,Masculino,31,Manica,Licenciatura,União de facto,25754.53,164.7,58.6,Muito satisfeito,19/04/1993,03/11/2025,5,Sim,Necessita revisão
1297,Feminino,49,Gaza,Técnica,Viúvo,9626.92,152.4,69.2,Muito satisfeito,29/03/1975,11/04/2025,0,Não,Contacto posterior
1298,Feminino,35,Niassa,Secundária,Divorciado,28503.14,165.6,75.5,Neutro,30/10/1989,30/05/2025,1,Sim,Dados confirmados
1299,Masculino,40,Nampula,Licenciatura,Divorciado,17357.2,165.6,67.8,Neutro,18/08/1984,11/11/2025,3,Sim,Entrevista concluída
1300,Masculino,34,Manica,Nenhuma,União de facto,6559.94,166.1,63.9,Muito satisfeito,03/03/1990,15/01/2025,2,Sim,Sem observações
1301,Feminino,39,Manica,Licenciatura,Divorciado,49895.43,173.8,77.6,Neutro,08/05/1985,13/10/2025,0,Não,Sem observações
1302,Feminino,41,Gaza,Técnica,Divorciado,6350.24,152.3,73.1,Satisfeito,04/02/1983,28/09/2025,0,Não,Contacto posterior
1303,Feminino,18,Manica,Licenciatura,Divorciado,26768.41,169.3,49.9,Insatisfeito,27/05/2006,19/02/2025,2,Sim,Contacto posterior
1304,Feminino,23,Zambézia,Mestrado,Viúvo,95538.21,154.5,76.7,Muito insatisfeito,24/01/2001,02/04/2025,1,Não,Contacto posterior
1305,Feminino,43,Sofala,Secundária,União de facto,11112.57,174.4,55.9,Insatisfeito,04/01/1981,07/11/2025,3,Não,Contacto posterior
1306,Feminino,18,Sofala,Secundária,Viúvo,9524.0,163.7,91.0,Muito satisfeito,10/09/2006,07/03/2025,2,Sim,Sem observações
1307,Feminino,42,Manica,Secundária,Solteiro,23604.46,167.2,55.8,Satisfeito,16/06/1982,26/12/2025,0,Sim,Necessita revisão
1308,Feminino,52,Sofala,Secundária,Casado,14278.23,167.2,65.6,Satisfeito,24/02/1972,05/09/2025,1,Sim,Entrevista concluída
1309,Masculino,31,Nampula,Nenhuma,Solteiro,8097.42,169.2,56.8,Satisfeito,16/03/1993,18/07/2025,1,Sim,Dados confirmados
1310,Feminino,27,Nampula,Secundária,Viúvo,0,176.3,58.2,Satisfeito,17/06/1997,03/05/2025,3,Não,Entrevista concluída
1311,Masculino,38,Zambézia,Secundária,Divorciado,20222.55,169.3,58.1,Insatisfeito,15/11/1986,10/10/2025,1,Sim,Sem observações
1312,Masculino,44,Zambézia,Secundária,Casado,24326.04,141.5,58.4,Neutro,01/09/1980,28/01/2025,2,Não,Dados confirmados
1313,Masculino,37,Nampula,Técnica,União de facto,18955.57,175.0,43.5,Muito satisfeito,05/12/1987,08/07/2025,20,Não,Entrevista concluída
1314,Masculino,38,Manica,Secundária,casado,9764.36,174.4,76.3,Satisfeito,25/01/1986,29/06/2025,1,Sim,Contacto posterior
1315,Masculino,25,Tete,,Casado,12625.48,177.7,59.9,Satisfeito,03/08/1999,04/06/2025,2,Não,Dados confirmados
1316,Masculino,50,Inhambane,Primária,União de facto,61739.84,164.5,67.0,Muito satisfeito,23/07/1974,30/12/2025,0,Não,Contacto posterior
1317,Feminino,28,Inhambane,Licenciatura,Solteiro,16430.59,180.0,66.4,Neutro,24/01/1996,07/10/2025,0,Não,Necessita revisão
1318,Feminino,27,Manica,Primária,Casado,11235.13,152.1,69.5,Insatisfeito,01/06/1997,24/01/2025,2,Não,Dados confirmados
1319,Feminino,24,Manica,Secundária,Divorciado,47796.64,146.5,72.6,Muito insatisfeito,30/04/2000,04/03/2025,1,Não,Entrevista concluída
1320,Feminino,18,Cabo Delgado,Primária,União de facto,12575.9,175.4,64.0,Neutro,27/04/2006,24/10/2025,2,Sim,Sem observações
1321,Feminino,29,Cabo Delgado,Secundária,Solteiro,18423.33,163.8,52.5,Satisfeito,21/10/1995,28/02/2025,3,Sim,Sem observações
1322,Feminino,26,Gaza,Primária,Casado,29773.1,173.4,60.0,Neutro,02/07/1998,01/05/2025,2,Não,Sem observações
1323,Masculino,18,Tete,Primária,Casado,32100.1,172.1,76.9,Insatisfeito,16/02/2006,21/02/2025,6,Sim,Entrevista concluída
1324,Masculino,45,Maputo,Secundária,Divorciado,22713.17,158.8,92.6,Insatisfeito,15/05/1979,22/05/2025,5,Não,Dados confirmados
1325,Masculino,28,Inhambane,Secundária,Solteiro,32653.94,152.6,72.3,Insatisfeito,19/12/1996,26/07/2025,7,sim,Dados confirmados
1326,Masculino,33,Niassa,Nenhuma,Casado,13088.47,159.2,38.4,Insatisfeito,19/01/1991,20/08/2025,1,Sim,Dados confirmados
1327,Masculino,37,Manica,Técnica,Solteiro,18135.96,158.1,90.8,Muito satisfeito,08/04/1987,18/08/2025,4,Não,Dados confirmados
1328,Masculino,51,Nampula,Primária,Solteiro,15000 MZN,165.6,61.3,Muito insatisfeito,21/04/1973,01/06/2025,2,Sim,Necessita revisão
1329,Masculino,33,Cabo Delgado,Secundária,União de facto,3857.12,163.2,64.0,Muito satisfeito,07/12/1991,11/04/2025,2,Não,Dados confirmados
1330,Masculino,23,Niassa,Secundária,Viúvo,14853.3,170.3,86.9,Insatisfeito,10/03/2001,06/02/2025,2,Não,Necessita revisão
1331,Masculino,38,Manica,Primária,Casado,61500.07,171.4,63.4,Muito satisfeito,24/12/1986,29/10/2025,4,Sim,Dados confirmados
1332,Feminino,30,Inhambane,Primária,Divorciado,6838.15,170.6,83.2,Satisfeito,14/09/1994,29/09/2025,3,Sim,Dados confirmados
1333,Masculino,44,Sofala,Secundária,Solteiro,25892.49,157.6,46.1,Satisfeito,19/07/1980,23/02/2025,2,Não,SEM OBSERVAÇÕES
1334,Feminino,39,Zambézia,Primária,União de facto,18410.19,177.3,65.6,Satisfeito,31/12/1985,24/11/2025,3,Sim,Sem observações
1335,Masculino,39,Zambézia,Licenciatura,Divorciado,21629.84,164.5,57.2,Satisfeito,1985-11-26,04/02/2025,1,Não,Necessita revisão
1336,Feminino,41,Sofala,Licenciatura,Viúvo,105221.54,164.0,66.2,Insatisfeito,12/04/1983,02/03/2025,3,Sim,Contacto posterior
1337,Feminino,47,Inhambane,Mestrado,Separado,15386.29,167.6,56.1,Insatisfeito,23/04/1977,13/05/2025,2,Não,Dados confirmados
1338,Masculino,46,Cabo Delgado,Secundária,Casado,12826.74,158.0,57.2,Satisfeito,12/08/1978,,1,Não,Sem observações
1339,Masculino,39,Manica,Licenciatura,Divorciado,16372.44,160.6,85.5,Insatisfeito,17/06/1985,29/09/2025,2,Sim,Contacto posterior
1340,Masculino,36,Zambézia,Secundária ,Solteiro,22607.76,162.9,83.8,Muito satisfeito,04/03/1988,29/09/2025,3,Não,Entrevista concluída
1341,Feminino,5,Cabo Delgado,Técnica,Solteiro,30437.16,147.0,51.7 kg,Muito insatisfeito,18/06/2006,10/01/2025,4,Não,Dados confirmados
1342,Masculino,41,Sofala,Secundária,Divorciado,17238.56,169.7,71.8,Muito Satisfeito,14/08/1983,28/02/2025,2,Sim,Entrevista concluída
1343,Masculino,30,Maputo,Licenciatura,Divorciado,15346.75,177.5,69.1,Neutro,14/11/1994,30/08/2025,2,Sim,Contacto posterior
1344,Feminino,26,Cabo Delgado,Licenciatura,Solteiro,60875.98,156.6,67.7,Muito insatisfeito,15/10/1998,21/03/2025,2,Não,Contacto posterior
1345,Feminino,47,Tete,Secundária,Divorciado,35402.71,166.5,73.1,Satisfeito,19/06/1977,13/10/2025,4,Sim,Entrevista concluída
1346,Feminino,33,Cabo Delgado,Primária,Viúvo,3743.04,158.3,59.2,Insatisfeito,17/09/1991,12/01/2025,1,Não,Dados confirmados
1347,Feminino,33,Manica,Primária,União de facto,17180.42,167.3,76.4,Satisfeito,12/04/1991,22/03/2025,1,Não,Necessita revisão
1348,Feminino,34,Tete,Licenciatura,Solteiro,23721.06,163.9,63.1,Insatisfeito,20/05/1990,20/04/2025,4,Sim,Sem observações
1349,Feminino,49,Gaza,Primária,Solteiro,11310.41,187.6,56.3,Muito satisfeito,25/07/1975,03/15/2025,2,Não,Necessita revisão
1350,Masculino,47,Sofala,Licenciatura,Viúvo,23126.25,160.7,63.1,Insatisfeito,24/01/1977,23/10/2025,4,Não,Entrevista concluída
1351,Feminino,18,Manica,Licenciatura,União de facto,37694.73,150.9,75.0,Neutro,05/12/2006,07/12/2025,3,Sim,Sem observações
1352,Feminino,32,Nampula,Licenciatura,União de facto,37351.1,164.3,54.4,Neutro,24/03/1992,09/12/2025,2,Não,Entrevista concluída
1353,Feminino,48,Sofala,Secundária,Solteiro,13982.72,154.2,60.1,Muito satisfeito,20/09/1976,16/06/2025,0,Sim,Necessita revisão
1354,Feminino,46,Tete,Técnica,União de facto,12243.51,148.0,71.4,Muito insatisfeito,03/08/1978,03/05/2025,2,Não,Sem observações
1355,X,42,Maputo,Secundária,Casado,5839.96,160.2,73.6,,12/06/1982,29/07/2025,3,Sim,Sem observações
1356,Masculino ,39,Cabo Delgado,Secundária,Viúvo,10735.9,173.4,76.0,Satisfeito,03/06/1985,11/08/2025,4,Não,Contacto posterior
1357,Masculino,19,Tete,Mestrado,Solteiro,10488.64,167.9,42.9,Muito insatisfeito,20/03/2005,25/11/2025,4,Não,Dados confirmados
1358,Masculino,57,Zambézia,Primária,Solteiro,7094.6,45,55.1,Muito insatisfeito,08/03/1967,27/07/2025,2,Sim,Entrevista concluída
1359,Feminino,35,Gaza,Técnica,Viúvo,29885.21,151.6,64.0,Neutro,02/02/1989,27/08/2025,1,Sim,Contacto posterior
1360,Feminino,35,Inhambane,Secundária,Casado,21460.83,163.1,74.5,Muito satisfeito,03/03/1989,27/05/2025,0,Não,Dados confirmados
1361,Masculino,32,Zambézia,Primária,União de facto,8587.94,166.3,67.7,Muito satisfeito,12/08/1992,14/02/2025,1,Não,Dados confirmados
1362,Masculino,62,Gaza,Licenciatura,Viúvo,25917.47,149.7,52.2,Satisfeito,31/10/1962,29/07/2025,1,Não,Sem observações
1363,Masculino,35,Gaza,Técnica,Viúvo,23128.02,163.3,46.0,Muito satisfeito,09/01/1989,14/06/2025,2,Sim,Entrevista concluída
1364,Masculino,33,Manica,Secundária,Casado,6691.2,155.2,63.8,Muito insatisfeito,23/10/1991,08/05/2025,0,Sim,Necessita revisão
1365,Masculino,46,Cabo Delgado,Licenciatura,Casado,16363.49,170.3,72.3,Muito insatisfeito,13/11/1978,05/03/2025,3,Não,Dados confirmados
1366,Masculino,25,Sofala,Secundária,Casado,10960.82,187.4,74.8,Satisfeito,24/08/1999,27/12/2025,3,Não,Necessita revisão
1367,Masculino,38,Maputo,Nenhuma,União de facto,10241.76,158.5,77.6,Satisfeito,01/06/1986,27/08/2025,2,Sim,Contacto posterior
1368,Masculino,52,Niassa,Primária,Solteiro,4963.32,154.1,62.6,Neutro,30/09/1972,22/12/2025,4,Não,Sem observações
1369,Feminino,37,Gaza,Secundária,Viúvo,11279.14,177.1,73.2,Muito insatisfeito,19/05/1987,22/03/2025,2,Sim,Dados confirmados
1370,Masculino,38,Nampula,Mestrado,Divorciado,45770.89,162.5,45.2,Insatisfeito,23/11/1986,21/09/2025,2,Não,Contacto posterior
1371,Masculino,19,Zambézia,Licenciatura,Solteiro,21454.31,169.5,71.2,Muito satisfeito,26/02/2005,08/12/2025,4,Não,Entrevista concluída
1372,Feminino,41,Manica,Licenciatura,Solteiro,43261.92,159.7,83.8,Satisfeito,03/05/1983,27/08/2025,1,Não,Necessita revisão
1373,Feminino,66,Niassa,Licenciatura,Solteiro,143412.2,170.7,72.7,Satisfeito,22/06/1958,01/03/2025,2,Não,Dados confirmados
1374,Masculino,,Sofala,Licenciatura,Casado,26773.78,172.0,67.5,Muito insatisfeito,11/11/2005,06/08/2025,0,Não,Dados confirmados
1375,Masculino,23,Inhambane,Técnica,Solteiro,26846.38,166.0,72.1,Muito satisfeito,28/05/2001,14/07/2025,1,Sim,Dados confirmados
1376,Feminino,36,Maputo,Mestrado,Viúvo,18413.78,156.2,61.7,Muito satisfeito,20/06/1988,08/05/2025,4,Sim,SEM OBSERVAÇÕES
1377,Feminino,18,Manica,Secundária,Casado,35628.81,150.9,85.5,Insatisfeito,15/01/2006,08/07/2025,5,Sim,Entrevista concluída
1378,Masculino,37,Cabo Delgado,Secundária,União de facto,9272.11,165.6,82.6,Muito satisfeito,03/06/1987,28/07/2025,3,sim,Necessita revisão
1379,Masculino,25,Inhambane,Licenciatura,União de facto,14226.34,157.0,52.6,Neutro,27/01/1999,23/04/2025,3,Sim,Contacto posterior
1380,Feminino,36,Niassa,Primária,Viúvo,7127.97,180.8,73.1,Neutro,22/06/1988,25/09/2025,2,Não,Sem observações
1381,Masculino,49,Manica,Secundária,Divorciado,24571.87,173.2,57.7,Insatisfeito,23/09/1975,03/03/2025,2,Não,Contacto posterior
1382,Feminino,18,Cabo Delgado,Primária,Casado,17279.51,168.8,64.2,Muito insatisfeito,15/01/2006,04/06/2025,4,Não,Dados confirmados
1383,Masculino,39,Cabo Delgado,Técnica,Divorciado,20863.21,171.1,71.3,Satisfeito,20/10/1985,11/05/2025,2,Não,Entrevista concluída
1384,Feminino,34,Maputo,Primária,Viúvo,,152.5,61.0,0,19/09/1990,17/04/2025,1,Sim,Dados confirmados
1385,Masculino,24,Cabo Delgado,Secundária,Viúvo,13757.97,156.5,49.4,Neutro,07/05/2000,15/02/2025,2,Sim,Entrevista concluída
1386,Masculino,34,Cabo Delgado,Licenciatura,União de facto,15551.26,174.9,84.2,Insatisfeito,23/10/1990,13/10/2025,2,Não,Sem observações
1387,Masculino,47,Sofala,Secundária,União-de-facto,16080.97,152.4,69.7,Neutro,26/12/1977,03/10/2025,2,Sim,Sem observações
1388,Feminino,20,Cabo Delgado,Primária,Casado,49544.26,156.2,66.9,Insatisfeito,08/01/2004,08/01/2025,3,Não,Sem observações
1389,Feminino,47,Niassa,Primária,Viúvo,26888.94,165.4,68.9,Neutro,17/05/1977,14/08/2025,3,Não,Dados confirmados
1390,Feminino,42,Nampula,Técnica,Casado,31925.42,"157,6",65.8,Muito satisfeito,13/07/1982,21/12/2025,0,Sim,Necessita revisão
1391,Masculino,28,Tete,Secundária,Solteiro,7682.82,150.4,250,Insatisfeito,09/04/1996,20/04/2025,2,Não,Contacto posterior
1392,Masculino,45,Gaza,Secundária,União de facto,31467.1,165.9,57.6,Muito satisfeito,18/04/1979,25/05/2025,5,Não,Necessita revisão
1393,Feminino,32,Inhambane,Técnica,Divorciado,6686.57,149.4,65.2,Neutro,19/05/1992,02/12/2025,3,Não,Entrevista concluída
1394,Feminino,49,Nampula,Licenciatura,Casado,5292.74,149.2,68.8,Insatisfeito,27/01/1975,18/10/2025,1,Sim,Dados confirmados
1395,Masculino,23,Maputo,Primária,Casado,15917.8,173.6,59.4,Insatisfeito,29/10/2001,05/03/2025,1,Sim,Dados confirmados
1396,Feminino,19,Inhambane,Primária,Solteiro,23213.43,168.3,81.8,Satisfeito,26/04/2005,18/08/2025,3,Não,Entrevista concluída
1397,Masculino,30,Maputo,Secundária,Solteiro,21627.07,168.4,65.5,Satisfeito,03/06/1994,07/03/2025,4,Sim,???
1398,Feminino,32,Manica,Primária,Divorciado,15101.07,,41.7,Insatisfeito,31/01/1992,05/04/2025,1,Sim,Contacto posterior
1399,Masculino,35,Sofala,Licenciatura,Viúvo,8626.75,177.9,71.5,Satisfeito,20/06/1989,28/03/2025,2,Sim,Dados confirmados
1400,Feminino,33,Sofala,Técnica,Casado,19650.19,164.2,80.3,Muito insatisfeito,02/07/1991,12/02/2025,1,Não,Dados confirmados
1401,Masculino,29,Zambézia,Nenhuma,Viúvo,8523.59,150.5,58.2,Muito insatisfeito,15/03/1995,09/08/2025,3,Não,Dados confirmados
1402,Feminino,18,Inhambane,Licenciatura,Viúvo,24996.63,183.5,42.1,Insatisfeito,02/11/2006,04/01/2025,4,Sim,Sem observações
1403,Masculino,51,Manica,Licenciatura,União de facto,12097.63,169.0,70.9,MS,01/11/1973,06/08/2025,3,Sim,Dados confirmados
1404,Masculino,18,Cabo Delgado,Primária,União de facto,14422.88,165.0,69.1,Satisfeito,11/05/2006,01/01/2026,3,Não,Contacto posterior
1405,Masculino,65,Gaza,Licenciatura,União de facto,8031.75,171.0,65.9,Insatisfeito,07/05/1959,30/08/2025,2,Não,Sem observações
1406,Masculino,30,Maputo,Secundária,Solteiro,33398.04,151.5,59.9,Muito insatisfeito,07/11/1994,11/06/2025,0,Não,Necessita revisão
1407,Masculino,41,Sofala,Secundária ,União de facto,23558.74,162.3,65.8,Muito insatisfeito,06/01/1983,15/03/2025,4,Não,Sem observações
1408,Feminino,19,Niassa,Licenciatura,Divorciado,9847.81,182.6,67.7,Muito satisfeito,27/07/2005,18/01/2025,1,Não,Contacto posterior
1409,Masculino,38,Sofala,Primária,Solteiro,6294.49,158.2,92.6,Insatisfeito,09/01/1986,09/03/2025,2,Sim,Necessita revisão
1410,Feminino,38,Gaza,Primária,Divorciado,22342.37,166.9,67.8,Muito satisfeito,23/05/1986,02/09/2025,1,Sim,Sem observações
1411,Feminino,44,Cabo Delgado,Licenciatura,Solteiro,15.000,176.9,57.1,Satisfeito,20/08/1980,06/01/2025,3,Sim,Necessita revisão
1412,Feminino,28,Inhambane,Mestrado,Solteiro,12335.77,159.5,78.4,Neutro,15/02/1996,04/01/2025,1,Sim,Necessita revisão
1413,Feminino,25,Nampula,Desconhecido,União de facto,17397.31,171.3,79.0,Muito satisfeito,13/04/1999,14/12/2025,2,Sim,Dados confirmados
1414,Masculino,28,Cabo Delgado,Nenhuma,Viúvo,56350.1,161.7,70.3,Insatisfeito,04/09/1996,20/10/2025,99,Sim,Necessita revisão
1415,Masculino,18,Cabo Delgado,Primária,Casado,101260.7,175.7,80.5,Neutro,18/11/2006,13/11/2025,3,Sim,Dados confirmados
1416,Feminino,55,Sofala,Licenciatura,Solteiro,12690.36,181.7,48.6,Insatisfeito,16/03/1969,12/10/2025,0,Não,Dados confirmados
1417,Masculino,27,Inhambane,Secundária,Divorciado,25950.44,152.0,68.2,Muito insatisfeito,27/04/1997,05/07/2025,2,Sim,Dados confirmados
1418,Feminino,39,Maputo,Licenciatura,União de facto,8505.0,157.1,64.3,Muito satisfeito,14/08/1985,28/10/2025,3,Não,Contacto posterior
1419,Masculino,23,Sofala,Técnica,Solteiro,43862.78,156.9,37.1,Neutro,22/05/2001,03/10/2025,2,Sim,Sem observações 
1407,Feminino,36,Sofala,Licenciatura,Divorciado,3604.23,166.1,63.4,Satisfeito,02/08/1988,10/16/2025,4,Sim,Sem observações
1420,Masculino,18,Tete,Licenciatura,Solteiro,9693.41,152.5,67.7,Neutro,01/11/2006,09/11/2025,2,Não,Dados confirmados
1422,Masculino,43,Manica,Nenhuma,União de facto,6263.54,171.7,62.0,Neutro,30/07/1981,11/10/2025,1,Sim,Sem observações
1423,Feminino,50,Cabo Delgado,Secundária,União de facto,26139.83,153.5,89.6,Muito satisfeito,09/08/1974,10/03/2025,2,Não,Sem observações
1424,Masculino,38,Nampula,Licenciatura,Viúvo,31160.56,162.9,81.7,Satisfeito,1986-06-16,11/06/2025,3,Não,Entrevista concluída
1425,Feminino,28,Maputo,Técnica,Divorciado,57930.79,158.0,56.0,Satisfeito,01/01/1997,10/02/2025,1,Sim,Contacto posterior
1426,Feminino,18,Zambézia,Licenciatura,Viúvo,4994.02,159.4,55.8,Muito satisfeito,09/03/2006,01/07/2025,1,Não,Entrevista concluída
1427,Feminino,49,Maputo,Primária,Viúvo,27648.96,164.6,58.7,Muito satisfeito,20/11/1975,03/01/2025,1,Não,Sem observações
1428,Feminino,35,Sofala,Secundária,Casado,29565.44,191.2,54.6,Muito insatisfeito,23/11/1989,23/07/2025,5,Não,Entrevista concluída
1429,Feminino,45,Tete,Secundária,Divorciado,17283.24,183.2,87.1,Muito satisfeito,29/07/1979,11/12/2025,0,Sim,Entrevista concluída
1430,Masculino,42,Inhambane,Secundária,Viúvo,44114.45,164.6,75.3,Insatisfeito,22/03/1982,05/01/2025,2,Não,Contacto posterior
1431,Feminino,36,Inhambane,Primária,Viúvo,20215.04,164.1,52.1,Muito insatisfeito,07/03/1988,25/01/2025,1,yes,Necessita revisão
1432,Masculino,38,Nampula,Secundária,Divorciado,15412.26,168.3,62.9,Muito insatisfeito,23/10/1986,14/07/2025,2,Unknown,Dados confirmados
1433,Feminino,18,Niassa,Secundária,Viúvo,15096.79,164.1,82.5,Insatisfeito,05/06/2006,16/09/2025,3,Não,Dados confirmados
1434,Masculino,68,Nampula,Primária,União de facto,40065.95,189.2,55.0,Muito satisfeito,03/02/1956,17/02/2025,4,Não,Entrevista concluída
1435,Masculino,27,Nampula,Mestrado,Solteiro,16041.01,163.6,77.1,Muito insatisfeito,10/08/1997,16/04/2025,3,Sim,Sem observações
1436,Feminino,18,Niassa,Primária,União de facto,71397.96,165.9,80.5,Neutro,16/11/2006,04/04/2025,0,Não,Sem observações
1437,Feminino,41,Niassa,Secundária,Casado,13820.45,178.5,68.2,Muito insatisfeito,29/06/1983,10/08/2025,1,Sim,Entrevista concluída
1438,Feminino,24,Tete,Mestrado,Casado,15599.43,175.4,84.6,Neutro,01/04/2000,13/08/2025,1,Sim,Dados confirmados
1439,Feminino,49,Manica,Primária,Casado,21998.09,161.9,73.9,Insatisfeito,31/03/1975,05/12/2025,1,Não,Dados confirmados
1440,Feminino,18,Zambézia,Licenciatura,União de facto,49812.27,171.8,36.9,Neutro,26/02/2006,31/12/2025,2,Não,Contacto posterior
1441,Feminino,22,Manica,Licenciatura,Viúvo,0,146.2,73.5,Neutro,23/07/2002,23/09/2025,5,Não,Entrevista concluída
1442,Masculino,39,Maputo,Técnica,União de facto,19821.53,169.8,55.7,Muito insatisfeito,28/03/1985,20/11/2025,3,Sim,Dados confirmados
1443,Masculino,27,Zambézia,Secundária,Solteiro,26988.52,183.9,76.7,Muito satisfeito,09/12/1997,18/04/2025,1,Não,Contacto posterior
1444,Masculino,31,Nampula,Licenciatura,União de facto,23893.62,176.5,51.9,Insatisfeito,04/04/1993,29/12/2025,4,Sim,Entrevista concluída
1445,Masculino,21,Gaza,Mestrado,Viúvo,22429.79,172.0,93.0,Insatisfeito,12/07/2003,22/07/2025,5,Sim,Sem observações
1446,Feminino,41,Tete,Nenhuma,Divorciado,12690.97,161.7,66.4,Neutro,01/04/1983,08/10/2025,0,,Dados confirmados
1447,Feminino,24,Inhambane,Secundária,União de facto,11707.41,182.9,60.1,Muito insatisfeito,23/01/2000,10/10/2025,1,Sim,Contacto posterior
1448,,33,Maputo,Técnica,Solteiro,25553.57,154.2,42.0,Muito satisfeito,29/04/1991,01/01/2027,3,Não,Contacto posterior
1449,Masculino,36,Manica,Secundária,Casado,31360.5,158.9,59.3,Muito insatisfeito,08/11/1988,03/06/2025,1,Não,Entrevista concluída
1450,Feminino,34,Inhambane,Primária,Divorciado,12893.82,175.3,63.6,Satisfeito,24/08/1990,16/04/2025,3,Não,Necessita revisão
1451,Masculino,38,Manica,Técnica,Casado,20914.86,173.0,56.8,Insatisfeito,26/09/1986,11/08/2025,1,Não,Dados confirmados
1452,Masculino,30,Niassa,Nenhuma,Casado,12536.32,149.8,80.7,Muito insatisfeito,08/06/1994,27/03/2025,1,Sim,Dados confirmados
1453,Masculino,34,Maputo,Primária,Solteiro,33619.29,178.2,67.2,Muito satisfeito,19/02/1990,10/04/2025,5,Não,Sem observações
1454,Masculino,19,Gaza,Licenciatura,União de facto,52015.2,158.1,68.7,Satisfeito,09/05/2005,16/06/2025,1,Não,Necessita revisão
1455,Masculino,20,Cabo Delgado,Mestrado,Divorciado,8734.01,250,63.7,Insatisfeito,04/12/2004,05/05/2025,3,Não,Contacto posterior
1456,Masculino,37,Tete,Secundária,União de facto,27125.8,167.3,59.9,Neutro,03/11/1987,16/02/2025,0,Sim,Dados confirmados
1457,Feminino,34,Sofala,Nenhuma,Divorciado,26238.62,167.4,61.1,Satisfeito,16/02/1990,02/07/2025,2,Sim,Entrevista concluída
1458,Masculino,41,Zambézia,Licenciatura,Solteiro,6955.73,162.7,67.5,Insatisfeito,17/06/1983,12/12/2025,2,Sim,Entrevista concluída
1459,Masculino,42,Sofala,Secundária,Divorciado,15921.48,155.3,60.9,Satisfeito,30/05/1982,09/03/2025,2,Não,Sem observações
1460,Feminino,32,Sofala,Técnica,casado,9894.14,169.7,72.9,Neutro,23/06/1992,24/10/2025,2,Sim,Dados confirmados
1461,Feminino,37,Maputo,Técnica,Viúvo,21074.64,144.7,67.5,Neutro,15/10/1987,19/05/2025,0,Não,Contacto posterior
1462,Feminino,18,Nampula,Licenciatura,União de facto,21171.07,168.6,82.2,Muito satisfeito,30/06/2006,21/10/2025,0,Não,Sem observações 
1463,Masculino,41,Maputo,Primária,Solteiro,89619.51,168.5,56.0,Satisfeito,25/02/1983,21/08/2025,4,Não,Contacto posterior
1464,Feminino,29,Tete,Técnica,Divorciado,11799.12,144.4,45.7,SATISFEITO,31/10/1995,30/06/2025,1,Não,Dados confirmados
1465,Masculino,57,Gaza,Técnica,Viúvo,24231.09,145.3,63.7,Neutro,04/01/1967,18/11/2025,,Sim,Dados confirmados
1466,Masculino,36,Gaza,Técnica,Solteiro,28061.68,172.5,76.3,Muito satisfeito,23/05/1988,27/12/2025,3,Não,Contacto posterior
1467,Masculino,40,Tete,Nenhuma,Casado,12330.47,166.9,89.9,Neutro,29/06/1984,11/11/2025,1,Sim,Contacto posterior
1468,Masculino,35,Manica,Licenciatura,Viúvo,12871.8,155.0,56.5,Muito insatisfeito,05/01/1989,19/10/2025,3,Não,Dados confirmados
1469,masc,62,Sofala,Secundária,Divorciado,12712.59,171.9,79.8,Muito satisfeito,15/05/1962,17/04/2025,1,Sim,Dados confirmados
1470,Feminino,18,Tete,Secundária,Divorciado,16632.26,152.8,77.2,Muito satisfeito,05/09/2006,20/09/2025,0,Não,Contacto posterior
1471,Feminino,45,Nampula,Primária,Viúvo,25205.96,161.4,51.1,Muito satisfeito,01/07/1979,23/03/2025,1,Não,Sem observações
1472,Feminino,28,Maputo,Secundária,Solteiro,23503.41,153.7,82.4,Satisfeito,01/09/1996,23/10/2025,1,Não,Necessita revisão
1473,Masculino,18,Zambézia,Licenciatura,Viúvo,5474.21,149.9,55.9,Insatisfeito,02/01/2007,30/08/2025,3,Sim,Contacto posterior
1474,Feminino,33,Maputo,secundaria,Solteiro,14227.24,173.8,70.5,Muito satisfeito,23/08/1991,19/03/2025,6,Não,Sem observações
1475,Masculino,19,Niassa,Licenciatura,Solteiro,8964.95,180.3,66.5,Muito satisfeito,04/06/2005,17/04/2025,0,Não,Contacto posterior
1476,Masculino,46,Maputo,Nenhuma,Casado,26226.55,147.3,85.2,Insatisfeito,12/01/1978,26/01/2025,0,Não,Necessita revisão
1477,Masculino,36,,Secundária,Viúvo,21405.76,135.7,69.5,Neutro,32/13/1985,06/05/2025,2,Sim,Sem observações
1478,Feminino,18,Cabo Delgado,Secundária,Divorciado,164792.72,173.7,56.2,Neutro,13/02/2006,28/01/2025,2,Não,Necessita revisão
1479,Feminino,42,Zambézia,Secundária,Divorciado,61561.84,171.3,55.2,Satisfeito,01/10/1982,29/03/2025,3,Não,Entrevista concluída
1480,Masculino,21,Niassa,Licenciatura,Casado,12940.34,162.5,68.1,Muito satisfeito,24/04/2003,20/03/2025,2,Sim,Entrevista concluída
1481,Feminino,61,Niassa,Secundária,Viúvo,25821.29,171.4,64.9,Neutro,07/07/1963,03/09/2025,2,Sim,Sem observações
1482,Feminino,22,Manica,Licenciatura,Divorciado,21062.97,169.1,59.7,Muito insatisfeito,07/10/2002,10/03/2025,3,Não,Entrevista concluída
1483,Feminino,31,Inhambane,Licenciatura,Casado,6717.27,175.5,55.6,Muito insatisfeito,06/10/1993,30/04/2025,0,Não,Necessita revisão
1484,Feminino,18,Gaza,Mestrado,União de facto,21000.66,175.5,79.0,Neutro,23/03/2006,18/01/2025,2,Y,Dados confirmados
1485,Feminino,18,Maputo,Licenciatura,União de facto,10645.18,173.7,76.1,Muito insatisfeito,12/07/2006,03/10/2025,1,Não,Entrevista concluída
1486,Feminino,34,Tete,Secundária,Divorciado,22626.63,170.8,57.2,Muito insatisfeito,03/01/1991,10/09/2025,1,Não,Entrevista concluída
1487,Masculino,38,Manica,Mestrado,Divorciado,32809.78,185.4,67.3,Insatisfeito,29/09/1986,27/02/2025,2,Não,Contacto posterior
1488,Masculino,18,Manica,Secundária,Divorciado,37560.09,166.4,67.2,Muito satisfeito,28/01/2006,17/12/2025,3,Sim,Sem observações
1489,Feminino,52,Maputo,Técnica,Viúvo,16012.74,158.3,71.8,Muito satisfeito,14/03/1972,13/07/2025,2,Sim,Sem observações
1490,Masculino,5,Zambézia,Mestrado,Divorciado,22315.7,164.9,68.7 kg,Satisfeito,06/02/2000,04/04/2025,4,Sim,Necessita revisão
1491,Feminino,26,Tete,Secundária,Divorciado,8766.88,172.7,48.2,Muito insatisfeito,17/12/1998,07/30/2025,2,Não,Contacto posterior
1492,Masculino,38,Zambézia,Licenciatura,Divorciado,18199.93,163.5,80.6,Satisfeito,18/06/1986,25/03/2025,4,Sim,Entrevista concluída
1493,Masculino,28,Sofala,Mestrado,Solteiro,30095.45,168.6,38.7,Muito satisfeito,10/02/1996,22/09/2025,3,Não,Necessita revisão
1494,Masculino,43,Gaza,Licenciatura,Divorciado,15000 MZN,166.8,84.7,Muito satisfeito,09/01/1981,01/09/2025,2,Sim,Necessita revisão
1495,Feminino,41,Cabo Delgado,Técnica,Casado,25056.11,156.0,63.7,Muito satisfeito,29/12/1983,06/01/2025,2,Sim,Sem observações
1496,Masculino,28,Nampula,Primária,Divorciado,16133.9,171.2,81.3,Insatisfeito,01/05/1996,15/11/2025,2,Não,Necessita revisão
1497,Feminino,42,Cabo Delgado,Secundária,Viúvo,9434.95,159.9,65.5,Neutro,13/01/1982,02/09/2025,3,Não,Dados confirmados
1498,Feminino,29,Inhambane,Secundária,Solteiro,8136.26,193.5,250,Neutro,04/04/1995,27/01/2025,3,Não,Entrevista concluída
1499,Feminino,44,Maputo,Licenciatura,Viúvo,18589.89,153.1,45.5,Neutro,29/02/1980,02/01/2025,6,Não,Entrevista concluída
1500,Feminino,39,Nampula,Técnica,União de facto,32477.28,163.5,35.0,Muito satisfeito,14/04/1985,31/01/2025,6,Não,Entrevista concluída
1501,Masculino,18,Sofala,Licenciatura,Casado,9545.09,180.6,69.7,Satisfeito,08/09/2006,07/11/2025,1,Sim,Dados confirmados
1502,Masculino,38,Zambézia,Secundária,Solteiro,10889.86,173.4,79.0,Satisfeito,25/08/1986,08/01/2025,3,Sim,Sem observações
1503,Feminino,18,Niassa,Primária,União de facto,58736.34,168.0,58.7,Muito satisfeito,01/05/2006,03/02/2025,3,Sim,Dados confirmados
1504,Masculino,35,Inhambane,Primária,Divorciado,11780.38,166.9,61.5,Insatisfeito,15/06/1989,29/05/2025,0,Não,Dados confirmados
1505,Feminino,50,Tete,Secundária,Solteiro,33061.19,157.2,67.9,Satisfeito,04/11/1974,24/01/2025,3,Não,Sem obs.
1506,Feminino,18,Cabo Delgado,Primária,Viúvo,26040.21,165.3,,Insatisfeito,01/11/2006,08/09/2025,2,Sim,Necessita revisão
1507,Masculino,39,Nampula,Licenciatura,Casado,23605.39,176.6,83.2,Satisfeito,25/01/1985,11/02/2025,2,Não,Entrevista concluída
1508,Feminino,18,Niassa,Secundária,Viúvo,108077.14,169.2,65.6,Neutro,24/09/2006,28/08/2025,3,Sim,Contacto posterior
1509,Feminino,37,Zambézia,Secundária,Viúvo,5447.39,158.2,61.9,Muito satisfeito,01/01/1988,01/08/2025,4,Não,Contacto posterior
1510,Masculino,42,Tete,Secundária,Viúvo,12660.01,159.9,68.6,Neutro,04/08/1982,18/05/2025,5,Não,Contacto posterior
1511,Feminino,34,Nampula,Técnica,Casado,4523.05,159.1,70.4,Insatisfeito,05/08/1990,18/10/2025,1,Sim,Contacto posterior
1512,Masculino,28,Tete,Primária,União de facto,8421.66,155.2,35.0,Insatisfeito,27/11/1996,25/04/2025,3,Não,Dados confirmados
1513,Feminino,35,Cabo Delgado,Licenciatura,Solteiro,34652.69,155.5,54.3,Insatisfeito,1989-02-11,18/10/2025,0,Não,Necessita revisão
1514,Masculino,28,Sofala,Técnica,Solteiro,13613.26,167.9,88.2,Neutro,31/08/1996,22/06/2025,2,Sim,Sem observações
1515,Masculino,47,Cabo Delgado,Licenciatura,Divorciado,22687.13,139.9,82.6,Muito satisfeito,26/08/1977,27/10/2025,20,Sim,Necessita revisão
1516,Masculino,19,Maputo,Licenciatura,Solteiro,21904.39,187.4,62.4,Satisfeito,11/06/2005,31/07/2025,1,Não,Entrevista concluída
1517,Masculino,24,Manica,Secundária,Viúvo,12565.98,170.0,74.6,Muito insatisfeito,23/02/2000,07/10/2025,3,Sim,Dados confirmados
1518,Feminino,60,Tete,Primária,Divorciado,13925.23,187.0,69.6,Insatisfeito,01/11/1964,17/01/2025,5,Não,Contacto posterior
1519,Feminino,42,Zambézia,Licenciatura,Casado,45358.44,164.1,89.3,Satisfeito,14/08/1982,05/10/2025,2,Não,Dados confirmados
1520,Feminino,44,Manica,Mestrado,Divorciado,25568.8,148.7,57.3,Muito satisfeito,15/09/1980,05/09/2025,2,Sim,Necessita revisão
1521,Feminino,40,Cabo Delgado,Licenciatura,Viúvo,40872.18,143.2,69.8,Neutro,26/09/1984,02/10/2025,1,Não,Necessita revisão
1522,Feminino,28,Gaza,Secundária,Casado,4817.19,170.2,58.5,Neutro,08/02/1996,20/05/2025,1,Não,Sem observações
1523,Masculino,31,Inhambane,Primária,Viúvo,37033.8,173.9,77.1,Satisfeito,02/09/1993,18/01/2025,2,Não,Necessita revisão
1524,Feminino,35,Manica,Licenciatura,Viúvo,8308.58,175.2,85.4,Neutro,16/02/1989,10/02/2025,2,Não,corrigir
1525,Feminino,41,Inhambane,Secundária,Casado,24597.51,162.8,59.9,satisfeito ,16/02/1983,14/02/2025,1,Sim,Sem observações
1526,Masculino,35,Gaza,Primária,Viúvo,25802.31,172.0,51.3,Satisfeito,20/06/1989,07/12/2025,4,Sim,Dados confirmados
1527,Feminino,55,Niassa,Licenciatura,Divorciado,14276.97,172.2,81.6,Neutro,11/05/1969,07/10/2025,2,Não,Sem observações
1528,Masculino,28,Niassa,Técnica,Separado,9680.38,172.8,86.0,Satisfeito,28/09/1996,08/01/2025,4,Sim,Entrevista concluída
1529,Feminino,29,Nampula,Secundária,Solteiro,16148.41,"152,9",44.3,Muito insatisfeito,24/09/1995,27/08/2025,4,Não,Entrevista concluída
1530,Feminino,45,Maputo,Secundária,Casado,87647.12,164.3,64.3,Muito insatisfeito,25/10/1979,06/04/2025,1,Não,Contacto posterior
1531,Feminino,27,Manica,Licenciatura,Casado,13123.58,174.7,44.9,Muito insatisfeito,28/08/1997,02/03/2025,3,Sim,Sem observações
3652,Feminino,36,Niassa,Secundária,Viúvo,15 000,162.8,65.8,Muito satisfeito,01/07/1988,09/02/2025,3,Não,Contacto posterior
1533,Feminino,21,Sofala,Primária,Casado ,86983.91,178.4,71.7,Satisfeito,11/06/2003,20/04/2025,0,Sim,Necessita revisão
1534,Masculino,20,Tete,Primária,Divorciado,14885.43,155.1,55.0,Muito insatisfeito,14/10/2004,26/09/2025,2,Sim,Dados confirmados
1535,Feminino,37,Gaza,Técnica,,30965.0,172.9,57.1,Muito insatisfeito,05/11/1987,16/08/2025,3,Sim,Sem observações
1536,Feminino,18,Sofala,Secundária,Solteiro,7549.59,162.1,57.5,Insatisfeito,23/10/2006,24/09/2025,2,Sim,Contacto posterior
1537,Masculino,34,Sofala,Licenciatura,Viúvo,8638.81,174.6,65.1,Insatisfeito,25/12/1990,14/01/2025,1,S,Necessita revisão
1538,Masculino,24,Niassa,Secundária,Divorciado,16395.1,168.0,89.3,Satisfeito,03/12/2000,17/03/2025,4,Não,Dados confirmados
1539,Masculino,34,Maputo,Mestrado,Solteiro,52366.59,163.6,61.6,Neutro,22/11/1990,08/07/2025,3,Não,Contacto posterior
1540,Feminino,40,Zambézia,Técnica,Divorciado,22439.86,157.0,81.9,Satisfeito,10/12/1984,09/12/2025,4,Não,Necessita revisão
1541,Masculino,42,Zambézia,primaria,Casado,30306.01,162.1,70.4,Satisfeito,23/07/1982,12/06/2025,4,Sim,Dados confirmados
1542,Feminino,36,Maputo,Secundária,Divorciado,20749.77,168.7,66.9,Insatisfeito,14/02/1988,22/11/2025,1,Não,Empregado em tempo inteiro
1543,Masculino,39,Manica,Secundária,Divorciado,14502.66,161.0,80.2,Muito satisfeito,21/02/1985,23/09/2025,2,Sim,Sem observações
1544,Feminino,18,Sofala,Licenciatura,Casado,11326.97,166.2,97.0,Muito insatisfeito,31/07/2006,18/10/2025,3,Sim,Contacto posterior
1545,Feminino,32,Niassa,Técnica,Divorciado,17243.22,148.6,55.3,Insatisfeito,28/03/1992,28/06/2025,1,Não,Necessita revisão
1546,Feminino,36,Nampula,Técnica,Solteiro,15565.35,163.2,67.5,Muito insatisfeito,07/03/1988,01/08/2025,1,Sim,Contacto posterior
1547,Masculino,18,Sofala,Secundária,Solteiro,10208.8,179.0,59.1,Neutro,24/03/2006,24/06/2025,2,Não,Dados confirmados
1548,Feminino,26,Maputo,Técnica,Divorciado,15830.01,153.0,50.2,Muito satisfeito,26/07/1998,11/08/2025,1,Sim,N/A
1549,Feminino,41,Nampula,Primária,União de facto,33325.58,171.7,78.0,Muito insatisfeito,12/06/1983,02/07/2025,0,Sim,Dados confirmados
1550,Masculino,28,Niassa,Licenciatura,Casado,37179.32,165.5,35.0,Satisfeito,02/04/1996,20/05/2025,1,Sim,Entrevista concluída
1551,Feminino,37,Tete,Licenciatura,Divorciado,6443.18,150.7,59.1,Muito insatisfeito,17/08/1987,26/09/2025,0,Sim,Contacto posterior
1552,Feminino,35,Gaza,Licenciatura,Divorciado,26044.43,45,77.1,Satisfeito,06/01/1989,04/04/2025,1,Não,Necessita revisão
1553,Feminino,31,Sofala,Primária,Solteiro,20450.48,156.3,64.7,Neutro,09/02/1993,13/03/2025,4,Não,Necessita revisão
1554,Feminino,62,Nampula,Secundária,Divorciado,23470.38,154.2,87.9,Insatisfeito,28/03/1962,27/01/2025,4,Sim,Entrevista concluída
1555,Masculino,39,Gaza,Primária,União de facto,22229.39,168.1,71.7,Muito satisfeito,24/11/1985,04/07/2025,1,Sim,Necessita revisão
1556,Masculino,45,Quelimane,Licenciatura,União de facto,30177.61,158.3,91.3,Satisfeito,28/10/1979,04/09/2025,1,Sim,Entrevista concluída
1557,Masculino,37,Inhambane,Técnica,Casado,,152.5,75.4,0,23/09/1987,14/07/2025,0,Sim,Entrevista concluída
1558,Masculino,27,Maputo,Primária,Casado,31894.95,166.2,72.5,Muito satisfeito,18/09/1997,17/12/2025,2,Sim,Contacto posterior
1559,Feminino,27,Cabo Delgado,Secundária,Divorciado,21402.55,162.3,67.2,Muito satisfeito,17/10/1997,16/01/2025,0,Sim,Sem observações
1560,Masculino,46,Niassa,Licenciatura,Viúvo,30987.95,168.0,70.5,Satisfeito,30/09/1978,11/03/2025,1,Não,Dados confirmados
1561,Masculino,37,Gaza,Nenhuma,Solteiro,39381.67,176.7,55.3,Insatisfeito,14/07/1987,,0,Sim,Necessita revisão
1562,Feminino,27,Sofala,Licenciatura,Casado,16558.19,158.7,82.7,Neutro,11/01/1997,07/24/2025,0,Sim,Sem observações
1563,Masculino,51,Cabo Delgado,Licenciatura,União de facto,7411.15,164.1,65.2,Insatisfeito,27/01/1973,18/05/2025,3,Não,Entrevista concluída
1564,Masculino,29,Niassa,Secundária,Casado,11155.06,170.9,92.9,Satisfeito,01/08/1995,27/07/2025,0,Não,Necessita revisão
1565,Feminino,44,Inhambane,Licenciatura,União de facto,77718.57,177.9,88.9,Satisfeito,07/04/1980,22/05/2025,2,Sim,Dados confirmados
1566,Feminino,30,Nampula,Licenciatura,Viúvo,10881.48,159.5,77.7,Muito insatisfeito,19/01/1994,05/11/2025,0,Não,Necessita revisão
1567,Masculino,31,Tete,Secundária,União de facto,19053.64,153.4,77.4,Muito satisfeito,23/12/1993,20/05/2025,4,Sim,Necessita revisão
1568,Feminino,24,Niassa,Primária,Casado,14742.22,157.0,54.6,Satisfeito,17/03/2000,21/09/2025,4,Sim,Contacto posterior
1569,Masculino,18,Inhambane,Licenciatura,Viúvo,14297.37,175.2,74.4,Neutro,02/10/2006,13/10/2025,1,Sim,Entrevista concluída
1570,Feminino,49,Nampula,Desconhecido,Viúvo,42669.47,174.1,75.6,Insatisfeito,24/10/1975,21/03/2025,1,Não,Contacto posterior
1571,Feminino,48,Nampula,Primária,Casado,22599.92,159.9,72.5,Muito insatisfeito,22/09/1976,12/04/2025,1,Não,Entrevista concluída
1572,Feminino,20,Zambézia,Licenciatura,Viúvo,0,183.2,60.4,Muito satisfeito,29/10/2004,07/07/2025,4,Não,Sem observações
1573,Feminino,25,Cabo Delgado,Mestrado,Divorciado,10579.49,157.7,76.6,Muito insatisfeito,15/01/1999,05/09/2025,2,Sim,Necessita revisão
1574,Masculino,34,Gaza,Nenhuma,Divorciado,11773.39,172.3,72.0,Neutro,29/09/1990,12/12/2025,2,Sim,Contacto posterior
1575,Masculino,18,Cabo Delgado,Primária,Casado,19051.71,156.1,71.0,Muito satisfeito,05/10/2006,29/10/2025,2,Não,Necessita revisão
1576,Masculino,54,Cabo Delgado,Primária,Casado,39390.72,147.6,70.5,Muito satisfeito,06/06/1970,02/02/2025,3,Não,Contacto posterior
1577,Masculino,42,Maputo,Secundária,Viúvo,15000 MZN,160.8,79.2,Satisfeito,19/02/1982,11/02/2025,2,Sim,Dados confirmados
1578,Feminino,34,Sofala,,Casado,13141.44,166.2,40.0,Neutro,26/12/1990,24/05/2025,1,Sim,Sem observações
1579,Masculino,22,Cabo Delgado,Primária,União de facto,20735.43,170.7,57.0,Muito insatisfeito,19/12/2002,26/04/2025,2,Não,Entrevista concluída
1580,Feminino,28,Tete,Nenhuma,Solteiro,32029.63,166.0,57.8,Muito satisfeito,29/12/1996,25/01/2025,2,Sim,Contacto posterior
1581,Feminino,29,Niassa,Técnica,Divorciado,41782.01,169.9,57.2,Satisfeito,20/01/1995,15/09/2025,2,Sim,Entrevista concluída
1582,M,51,Inhambane,Licenciatura,Divorciado,14118.73,157.3,73.1,Satisfeito,15/06/1973,05/12/2025,4,Não,Entrevista concluída
1583,Feminino,36,Niassa,Licenciatura,Solteiro,13368.42,173.4,54.6,Muito insatisfeito,23/07/1988,06/09/2025,1,Sim,Necessita revisão
1584,Masculino,25,Nampula,Secundária,Divorciado,28018.93,161.4,76.8,Muito satisfeito,29/11/1999,23/04/2025,3,Sim,Necessita revisão
1585,Masculino,42,Maputo,Técnica,União de facto,999999,179.9,58.8,Insatisfeito,27/06/1982,27/09/2025,2,Sim,Necessita revisão
1586,Feminino,37,Maputo,Secundária,Viúvo,34500.49,159.3,48.4,satisfeito ,30/01/1987,09/05/2025,2,Não,Necessita revisão
1587,Feminino,26,Manica,Licenciatura,Viúvo,25676.95,170.9,79.4,Neutro,28/03/1998,24/04/2025,3,Não,Necessita revisão
ID-1588,Feminino,28,Tete,Mestrado,Solteiro,29183.14,170.4,73.5,Neutro,13/11/1996,17/04/2025,0,Não,Entrevista concluída
1589,Masculino,20,Manica,Licenciatura,Viúvo,21827.99,152.4,80.2,Muito insatisfeito,28/05/2004,04/05/2025,5,Não,Necessita revisão
1590,Masculino,60,Zambézia,Técnica,União de facto,13933.83,168.7,62.4,Muito satisfeito,20/06/1964,06/01/2025,6,yes,Necessita revisão
1591,Feminino,40,Maputo,Secundária,Divorciado,19744.17,169.8,58.6,Satisfeito,21/08/1984,25/01/2025,2,Sim,sem observacao
1592,Masculino,42,Inhambane,Técnica,Solteiro,31809.58,192.7,67.7,Insatisfeito,18/09/1982,01/12/2025,2,Sim,Contacto posterior
1593,Masculino,39,Maputo,Secundária,União de facto,9558.13,164.9,44.7,Muito insatisfeito,23/03/1985,16/02/2025,3,Não,Sem observações
1594,Masculino,53,Niassa,Mestrado,Divorciado,10940.98,163.9,69.9,Insatisfeito,23/11/1971,17/05/2025,0,Não,Contacto posterior
1595,Masculino,22,Manica,Técnica,Casado,18775.11,172.5,83.9,Muito satisfeito,16/12/2002,22/02/2025,3,Sim,Contacto posterior
1596,Feminino,37,Niassa,Secundária,Casado,46519.7,179.6,63.7,Satisfeito,28/04/1987,03/04/2025,5,Sim,Dados confirmados
1597,Feminino,32,Gaza,Primária,Viúvo,19195.02,157.4,38.7,Muito satisfeito,18/12/1992,20/05/2025,4,Sim,Dados confirmados
1598,Feminino,23,Mpt,Nenhuma,Viúvo,54029.68,145.4,71.5,Muito satisfeito,11/11/2001,22/02/2025,1,Não,Dados confirmados
1599,Feminino,31,Maputo,Secundária,Casado,63903.04,162.4,71.3,Muito insatisfeito,22/02/1993,13/03/2025,2,Sim,Entrevista concluída
1600,Feminino,18,Cabo Delgado,Secundária,Divorciado,23355.04,170.1,56.5,Satisfeito,04/04/2006,01/09/2025,4,Não,Entrevista concluída
1601,Feminino,34,Cabo Delgado,Primária,Casado,10653.25,167.2,56.0,Muito insatisfeito,28/01/1990,19/08/2025,0,Não,Contacto posterior
1602,Feminino,18,Gaza,Nenhuma,Viúvo,28490.89,162.6,86.8,Muito satisfeito,2006-11-15,07/11/2025,3,Sim,Entrevista concluída
1603,Feminino,,Sofala,Licenciatura,Viúvo,8845.06,167.7,76.5,Neutro,01/03/1990,15/07/2025,1,Sim,Entrevista concluída
1604,Feminino,49,Gaza,Mestrado,União de facto,39476.59,168.1,51.7,Satisfeito,15-08-1987,10/02/2025,0,Não,Necessita revisão
1605,Masculino,38,Gaza,Primária,Viúvo,20767.65,175.7,400,Satisfeito,07/05/1986,10/09/2025,3,Não,Entrevista concluída
1606,Masculino,31,Niassa,Licenciatura,Casado ,12296.15,145.2,76.2,Insatisfeito,12/08/1993,25/05/2025,1,Sim,Sem observações
1607,Feminino,38,Niassa,Primária,Solteiro,17663.68,161.1,70.1,Satisfeito,30/08/1986,19/05/2025,1,Sim,Contacto posterior
1608,Feminino,58,Inhambane,Secundária ,Casado,7347.75,179.8,54.9,Satisfeito,02/10/1966,09/08/2025,5,Não,Dados confirmados
1609,Masculino,30,Manica,Secundária,Divorciado,9454.58,159.6,80.1,Satisfeito,06/05/1994,28/01/2025,2,Não,Dados confirmados
1610,Feminino,44,Maputo,Licenciatura,Solteiro,10250.78,186.2,81.6,Satisfeito,17/10/1980,13/10/2025,0,Não,Necessita revisão
1611,Feminino,40,Gaza,Licenciatura,Casado,5362.97,166.5,55.2,Neutro,28/08/1984,05/04/2025,2,Talvez,Contacto posterior
1612,Masculino,48,Niassa,Licenciatura,Viúvo,9696.99,172.3,64.0,Insatisfeito,26/01/1976,24/04/2025,0,Sim,Necessita revisão
1613,Feminino,55,Gaza,Mestrado,União de facto,33477.5,164.0,67.7,Neutro,15/09/1969,29/01/2025,2,Não,Sem observações
1614,Masculino,36,Manica,Técnica,Divorciado,22677.22,159.9,60.8,Muito satisfeito,24/11/1988,27/06/2025,1,Não,Contacto posterior
1615,Feminino,41,Sofala,Mestrado,Divorciado,32236.91,161.8,79.7,Neutro,01/02/1983,18/10/2025,2,Não,Contacto posterior
1616,Masculino,26,Inhambane,Primária,Divorciado,9418.32,149.6,92.5,Muito satisfeito,27/01/1998,31/01/2025,20,Não,Entrevista concluída
1617,Masculino,37,Inhambane,Primária,Solteiro,30595.59,167.6,60.1,Neutro,27/10/1987,28/10/2025,1,Não,Dados confirmados
1618,Feminino,46,Nampula,Primária,União de facto,11632.32,157.4,63.3,Satisfeito,13/05/1978,20/05/2025,7,Não,Dados confirmados
1619,Feminino,37,Maputo,Primária,Solteiro,20065.82,168.7,81.8,Satisfeito,06/10/1987,10/01/2025,2,Sim,Dados confirmados
1620,Masculino,18,Cabo Delgado,Primária,Casado,25546.52,162.5,72.2,Muito insatisfeito,30/09/2006,05/04/2025,2,Não,Necessita revisão
1621,Feminino,37,Cabo Delgado,Primária,Divorciado,10647.19,167.5,57.5,Muito satisfeito,13/08/1987,15/04/2025,3,Não,Contacto posterior
1622,Masculino,36,Niassa,Mestrado,União de facto,45767.4,165.5,82.6,Insatisfeito,21/08/1988,15/04/2025,2,Não,Necessita revisão
1623,Masculino,30,Inhambane,Mestrado,Solteiro,11630.91,165.3,55.1,Neutro,27/06/1994,13/04/2025,2,Não,Sem observações
1624,Feminino,22,Sofala,Secundária,Divorciado,40329.01,143.6,56.9,Muito insatisfeito,06/11/2002,01/11/2025,2,Não,Necessita revisão
1625,Feminino,40,Manica,Nenhuma,Divorciado,10919.96,160.8,66.1,Muito satisfeito,18/08/1984,30/09/2025,1,Não,Sem observações
1626,X,45,Sofala,Nenhuma,Solteiro,3713.01,161.2,85.0,,08/12/1979,12/10/2025,0,Não,Sem observações
1627,Feminino,36,Cabo Delgado,Secundária,Divorciado,23566.31,147.2,60.8,Satisfeito,15/08/1988,12/11/2025,4,Não,Entrevista concluída
1628,Masculino,35,Gaza,Licenciatura,Viúvo,21034.17,154.7,80.3,Insatisfeito,13/09/1989,21/08/2025,1,Sim,Dados confirmados
1629,,18,Inhambane,Mestrado,Divorciado,10320.06,159.4,71.3,Insatisfeito,27/07/2006,01/01/2020,1,Não,Dados confirmados
1630,Feminino,36,Maputo,Secundária,União de facto,20363.77,159.7,78.5,Muito insatisfeito,04/04/1988,01/09/2025,0,Não,Dados confirmados
1631,Feminino,42,Zambézia,Secundária,União de facto,13104.07,,68.7,Neutro,16/08/1982,08/01/2025,0,Não,Contacto posterior
1632,Masculino,29,Cabo Delgado,Secundária,União de facto,46466.8,161.2,56.0,Muito satisfeito,02/05/1995,05/05/2025,2,Sim,Contacto posterior
1633,Feminino,33,Zambézia,Secundária,Casado,16012.76,159.4,58.7,Insatisfeito,29/08/1991,06/14/2025,3,Não,Dados confirmados
1634,Feminino,38,Niassa,Mestrado,Viúvo,17567.66,178.4,78.4,Muito satisfeito,08/08/1986,10/06/2025,1,Sim,Sem observações 
1635,Masculino,23,Manica,Secundária,Viúvo,5245.26,149.5,40.4,Muito satisfeito,29/12/2001,08/12/2025,2,Não,Entrevista concluída
1636,Masculino,40,Gaza,Técnica,União de facto,8967.7,164.5,72.9,Satisfeito,01/04/1984,28/10/2025,3,Não,Entrevista concluída
1637,Masculino,18,Nampula,Mestrado,Divorciado,106236.77,167.9,75.4,Neutro,18/02/2006,27/01/2025,0,Não,Entrevista concluída
1638,Feminino,18,Gaza,Secundária,Viúvo,24567.87,162.5,93.3,Insatisfeito,08/01/2006,18/11/2025,2,Não,Contacto posterior
1639,Masculino,-3,Zambézia,Primária,Solteiro,18411.68,167.5,83.1 kg,Neutro,19/05/2003,22/06/2025,0,Não,Entrevista concluída
1640,Masculino,36,Cabo Delgado,Primária,Divorciado,28775.94,159.7,69.7,Insatisfeito,25/10/1988,17/09/2025,0,Sim,Contacto posterior
1641,Feminino,31,Sofala,Licenciatura,Viúvo,24923.91,157.0,68.7,Muito satisfeito,18/07/1993,04/06/2025,2,Sim,Dados confirmados
1642,Feminino,28,Inhambane,Secundária,Divorciado,16514.2,173.6,73.3,Muito satisfeito,03/10/1996,22/12/2025,1,Sim,Entrevista concluída
1643,Masculino,18,Maputo,Licenciatura,Solteiro,8763.45,173.4,70.1,Insatisfeito,15/01/2006,02/08/2025,1,Y,Contacto posterior
1644,Masculino,28,Niassa,Secundária,União de facto,16467.51,163.9,69.1,Satisfeito,09/08/1996,09/02/2025,2,Não,Entrevista concluída
1645,Feminino,49,Sofala,Técnica,Casado,26289.22,163.6,74.5,Satisfeito,05/11/1975,05/12/2025,0,Sim,Entrevista concluída
1646,Feminino,32,Sofala,Primária,União de facto,60411.2,173.4,50.8,Muito satisfeito,07/12/1992,19/09/2025,4,Não,Dados confirmados
1647,Masculino,18,Inhambane,Secundária,Viúvo,19150.74,171.8,73.4,muito satisfeito,04/05/2006,13/04/2025,1,Sim,Entrevista concluída
1648,Feminino,20,Gaza,Secundária,Solteiro,16646.68,173.5,55.8,Muito insatisfeito,08/12/2004,30/11/2025,3,Não,Contacto posterior
1649,Masculino,18,Cabo Delgado,Licenciatura,Solteiro,10387.62,45,71.3,Neutro,31/08/2006,15/10/2025,1,Sim,Contacto posterior
1650,Feminino,36,Cabo Delgado,Licenciatura,União de facto,13535.52,163.2,59.2,Neutro,10/07/1988,04/07/2025,1,Sim,Necessita revisão
1651,Feminino,20,Cabo Delgado,Licenciatura,Divorciado,49305.82,167.6,58.1,Muito insatisfeito,30/07/2004,22/07/2025,2,Não,???
1652,Masculino,20,Niassa,Primária,União de facto,16604.67,179.8,49.6,Neutro,23/12/2004,16/10/2025,1,Não,Sem observações
1653,Masculino,32,Nampula,Primária,Casado,34340.47,174.4,62.9,Neutro,21/08/1992,17/11/2025,1,Sim,Sem observações
1654,Feminino,40,Zambézia,Licenciatura,União de facto,30754.23,163.5,49.8,Insatisfeito,30/05/1984,17/10/2025,2,Não,Necessita revisão
1655,Feminino,49,Maputo,Primária,União de facto,12007.1,147.2,70.4,Neutro,22/09/1975,27/07/2025,0,Sim,Entrevista concluída
1656,Masculino,41,Maputo,Primária,Divorciado,18388.11,150.0,79.1,Muito satisfeito,11/07/1983,24/04/2025,2,Sim,Contacto posterior
1657,Feminino,27,Manica,Técnica,União de facto,16112.57,190.4,62.2,Insatisfeito,01/11/1997,01/11/2025,2,Não,Contacto posterior
1658,Masculino,45,Tete,Licenciatura,Divorciado,23786.43,164.5,65.1,Muito insatisfeito,10/09/1979,30/06/2025,4,Não,Necessita revisão
1659,Feminino,40,Gaza,Primária,Casado,32325.67,179.9,71.6,Neutro,13/03/1984,15/09/2025,2,Sim,Dados confirmados
1660,Masculino,34,Inhambane,Secundária,Divorciado,15 000,154.7,68.7,Muito insatisfeito,09/05/1990,10/04/2025,3,Não,Necessita revisão
1661,Masculino,42,Maputo,Primária,Solteiro,21470.96,166.9,63.6,Insatisfeito,22/09/1982,11/05/2025,1,Sim,Sem observações
1662,Feminino,40,Gaza,Nenhuma,União de facto,29118.07,177.7,55.0,Muito satisfeito,14/09/1984,27/07/2025,0,Não,Dados confirmados
1663,Feminino,19,Inhambane,Secundária,Solteiro,8106.92,174.0,86.7,Satisfeito,21/03/2005,06/02/2025,3,Sim,Entrevista concluída
1664,Feminino,18,Gaza,Licenciatura,Viúvo,26780.66,165.8,61.6,Insatisfeito,31/07/2006,29/01/2025,1,Não,Sem observações
1665,Feminino,65,Manica,Licenciatura,Solteiro,57999.53,158.4,67.8,Neutro,14/01/1959,31/08/2025,1,Não,Entrevista concluída
1666,Feminino,24,Niassa,Secundária,Divorciado,54806.38,172.4,76.5,Muito satisfeito,17/05/2000,09/11/2025,0,Sim,Necessita revisão
1667,Masculino,52,Cabo Delgado,Licenciatura,Casado,7991.28,168.3,57.9,Neutro,13/03/1972,09/09/2025,0,Não,Entrevista concluída
1668,Masculino,31,Maputo,Nenhuma,União de facto,15565.18,"168,7",67.1,Insatisfeito,05/03/1993,23/09/2025,2,Não,Entrevista concluída
1669,Masculino,30,Inhambane,Primária,Divorciado,21588.91,172.3,47.5,Insatisfeito,13/04/1994,28/06/2025,2,Não,Dados confirmados
1670,Feminino,50,Cabo Delgado,Secundária,Divorciado,3241.13,172.9,69.6,Satisfeito,09/08/1974,02/08/2025,3,Não,Contacto posterior
1671,Masculino,24,Nampula,Primária,Casado,9373.45,187.7,77.3,Insatisfeito,27/07/2000,17/08/2025,0,Não,Entrevista concluída
1672,Masculino,19,Nampula,Técnica,Solteiro,20807.99,148.5,60.2,Muito insatisfeito,28/12/2005,22/11/2025,5,Sim,Necessita revisão
1673,Feminino,33,Cabo Delgado,Secundária,Divorciado,13386.15,178.3,40.2,Insatisfeito,23/01/1991,07/03/2025,0,Sim,Dados confirmados
1674,Masculino,49,Niassa,Primária,União de facto,24809.73,155.8,67.7,Satisfeito,17/12/1975,01/07/2025,1,Não,Sem observações
1675,Masculino,34,Sofala,Primária ,Divorciado,21838.59,163.3,49.4,Satisfeito,21/12/1990,21/11/2025,0,Não,Contacto posterior
1676,Feminino,57,Tete,Licenciatura,União de facto,50270.07,182.0,49.8,Satisfeito,13/07/1967,09/04/2025,1,Não,Necessita revisão
1677,Feminino,18,Maputo,Primária,Viúvo,7891.58,161.6,68.9,Muito satisfeito,18/10/2006,29/03/2025,0,Sim,Sem observações 
1678,Feminino,35,Sofala,Licenciatura,Casado,10413.28,169.5,61.6,Satisfeito,06/01/1989,14/02/2025,3,Não,Sem observações
1679,Masculino,30,Nampula,Licenciatura,Casado ,8057.69,182.0,74.0,Muito satisfeito,15/08/1994,23/04/2025,2,Não,Contacto posterior
1679,Masculino,19,Inhambane,Primária,Viúvo,20208.24,175.5,59.6,Muito insatisfeito,14/10/2005,25/02/2025,4,Sim,Entrevista concluída
1681,Masculino,39,Gaza,Primária,Divorciado,22966.11,163.5,65.9,Muito satisfeito,06/04/1985,27/06/2025,3,Não,Entrevista concluída
1682,Feminino,41,Tete,Secundária,União de facto,11359.51,169.5,60.2,Muito insatisfeito,20/08/1983,08/07/2025,2,Não,Dados confirmados
1683,Feminino,51,Maputo,Secundária,Viúvo,22806.61,192.2,64.5,Neutro,18/09/1973,23/10/2025,1,Sim,Necessita revisão
1684,Masculino,62,Gaza,Primária,Viúvo,19634.05,164.7,80.9,Neutro,11/08/1962,07/12/2025,1,Não,Sem observações
1685,Feminino,22,Tete,Licenciatura,Divorciado,51383.34,177.1,79.9,Neutro,30/07/2002,12/02/2025,1,Sim,Contacto posterior
1686,Feminino,32,Manica,Técnica,União de facto,18470.52,169.7,68.5,Satisfeito,19/10/1992,09/08/2025,2,Não,Necessita revisão
1687,Feminino,22,Manica,Mestrado,Divorciado,13647.4,164.0,68.5,Muito satisfeito,08/03/2002,07/11/2025,2,,Contacto posterior
1688,Feminino,51,,Primária,União de facto,9567.85,166.1,68.5,Satisfeito,,18/02/2025,2,Não,Necessita revisão
1689,Masculino,23,Niassa,Primária,União de facto,38978.92,175.9,55.4,Muito satisfeito,01/12/2001,31/10/2025,2,Sim,Dados confirmados
1690,Feminino,28,Nampula,Primária,Solteiro,11655.28,170.5,54.8,Insatisfeito,13/01/1996,08/07/2025,4,Não,Entrevista concluída
1691,Feminino,24,Zambézia,Licenciatura,Solteiro,22673.51,146.5,71.9,Neutro,2000-11-24,21/06/2025,1,Não,Sem observações
1692,Masculino,20,Cabo Delgado,Secundária,Divorciado,12999.29,197.2,68.2,Satisfeito,19/10/2004,27/08/2025,2,Sim,Sem observações
1693,Masculino,38,Nampula,Técnica,Divorciado,6456.41,175.4,67.7,Muito satisfeito,09/07/1986,15/01/2025,3,Sim,Necessita revisão
1694,Masculino,54,Cabo Delgado,Nenhuma,Divorciado,8999.77,166.1,80.8,Satisfeito,23/04/1970,04/06/2025,4,Não,Contacto posterior
1695, feminino,28,Maputo,Primária,Solteiro,34613.21,169.6,82.3,Insatisfeito,26/03/1996,30/08/2025,1,Sim,Necessita revisão
1696,Masculino,47,Sofala,Licenciatura,Viúvo,48258.13,161.9,65.2,Insatisfeito,21/05/1977,28/04/2025,1,sim,Necessita revisão
1697,Feminino,23,Nampula,Primária,União de facto,14463.02,176.4,74.0,Muito insatisfeito,25/12/2001,15/09/2025,0,Sim,Necessita revisão
1698,Masculino,40,Tete,Primária,Divorciado,2070.96,193.2,75.8,Insatisfeito,11/10/1984,26/08/2025,0,Não,Necessita revisão
1699,Feminino,35,Sofala,Licenciatura,Casado,16963.7,166.9,68.2,Satisfeito,14/12/1989,18/06/2025,1,Sim,Sem observações
1700,Masculino,45,Inhambane,Licenciatura,Divorciado,19886.53,157.4,78.8,Insatisfeito,18/12/1979,17/05/2025,0,Não,Dados confirmados
1701,Masculino,21,Nampula,Licenciatura,União de facto,10072.12,153.8,85.5,Insatisfeito,06/08/2003,04/09/2025,4,Não,Entrevista concluída
1702,Feminino,47,Cabo Delgado,Primária,Casado,17854.07,156.8,64.0,Neutro,18/04/1977,15/01/2025,2,Sim,Dados confirmados
1703,Masculino,34,Zambézia,Secundária,Divorciado,-500,146.0,89.1,Neutro,14/12/1990,17/01/2025,3,Sim,Contacto posterior
1704,Feminino,32,Gaza,Técnica,Viúvo,26730.56,164.6,73.3,Satisfeito,05/09/1992,03/29/2025,0,Sim,Sem observações
1705,Masculino,38,Sofala,Secundária,União de facto,23340.83,154.4,55.9,Muito insatisfeito,10/11/1986,24/05/2025,0,Não,Sem observações
1706,Feminino,38,Niassa,Secundária,Solteiro,26336.04,184.7,64.5,Neutro,02/02/1986,22/02/2025,2,Não,Contacto posterior
1707,Masculino,31,Sofala,Licenciatura,Casado,49584.98,166.9,89.9,Satisfeito,23/04/1993,30/09/2025,2,Não,Dados confirmados
1708,Masculino,24,Gaza,Licenciatura,União de facto,28224.77,160.8,50.9,MS,29/12/2000,13/10/2025,3,Sim,Sem observações
1709,Masculino,43,Sofala,Licenciatura,Solteiro,26724.01,167.0,57.0,Neutro,09/04/1981,16/07/2025,2,Sim,Sem observações
1710,Masculino,31,Manica,Técnica,Solteiro,5024.33,151.4,60.8,Neutro,18/02/1993,18/10/2025,2,Não,Necessita revisão
1711,Feminino,21,Zambézia,Primária,União de facto,15048.83,155.9,77.7,Muito satisfeito,13/02/2003,17/08/2025,3,Sim,Dados confirmados
1712,Masculino,46,Sofala,Primária,Divorciado,6991.17,161.0,400,Insatisfeito,31/03/1978,18/09/2025,1,Sim,Sem observações
1713,Masculino,28,Nampula,Secundária,União de facto,25422.56,168.6,89.7,Neutro,29/05/1996,21/09/2025,3,Não,Sem observações
1714,Feminino,18,Gaza,Primária,Divorciado,19009.92,156.8,75.5,Satisfeito,21/10/2006,08/04/2025,0,Sim,Necessita revisão
1715,Feminino,42,Manica,Secundária,Solteiro,12416.84,146.0,73.9,Muito insatisfeito,30/01/1982,14/12/2025,3,Não,Sem observações
1716,Masculino,20,Sofala,Licenciatura,União de facto,13339.73,158.5,67.4,Muito satisfeito,04/08/2004,04/12/2025,5,Sim,Entrevista concluída
1717,Feminino,34,Maputo,Secundária,União de facto,23360.53,162.4,52.9,Muito satisfeito,22/01/1990,13/07/2025,99,Sim,Necessita revisão
1718,Feminino,20,Gaza,Nenhuma,União de facto,16369.26,164.0,67.9,Satisfeito,03/04/2004,20/03/2025,3,Não,Necessita revisão
1719,Masculino,24,Sofala,Mestrado,Separado,48420.48,168.4,80.0,Muito insatisfeito,29/11/2000,21/04/2025,1,Sim,Sem observações
1720,Masculino,22,Maputo,Mestrado,Solteiro,19726.05,180.9,67.2,Muito satisfeito,21/09/2002,03/12/2025,2,Sim,sem observacao
1721,Masculino,36,Manica,Licenciatura,Viúvo,19509.06,161.9,73.4,Insatisfeito,19/10/1988,01/06/2025,2,Não,Dados confirmados
1722,Masculino,33,Manica,Secundária,Viúvo,37875.32,151.7,75.9,Satisfeito,24/08/1991,17/04/2025,3,Não,Sem observações
1723,Masculino,29,Nampula,Primária,Solteiro,6374.05,175.9,103.8,Neutro,24/11/1995,11/12/2025,1,Sim,Sem observações
1724,Feminino,21,Sofala,Licenciatura,Solteiro,36606.58,178.9,78.6,Muito satisfeito,22/12/2003,05/12/2025,1,Não,Necessita revisão
1725,Feminino,29,Inhambane,Secundária,Divorciado,39381.86,164.1,66.0,Insatisfeito,28/03/1995,10/09/2025,0,Não,Necessita revisão
1726,Feminino,23,Niassa,Primária,União de facto,7063.55,152.8,70.4,Muito satisfeito,24/08/2001,07/01/2025,0,Sim,Contacto posterior
1727,Feminino,18,Nampula,Desconhecido,Viúvo,11589.7,160.4,51.6,Insatisfeito,01/01/2007,06/03/2025,4,Não,Contacto posterior
1728,Masculino,48,Sofala,Primária,Solteiro,3116.4,162.4,84.3,Muito insatisfeito,31/05/1976,05/01/2025,1,Sim,Entrevista concluída
1729,Masculino,18,Niassa,Primária,União de facto,9113.02,137.7,73.2,Neutro,17/02/2006,12/09/2025,2,Não,Necessita revisão
1730,Feminino,37,Zambézia,Secundária,Casado,,173.2,49.5,0,20/02/1987,05/10/2025,2,Sim,Necessita revisão
1731,Masculino,33,Niassa,Secundária,Casado,12736.69,169.9,54.2,Muito insatisfeito,20/08/1991,27/08/2025,0,Sim,Entrevista concluída
1732,Feminino,35,Gaza,Técnica,Divorciado,19711.52,167.6,71.5,Neutro,13/04/1989,26/12/2025,2,Sim,Sem observações
1733,Feminino,51,Maputo,Secundária,Casado,17507.38,165.1,72.7,Muito satisfeito,19/08/1973,01/04/2025,0,Não,Entrevista concluída
1734,Masculino,36,Maputo,Secundária,Divorciado,88467.18,170.1,78.9,Satisfeito,19/12/1988,15/10/2025,4,Não,Sem observações
1735,Masculino,27,Cabo Delgado,Técnica,Viúvo,49275.77,163.8,70.6,Muito satisfeito,15/08/1997,09/09/2025,5,Sim,Dados confirmados
1736,Feminino,28,Inhambane,Licenciatura,Casado,20144.2,177.7,52.2,Muito satisfeito,08/03/1996,09/06/2025,1,Sim,Contacto posterior
1737,Feminino,41,Gaza,Licenciatura,União de facto,17206.65,145.1,36.0,Muito satisfeito,04/02/1983,15/05/2025,3,Não,Necessita revisão
1738,Masculino,18,Inhambane,Secundária,Casado,41136.02,173.6,46.2,Muito insatisfeito,13/10/2006,18/06/2025,2,Sim,Contacto posterior
1739,Feminino,24,Gaza,Licenciatura,União de facto,22515.75,160.7,61.3,Muito satisfeito,25/03/2000,29/06/2025,1,Não,Dados confirmados
1740,Masculino,75,Niassa,Secundária,Divorciado,14382.19,171.3,55.7,Neutro,08/09/1949,27/06/2025,2,Sim,Entrevista concluída
1741,Masculino,41,Gaza,Mestrado,Viúvo,7300.14,156.0,70.7,Satisfeito,22/04/1983,27/10/2025,3,Não,Contacto posterior
1742,Masculino,45,Nampula,secundaria,Viúvo,63196.13,155.7,85.7,Muito satisfeito,26/10/1979,09/05/2025,2,Não,Dados confirmados
1743,Feminino,18,Maputo,Licenciatura,Solteiro,15.000,169.6,60.1,Satisfeito,10/05/2006,06/11/2025,3,Não,Sem observações
1744,Masculino,44,Manica,Secundária,Divorciado,27185.29,159.9,78.5,Insatisfeito,04/09/1980,01/04/2025,4,Não,Dados confirmados
1745,Feminino,18,Zambézia,Licenciatura,Casado,52431.78,169.4,71.9,Muito satisfeito,09/01/2006,11/12/2025,3,Sim,Contacto posterior
1746,Feminino,38,Inhambane,Secundária,Solteiro,18282.11,45,77.2,Satisfeito,01/08/1986,13/01/2025,1,Sim,Dados confirmados
1747,Masculino,27,Zambézia,Técnica,União de facto,14299.01,163.1,75.9,Neutro,12/07/1997,12/01/2025,0,Não,Sem observações
1748,Masculino,28,Sofala,Licenciatura,União de facto,11012.44,143.4,78.6,Satisfeito,15/10/1996,29/09/2025,4,Sim,Entrevista concluída
1749,Masculino,32,Inhambane,Licenciatura,Divorciado,11935.06,169.7,66.3,Neutro,14/06/1992,08/09/2025,3,sim,Contacto posterior
1750,Masculino,49,Niassa,Primária,Viúvo,16836.54,172.7,60.7,Muito insatisfeito,15/08/1975,21/04/2025,4,Não,Contacto posterior
1751,Masculino,31,Nampula,Primária,Solteiro,6774.33,178.8,66.7,Satisfeito,09/05/1993,29/05/2025,3,Não,Necessita revisão
1752,Feminino,30,Manica,Licenciatura,solteiro,11426.09,161.0,74.0,Insatisfeito,22/10/1994,13/09/2025,3,Sim,Dados confirmados
1753,Masculino,34,Sofala,Secundária,Viúvo,51238.97,162.1,76.5,Neutro,19/03/1990,21/09/2025,2,Não,Necessita revisão
1754,Feminino,24,Sofala,Primária,Viúvo,6410.43,162.0,99.2,Neutro,14/02/2000,01/03/2025,3,Sim,Contacto posterior
1755,Feminino,18,Manica,Primária,Viúvo,10479.73,170.9,65.9,Satisfeito,16/12/2006,16/10/2025,2,Sim,Necessita revisão
1756,Masculino,22,Maputo,Secundária,Casado,46275.37,180.7,73.8,Muito satisfeito,05/08/2002,24/12/2025,3,Não,Necessita revisão
1757,Masculino,23,Nampula,Mestrado,União de facto,39760.78,159.2,,Neutro,31/12/2001,09/07/2025,3,Não,Contacto posterior
1758,Masculino,27,Manica,Secundária,Viúvo,8175.22,171.0,67.3,Neutro,10/08/1997,21/09/2025,,Sim,Sem observações
1759,Feminino,38,Manica,Primária,Casado,17783.12,158.2,62.0,Muito satisfeito,13/03/1986,12/12/2025,5,Sim,Dados confirmados
1760,Feminino,39,Nampula,Secundária,Divorciado,7272.14,166.5,71.6,Muito insatisfeito,27/04/1985,03/08/2025,1,Não,Contacto posterior
1761,Masculino,37,Gaza,Técnica,Divorciado,10229.04,168.5,77.1,Neutro,10/07/1987,15/05/2025,2,Não,Dados confirmados
1762,Feminino,18,Sofala,Licenciatura,União de facto,12861.48,179.0,70.0,Satisfeito,09/05/2006,09/03/2025,0,Não,Contacto posterior
1763,Feminino,35,Tete,Secundária,Viúvo,35050.79,170.8,80.0,Neutro,09/09/1989,25/08/2025,2,Não,Sem observações 
1764,Masculino,57,Gaza,Secundária,Solteiro,38926.22,159.3,78.8,Neutro,17/03/1967,04/11/2025,1,Sim,Entrevista concluída
1765,Feminino,28,Manica,Primária,Viúvo,45509.71,172.4,67.4,Satisfeito,04/11/1996,20/09/2025,2,Não,Necessita revisão
1766,Masculino,51,Sofala,Secundária,Solteiro,13046.88,155.9,68.6,Neutro,30/07/1973,25/06/2025,2,Sim,Entrevista concluída
1767,Masculino,37,Cabo Delgado,Secundária,Viúvo,9714.05,171.5,84.1,Insatisfeito,27/03/1987,09/08/2025,1,Não,Necessita revisão
1768,Feminino,57,Maputo,Licenciatura,Casado,14412.83,174.3,53.4,Muito satisfeito,26/02/1967,20/02/2025,2,Não,Entrevista concluída
1769,Masculino,28,Sofala,Secundária,Viúvo,34389.98,160.5,56.8,satisfeito ,27/11/1996,01/10/2025,2,Sim,Entrevista concluída
1770,Masculino,28,Inhambane,Secundária,Solteiro,13510.18,175.2,60.2,Satisfeito,16/11/1996,08/05/2025,3,Sim,Sem observações
1771,Feminino,55,Inhambane,Secundária,Viúvo,9688.52,164.5,85.6,Neutro,19/10/1969,12/04/2025,3,Sim,Necessita revisão
1772,Feminino,33,Niassa,Secundária,Divorciado,47912.68,173.9,76.9,Muito insatisfeito,16/02/1991,18/03/2025,3,Não,Sem observações
1773,Feminino,43,Inhambane,Primária,Casado,27798.53,169.2,81.5,Satisfeito,12/08/1981,06/03/2025,1,Sim,Necessita revisão
1774,Feminino,25,Sofala,Licenciatura,União de facto,22915.35,151.5,58.8,Satisfeito,15/04/1999,18/04/2025,1,Sim,Contacto posterior
1775,Feminino,22,Cabo Delgado,Nenhuma,Viúvo,11797.64,158.9,62.8,Muito insatisfeito,20/01/2002,12/13/2025,2,Não,Contacto posterior
1776,Feminino,32,Maputo,Mestrado,Solteiro,27552.49,175.0,86.7,Neutro,30/07/1992,03/09/2025,3,Não,Dados confirmados
1777,Feminino,42,Sofala,Licenciatura,Solteiro,8783.9,154.4,92.7,Muito insatisfeito,03/11/1982,29/10/2025,1,Sim,Necessita revisão
1778,Feminino,33,Manica,Técnica,Viúvo,32991.84,163.8,47.4,Muito insatisfeito,26/01/1991,28/08/2025,1,Não,
1779,Feminino,40,Nampula,Primária,Solteiro,12085.57,166.7,77.4,Insatisfeito,18/02/1984,28/06/2025,0,Sim,Contacto posterior
1780,Masculino,18,Gaza,Licenciatura,Casado,23680.19,177.7,78.1,Muito satisfeito,2006-04-20,20/03/2025,4,Sim,Contacto posterior
1781,Feminino,31,Maputo,Secundária,Viúvo,4624.27,156.7,82.5,Muito satisfeito,10/01/1993,01/05/2025,1,Não,Contacto posterior
1782,Feminino,44,Niassa,Licenciatura,Casado,10086.66,149.1,84.6,Neutro,07/01/1980,03/02/2025,1,Sim,Sem observações
1783,Masculino,58,Manica,Nenhuma,Viúvo,7910.71,171.9,57.6,Muito insatisfeito,14/04/1966,09/01/2025,1,Não,Entrevista concluída
1784,Masculino,18,Inhambane,Licenciatura,Casado,44885.49,171.1,66.7,Satisfeito,06/02/2006,,3,Sim,Entrevista concluída
1785,Masculino,50,Manica,Licenciatura,Viúvo,10943.49,177.4,73.9,Satisfeito,30/08/1974,25/04/2025,2,Sim,Necessita revisão
1786,Masculino,57,Gaza,Licenciatura,Viúvo,11664.9,171.9,69.3,Insatisfeito,20/03/1967,28/04/2025,2,Sim,Necessita revisão
1787,Feminino,33,Inhambane,Primária,Divorciado,13494.05,166.2,80.7,Muito satisfeito,06/10/1991,24/04/2025,0,Sim,Sem observações
1788,Masculino,120,Cabo Delgado,Mestrado,Solteiro,7529.66,162.6,43.9 kg,Satisfeito,28/01/2001,15/09/2025,6,Sim,Necessita revisão
1789,Masculino,23,Maputo,Licenciatura,Solteiro,14227.52,170.3,66.1,Muito satisfeito,19/06/2001,17/08/2025,2,Sim,Dados confirmados
1790,Feminino,18,Tete,Licenciatura,União de facto,11682.92,159.5,78.4,Insatisfeito,12/04/2006,03/05/2025,1,Talvez,Entrevista concluída
1791,Feminino,31,Cabo Delgado,Técnica,Divorciado,33562.67,168.4,72.8,Insatisfeito,17/12/1993,25/04/2025,1,Sim,Necessita revisão
1792,Feminino,27,Zambézia,Secundária,Divorciado,31078.44,160.0,88.2,Satisfeito,03/09/1997,24/03/2025,0,Sim,Dados confirmados
1793,Feminino,22,Cabo Delgado,Licenciatura,Casado,13961.64,174.7,56.4,Insatisfeito,23/05/2002,22/07/2025,2,Não,Dados confirmados
1794,Feminino,35,Manica,Secundária,Divorciado,10025.63,185.3,77.5,Satisfeito,21/09/1989,20/02/2025,2,Não,Contacto posterior
1786,Feminino,26,Gaza,Técnica,Casado,39017.86,149.4,65.8,Muito insatisfeito,05/10/1998,19/05/2025,3,Não,Necessita revisão
1796,Feminino,18,Maputo,Licenciatura,Viúvo,8455.88,160.4,62.3,Neutro,30/10/2006,16/09/2025,1,Não,Dados confirmados
1797,Feminino,38,Gaza,Secundária,Divorciado,13346.26,171.3,77.1,Muito satisfeito,29/11/1986,07/11/2025,0,Não,Necessita revisão
1798,Masculino,29,Cabo Delgado,Secundária,Divorciado,48773.44,181.3,71.1,Satisfeito,05/03/1995,13/11/2025,3,Sim,Entrevista concluída
1799,Feminino,18,Niassa,Licenciatura,Viúvo,26369.45,186.7,98.8,Neutro,05/10/2006,18/09/2025,2,Não,Empregado em tempo inteiro
1800,Feminino,56,Cabo Delgado,Primária,União de facto,33711.1,170.5,68.5,Insatisfeito,25/03/1968,17/05/2025,1,Não,Contacto posterior
1801,Feminino,46,Nampula,Primária,Divorciado,41314.37,152.9,81.7,Insatisfeito,10/04/1978,13/08/2025,2,Não,Necessita revisão
1802,Feminino,46,Maputo,Licenciatura,Divorciado,30710.87,171.3,59.9,Muito satisfeito,06/04/1978,27/11/2025,3,yes,Sem observações
1803,Masculino,18,Tete,Primária,Solteiro,45716.09,179.6,65.6,Muito satisfeito,02/05/2006,06/05/2025,1,Não,Contacto posterior
1804,Feminino,44,Cabo Delgado,Secundária,Divorciado,14589.31,187.5,60.1,Muito satisfeito,26/08/1980,16/06/2025,3,Sim,Necessita revisão
1805,Masculino,46,Niassa,Secundária,Casado,10476.53,182.5,75.1,Muito satisfeito,29/07/1978,26/05/2025,3,Não,Necessita revisão
1806,Feminino,23,Tete,Licenciatura,Solteiro,14713.25,172.4,77.1,Neutro,06/08/2001,11/01/2025,5,Sim,N/A
1807,Masculino,28,Manica,Secundária,Solteiro,29780.51,"168,0",56.5,Muito satisfeito,13/06/1996,06/05/2025,0,Sim,Dados confirmados
1808,fem,50,Nampula,Nenhuma,Viúvo,19849.82,172.2,59.8,Insatisfeito,31/12/1974,16/10/2025,0,Não,Dados confirmados
1809,Feminino,37,Tete,secundaria,Solteiro,38534.52,160.1,52.0,Insatisfeito,30/05/1987,02/07/2025,1,Sim,Entrevista concluída
1810,,24,Nampula,Primária,Solteiro,7142.53,177.8,62.2,Muito satisfeito,27/04/2000,01/01/2027,1,Sim,Entrevista concluída
1811,Feminino,31,Inhambane,Primária,Casado,10218.88,162.1,69.6,Satisfeito,12/03/1993,02/09/2025,3,Não,Contacto posterior
1812,Masculino,40,Nampula,Secundária,Viúvo,18933.8,187.7,65.8,Neutro,01/04/1984,22/08/2025,2,Não,Contacto posterior
1813,Feminino,18,Tete,Secundária,Viúvo,14775.93,153.2,54.2,Neutro,18/04/2006,24/09/2025,0,Sim,Sem observações
1814,Masculino,31,Gaza,Técnica,Solteiro,19347.49,170.2,64.3,Muito satisfeito,23/10/1993,18/12/2025,2,Não,Necessita revisão
1815,Feminino,39,Zambézia,Licenciatura,Viúvo,32037.31,161.7,77.8,Muito insatisfeito,02/02/1985,10/09/2025,2,Não,Necessita revisão
1816,Masculino,18,Nampula,Secundária,Viúvo,3786.15,176.7,57.1,Muito satisfeito,12/09/2006,12/02/2025,4,Sim,Necessita revisão
1817,Masculino,24,Nampula,Licenciatura,Divorciado,28253.92,171.6,50.5,Satisfeito,27/02/2000,06/02/2025,2,Não,Sem observações
1818,Feminino,19,Maputo,Primária,Solteiro,47232.57,151.2,82.5,Insatisfeito,29/07/2005,06/07/2025,-1,Sim,Entrevista concluída
1819,Masculino,41,Manica,Secundária,Viúvo,30073.57,162.1,5,Neutro,10/02/1983,16/06/2025,2,Sim,Sem observações
1820,Masculino,47,Cabo Delgado,Primária,Casado,5991.64,166.0,59.0,Satisfeito,25/09/1977,24/02/2025,2,Não,Sem observações
1821,Masculino,32,Sofala,Técnica,Divorciado,13288.28,156.0,81.1,Satisfeito,03/05/1992,27/01/2025,1,Sim,Dados confirmados
1822,Feminino,22,Inhambane,Licenciatura,Viúvo,11668.1,155.4,52.9,Satisfeito,27/03/2002,16/01/2025,1,Sim,Contacto posterior
1823,Masculino,29,Inhambane,Técnica,Divorciado,28746.48,177.6,89.7,Muito insatisfeito,20/03/1995,17/06/2025,4,Sim,Necessita revisão
1824,Masculino,51,Inhambane,Secundária,Divorciado,29791.06,197.3,89.5,Neutro,07/04/1973,04/10/2025,1,Não,Contacto posterior
1825,Feminino,32,Zambézia,Licenciatura,solteiro,20291.9,159.1,73.0,Satisfeito,29/12/1992,06/05/2025,3,Não,Necessita revisão
1826,Masculino,54,Gaza,Secundária,União de facto,15000,169.2,88.1,Satisfeito,14/08/1970,28/07/2025,4,Sim,Contacto posterior
1827,Feminino,24,Niassa,Licenciatura,União de facto,31292.35,169.5,65.2,Muito satisfeito,26/09/2000,02/01/2025,2,Não,Dados confirmados
1828,Feminino,36,Tete,Mestrado,Solteiro,5826.19,154.2,76.7,Muito satisfeito,12/09/1988,03/04/2025,1,Não,Dados confirmados
1829,Feminino,35,Maputo,Primária,Viúvo,7968.68,139.8,81.5,Neutro,03/06/1989,31/01/2025,2,Sim,Necessita revisão
1830,Feminino,23,Sofala,Licenciatura,Solteiro,34046.65,159.2,59.2,Muito Satisfeito,27/12/2001,21/11/2025,0,Sim,Necessita revisão
1831,Feminino,44,Sofala,Secundária,Solteiro,18656.28,158.6,52.6,Neutro,23/11/1980,30/03/2025,3,Não,Contacto posterior
1832,Feminino,,Cabo Delgado,Secundária,Casado,7952.24,170.7,71.5,Muito insatisfeito,15/01/2000,07/06/2025,1,Sim,Dados confirmados
1833,Feminino,18,Manica,Nenhuma,Viúvo,19602.26,157.4,54.6,Muito satisfeito,30/08/2006,16/02/2025,3,Sim,Entrevista concluída
1834,Masculino,35,Tete,Secundária,Viúvo,-500,175.8,86.7,Neutro,04/05/1989,08/02/2025,3,Sim,Dados confirmados
1835,Feminino,62,Tete,Secundária,Divorciado,23147.69,155.7,53.4,Muito satisfeito,04/04/1962,04/04/2025,4,Sim,Contacto posterior
1836,Masculino,54,Sofala,Secundária,Viúvo,17318.73,176.7,69.7,Satisfeito,25/06/1970,14/02/2025,1,Sim,Sem observações
1837,Feminino,39,Manica,Secundária,União de facto,12038.52,160.3,59.5,Muito satisfeito,22/07/1985,01/09/2025,3,Sim,Dados confirmados
1838,Feminino,30,Manica,Técnica,Viúvo,17736.9,172.5,101.6,Muito satisfeito,09/02/1994,21/09/2025,2,Não,Entrevista concluída
1839,Masculino,20,Cabo Delgado,Licenciatura,Viúvo,15201.16,153.4,58.9,Neutro,16/09/2004,08/12/2025,0,Sim,Necessita revisão
1840,Masculino,36,Maputo,Técnica,Solteiro,20028.49,177.2,73.6,Muito satisfeito,02/05/1988,28/05/2025,3,Não,Entrevista concluída
1841,Feminino,29,Sofala,,União de facto,5139.06,163.3,58.8,Insatisfeito,14/06/1995,18/02/2025,1,Sim,Entrevista concluída
1842,Masculino,35,Manica,Técnica,,18837.7,164.9,52.2,Muito satisfeito,03/07/1989,12/05/2025,3,Sim,Sem observações
1843,Feminino,31,Maputo,Primária,União de facto,4593.77,250,72.5,Neutro,31/03/1993,27/01/2025,0,Sim,Dados confirmados
1844,Masculino,18,Zambézia,Licenciatura,Divorciado,28639.08,172.8,53.5,Muito insatisfeito,24/12/2006,06/01/2025,0,Não,Contacto posterior
1845,Masculino,21,Maputo,Secundária,Casado,11470.52,171.2,81.6,Neutro,14/12/2003,25/12/2025,2,Sim,Contacto posterior
1846,Feminino,39,Tete,Técnica,Solteiro,6151.49,179.3,44.0,Satisfeito,14/02/1985,02/08/2025,8,Não,Contacto posterior
1847,Feminino,49,Gaza,Primária,Divorciado,64421.04,150.1,100.2,Muito insatisfeito,25/04/1975,27/05/2025,0,Não,Entrevista concluída
1848,Masculino,39,Zambézia,Secundária,Solteiro,5634.5,163.3,45.2,Neutro,12/03/1985,18/05/2025,6,Não,Contacto posterior
1849,Masculino,32,Niassa,Licenciatura,Divorciado,32747.79,170.9,69.7,Neutro,14/06/1992,27/06/2025,1,Não,Sem obs.
1850,Feminino,44,Manica,Licenciatura,Casado,18310.32,167.1,65.4,Satisfeito,03/04/1980,02/10/2025,3,Não,Entrevista concluída
1851,Masculino,32,Maputo,Secundária,Solteiro,37157.64,144.9,76.9,Neutro,16/05/1992,22/11/2025,1,Não,Necessita revisão
1852,Feminino,46,Sofala,Primária,Divorciado,23949.05,158.6,96.0,Satisfeito,22/10/1978,27/01/2025,1,Não,Contacto posterior
1853,Masculino,34,Manica,Secundária,Viúvo,46679.71,155.6,76.9,Insatisfeito,13/02/1990,14/08/2025,3,Não,Contacto posterior
1854,Feminino,20,Gaza,Secundária,União de facto,16913.77,154.8,72.9,Muito insatisfeito,17/10/2004,04/04/2025,3,Sim,Dados confirmados
1840,Feminino,44,Tete,Secundária,Casado,7330.51,164.1,70.5,Muito insatisfeito,15/12/1980,18/12/2025,1,SIM,Sem observações
1856,Masculino,38,Inhambane,Técnica,Divorciado,19160.23,162.2,48.2,Insatisfeito,16/04/1986,30/08/2025,2,Sim,Entrevista concluída
1857,Feminino,21,Inhambane,Secundária,União de facto,18932.85,165.1,53.8,Satisfeito,18/09/2003,25/08/2025,1,Sim,Dados confirmados
1858,Feminino,18,Maputo,Licenciatura,Viúvo,20009.21,153.0,67.8,Muito satisfeito,06/10/2006,02/12/2025,3,Não,Necessita revisão
1859,Masculino,50,Cabo Delgado,Licenciatura,União de facto,34943.91,166.3,73.6,Muito satisfeito,07/11/1974,15/04/2025,5,Não,Necessita revisão
1860,Feminino,35,NPL,Primária,Divorciado,28747.91,172.0,72.6,Insatisfeito,21/03/1989,16/02/2025,1,Sim,Contacto posterior
1861,Masculino,28,Sofala,Licenciatura,Solteiro,41584.49,149.3,68.9,Satisfeito,24/01/1996,07/08/2025,2,Não,Sem observações
1862,Masculino,18,Niassa,Licenciatura,Solteiro,22359.8,167.1,76.4,Insatisfeito,10/11/2006,20/06/2025,1,Sim,Contacto posterior
1863,Masculino,28,Zambézia,Primária,Solteiro,14403.66,161.8,59.4,Neutro,21/05/1996,23/03/2025,1,Não,Entrevista concluída
1864,Feminino,45,Cabo Delgado,Primária,Viúvo,21094.17,,56.5,Satisfeito,06/01/1979,24/02/2025,1,Não,Contacto posterior
1865,Feminino,48,Tete,Licenciatura,Divorciado,29623.83,179.7,83.0,Neutro,24/06/1976,03/08/2025,1,Sim,Contacto posterior
1866,Masculino,36,Maputo,Primária,Casado,36740.16,172.9,103.1,Insatisfeito,29/10/1988,14/02/2025,3,Sim,Necessita revisão
1867,Feminino,24,Niassa,Técnica,Viúvo,3492.66,180.6,56.5,Satisfeito,21/04/2000,10/04/2025,0,Sim,Entrevista concluída
1868,Feminino,49,Zambézia,Licenciatura,Solteiro,15520.67,159.1,76.2,Muito satisfeito,30/09/1975,24/06/2025,2,Sim,Entrevista concluída
1869,Feminino,18,Sofala,Secundária,Divorciado,19837.84,164.0,61.2,Insatisfeito,2006-02-12,20/02/2025,3,Não,Sem observações
1870,Feminino,39,Maputo,Secundária,Solteiro,52146.05,165.6,82.4,Muito satisfeito,31/07/1985,26/01/2025,3,Não,Entrevista concluída
1871,Masculino,44,Inhambane,Licenciatura,Divorciado,8201.05,154.5,44.4,Satisfeito,10/09/1980,05/12/2025,1,Não,Sem observações
1872,Masculino,18,Niassa,Primária,Divorciado,32499.9,159.4,71.2,Muito satisfeito,13/10/2006,04/11/2025,2,Sim,Dados confirmados
1873,Masculino,39,Inhambane,Primária,Solteiro,7936.73,166.5,85.3,Muito insatisfeito,19/05/1985,03/08/2025,0,Sim,Dados confirmados
1874,Masculino,33,Cabo Delgado,Secundária,Casado,20924.96,154.6,78.1,Muito satisfeito,09/07/1991,06/01/2025,4,Não,Dados confirmados
1875,Feminino,25,Zambézia,Licenciatura,União de facto,14680.6,171.8,63.3,Satisfeito,03/02/1999,15/06/2025,0,Não,Dados confirmados
1876,Feminino,38,Cabo Delgado,primaria,União de facto,12796.5,170.4,50.9,Muito insatisfeito,03/01/1987,20/07/2025,0,Sim,Necessita revisão
1877,Feminino,30,Manica,Técnica,União de facto,12643.33,174.5,45.1,Muito satisfeito,14/01/1994,07/11/2025,1,Sim,Entrevista concluída
1878,Masculino,48,Niassa,Primária,União de facto,26164.29,177.4,46.6,Insatisfeito,25/10/1976,02/11/2025,4,Não,Entrevista concluída
1879,Feminino,38,Cabo Delgado,Técnica,Solteiro,6875.29,150.4,67.8,Neutro,14/10/1986,08/02/2025,3,Não,Dados confirmados
1880,Masculino,55,Cabo Delgado,Primária,Divorciado,16620.59,166.8,82.8,Muito satisfeito,30/11/1969,23/09/2025,2,Sim,Sem observações
1881,Feminino,53,Nampula,Secundária,União de facto,12632.22,177.1,77.9,Satisfeito,20/12/1971,11/02/2025,3,Sim,Contacto posterior
1882,Feminino,19,Nampula,Secundária,Viúvo,8456.74,161.9,82.0,Muito satisfeito,13/05/2005,04/02/2025,2,Não,Entrevista concluída
1883,Feminino,38,Zambézia,Primária,Divorciado,23206.64,157.3,69.9,Satisfeito,03/09/1986,18/09/2025,2,Não,Entrevista concluída
1884,Feminino,21,Tete,Desconhecido,União de facto,26829.83,180.0,64.9,Muito satisfeito,17/07/2003,23/03/2025,2,Sim,Necessita revisão
1885,Masculino,48,Nampula,Licenciatura,Viúvo,38824.02,143.9,83.7,Muito insatisfeito,28/01/1976,02/07/2025,0,Não,Sem observações
1886,Masculino,18,Maputo,Primária,Casado,7842.04,177.6,83.5,Neutro,18/08/2006,10/02/2025,2,Não,Dados confirmados
1887,Masculino,37,Sofala,Técnica,Solteiro,30789.83,174.0,66.6,Insatisfeito,06/10/1987,01/05/2025,1,Não,Necessita revisão
1888,Feminino,30,Sofala,Primária,Divorciado,34016.24,160.7,58.3,Insatisfeito,29/09/1994,08/10/2025,3,Não,Entrevista concluída
1889,Feminino,26,Sofala,Secundária,Divorciado,25457.29,169.7,58.1,Satisfeito,10/09/1998,27/10/2025,2,Sim,Contacto posterior
1890,Masculino,26,Nampula,Secundária,Solteiro,9306.35,173.4,84.0,Satisfeito,07/03/1998,07/12/2025,0,Não,Necessita revisão
1891,Masculino,27,Inhambane,Primária,Solteiro,34823.58,165.1,85.3,satisfeito ,18/10/1997,12/04/2025,4,Não,Sem observações
1892,Masculino,43,Zambézia,Mestrado,Casado,11529.04,172.0,62.7,Satisfeito,21/04/1981,10/05/2025,4,Sim,SEM OBSERVAÇÕES
1893,Feminino,44,Manica,Licenciatura,Solteiro,21179.54,165.5,75.1,Neutro,02/05/1980,08/05/2025,0,Sim,Entrevista concluída
1894,Masculino,18,Tete,Primária,Viúvo,29387.24,157.6,65.9,Insatisfeito,27/05/2006,10/09/2025,1,Não,Sem observações
1895,Feminino,40,Cabo Delgado,Licenciatura,Casado,14279.3,177.0,88.0,Insatisfeito,16/01/1984,15/07/2025,1,Não,Contacto posterior
1896,Feminino,48,Zambézia,Secundária,Casado,20577.39,177.3,56.3,Neutro,17/01/1976,13/01/2025,4,Não,Dados confirmados
1897,X,27,Nampula,Secundária,Divorciado,7704.49,156.2,56.1,,12/01/1997,11/02/2025,1,Sim,Entrevista concluída
1898,Feminino,30,Zambézia,Licenciatura,Casado ,54664.77,157.0,77.4,Insatisfeito,16/05/1994,29/09/2025,4,Sim,Entrevista concluída
1899,Masculino,23,,Secundária,Solteiro,9613.03,158.4,81.5,Muito satisfeito,,12/01/2025,4,Sim,Dados confirmados
1900,Feminino,32,Niassa,Licenciatura,Casado,21587.32,160.1,61.6,Muito satisfeito,08/04/1992,02/02/2025,5,Sim,Dados confirmados
1901,Masculino,29,Tete,Primária,Viúvo,55785.14,163.2,71.9,Muito satisfeito,08/05/1995,20/12/2025,3,Sim,Dados confirmados
1902,Masculino,27,Tete,Licenciatura,Solteiro,999999,164.0,72.4,Muito insatisfeito,08/12/1997,03/08/2025,0,Não,Entrevista concluída
1903,Masculino,19,Zambézia,Licenciatura,Solteiro,,157.6,71.1,6,12/09/2005,28/10/2025,5,Não,Dados confirmados
1904,Masculino,21,Maputo,Técnica,Casado,34832.66,191.1,67.8,Satisfeito,23/04/2003,20/11/2025,3,Sim,Dados confirmados
1905,Masculino,37,Nampula,Licenciatura,União de facto,21495.11,181.7,57.3,Muito insatisfeito,31/05/1987,04/05/2025,2,Sim,corrigir
1906,Feminino,47,Zambézia,Licenciatura,Viúvo,15153.46,183.2,69.0,Satisfeito,24/08/1977,20/08/2025,1,Não,Sem observações
1907,Masculino,32,Niassa,Primária,Solteiro,11321.39,154.3,75.6,Muito insatisfeito,25/10/1992,18/01/2025,2,Sim,Contacto posterior
1908,Feminino,22,Zambézia,Primária,União de facto,11824.02,158.2,82.0,Neutro,07/09/2002,29/03/2025,3,sim,Entrevista concluída
1909,Masculino,27,Sofala,Licenciatura,Viúvo,"15,000",170.7,79.1,Insatisfeito,19/06/1997,08/11/2025,0,Sim,Dados confirmados
1910,Masculino,32,Gaza,Primária,Separado,15774.13,166.0,54.0,Muito insatisfeito,16/09/1992,28/04/2025,1,Sim,Sem observações
1911,Masculino,23,Tete,Técnica,Casado,24016.19,173.2,64.8,Muito insatisfeito,09/04/2001,18/03/2025,1,Não,Necessita revisão
1912,Masculino,29,Sofala,Licenciatura,Divorciado,26454.37,171.4,71.0,Satisfeito,29/07/1995,14/12/2025,2,Não,Sem observações
1913,Masculino,33,Zambézia,Técnica,Viúvo,28481.95,182.1,68.7,Insatisfeito,06/01/1991,29/10/2025,4,Não,Necessita revisão
1914,Masculino,35,Maputo,Licenciatura,Solteiro,27836.31,149.9,65.7,Satisfeito,06/07/1989,25/06/2025,0,Não,Dados confirmados
1915,Feminino,32,Manica,Primária,União de facto,30452.51,152.4,62.6,Neutro,25/06/1992,02/08/2025,2,Sim,Dados confirmados
1916,Feminino,40,Gaza,Mestrado,União de facto,11149.76,172.6,43.3,Insatisfeito,13/01/1984,15/01/2025,2,Não,Contacto posterior
1917,Feminino,33,Tete,Secundária,Viúvo,22201.51,176.9,61.9,Neutro,01/09/1991,05/07/2025,1,Não,Dados confirmados
1918,Masculino,37,Tete,Secundária,Casado,12236.09,160.2,52.3,Insatisfeito,05/04/1987,08/10/2025,1,Sim,Necessita revisão
1919,Feminino,64,Maputo,Primária,Viúvo,40577.97,156.2,67.9,Neutro,03/07/1960,20/08/2025,20,Sim,Entrevista concluída
1920,Masculino,23,Nampula,Primária,Viúvo,20674.79,161.0,73.7,Insatisfeito,05/04/2001,28/04/2025,3,Não,Necessita revisão
1921,F,52,Cabo Delgado,Licenciatura,Divorciado,4439.99,168.4,65.8,Satisfeito,10/07/1972,10/06/2025,3,Sim,Sem observações
1922,Masculino,61,Maputo,Primária,União de facto,13121.49,155.7,64.8,Neutro,05/07/1963,29/08/2025,2,Não,Dados confirmados
1923,Masculino,44,Cabo Delgado,Mestrado,Divorciado,6657.13,160.7,55.5,Insatisfeito,13/05/1980,14/06/2025,2,Sim,Dados confirmados
1924,Feminino,18,Gaza,Licenciatura,Viúvo,19670.32,178.3,72.0,Satisfeito,12/01/2006,11/10/2025,3,Sim,Sem observações
1925,Masculino,43,Cabo Delgado,Licenciatura,Viúvo,36910.52,138.8,41.2,Neutro,02/10/1981,31/03/2025,1,Sim,Entrevista concluída
1926,Masculino,38,Tete,Secundária,Divorciado,15601.29,184.1,5,Neutro,06/08/1986,09/02/2025,1,Sim,Entrevista concluída
1927,Masculino,22,Tete,Primária,Casado,13542.39,169.7,77.6,Insatisfeito,22/09/2002,06/09/2025,1,Sim,Entrevista concluída
1926,Masculino,51,Cabo Delgado,Secundária,Casado,21707.23,158.4,54.6,Muito satisfeito,30/06/1973,09/06/2025,0,,Contacto posterior
1929,Feminino,22,Manica,Nenhuma,União de facto,21823.6,153.7,80.3,Muito insatisfeito,14/08/2002,07/08/2025,0,Não,Sem observações
1930,Masculino,40,Niassa,Secundária,Solteiro,158273.36,187.1,60.1,Neutro,07/11/1984,15/04/2025,1,Não,Entrevista concluída
1931,Feminino,21,Manica,Primária,Casado,5179.82,168.0,59.9,Neutro,26/09/2003,06/04/2025,2,Não,Entrevista concluída
1932,Feminino,51,Inhambane,Licenciatura,Solteiro,45752.3,154.2,56.2,Satisfeito,29/07/1973,30/01/2025,1,Sim,Dados confirmados
1933,Masculino,64,Tete,Secundária,União de facto,8470.98,177.9,58.9,Satisfeito,18/09/1960,10/04/2025,3,Sim,Sem observações
1934,Masculino,32,Niassa,Secundária,Solteiro,24968.28,157.4,46.2,Neutro,25/12/1992,10/11/2025,0,Sim,Sem observações
1935,Masculino,54,Sofala,Técnica,Casado,19555.87,164.9,77.0,Insatisfeito,24/04/1970,19/06/2025,1,Não,sem observacao
1936,Feminino,49,Gaza,Secundária,Viúvo,26356.82,178.9,78.3,Muito insatisfeito,17/04/1975,14/05/2025,2,Não,Sem observações
1937,Feminino,-3,Sofala,Técnica,Solteiro,62029.98,156.0,75.8 kg,Satisfeito,25/02/2006,21/11/2025,3,Não,Contacto posterior
1938,Feminino,34,Manica,Secundária,União de facto,18494.12,168.6,43.3,Neutro,21/10/1990,25/10/2025,2,Não,Dados confirmados
1939,Masculino,26,Maputo,Primária,União de facto,9356.33,173.6,74.3,Muito insatisfeito,30/08/1998,28/10/2025,1,Não,Dados confirmados
1940,Masculino,30,Niassa,Secundária,Viúvo,14694.14,250,54.5,Satisfeito,17/11/1994,01/05/2025,2,Não,Sem observações
1941,Feminino,57,Sofala,Licenciatura,União de facto,10753.29,176.1,53.6,Muito insatisfeito,16/09/1967,22/11/2025,5,Sim,Necessita revisão
1942,Masculino,36,Zambézia,Secundária,Viúvo,11283.6,163.7,54.4,Muito insatisfeito,09/01/1988,20/07/2025,3,Sim,Sem observações
1943,Masculino,44,Sofala,LIC,Casado,83294.41,149.7,85.8,Neutro,13/04/1980,13/01/2025,1,Não,Entrevista concluída
1944,Masculino,18,Niassa,Secundária,Divorciado,16665.47,156.4,59.2,Satisfeito,28/10/2006,15/08/2025,6,Não,Entrevista concluída
1945,Masculino,31,Quelimane,Mestrado,Solteiro,44726.83,161.1,93.3,Muito satisfeito,12/02/1993,14/02/2025,1,Sim,Contacto posterior
1946,Feminino,24,Gaza,Técnica,Divorciado,13013.15,"155,0",85.7,Neutro,19/03/2000,12/03/2025,0,Não,Dados confirmados
1947,Masculino,48,Inhambane,Licenciatura,Solteiro,6641.59,174.5,83.7,Muito satisfeito,26/04/1976,09/06/2025,0,Sim,Sem observações
1948,Masculino,32,Inhambane,Primária,União de facto,25042.71,172.6,74.9,Insatisfeito,09/04/1992,14/01/2025,1,Sim,Necessita revisão
1949,Feminino,49,Nampula,Mestrado,Viúvo,3342.11,165.9,56.1,Satisfeito,22/06/1975,26/05/2025,2,Sim,Sem observações
1950,Masculino,61,Niassa,Primária,Solteiro,37822.36,174.8,48.7,Neutro,12/04/1963,19/02/2025,0,Não,Sem observações
1951,Masculino,42,Tete,Licenciatura,Casado,21502.72,157.5,80.9,Insatisfeito,05/11/1982,05/11/2025,1,Sim,Dados confirmados
1952,Feminino,33,Cabo Delgado,Licenciatura,Viúvo,10647.23,164.7,74.2,muito satisfeito,16/03/1991,29/09/2025,1,Sim,Dados confirmados
1953,Masculino,18,Tete,Primária,Solteiro,26144.63,174.8,64.6,Neutro,24/04/2006,02/04/2025,1,Não,Sem observações
1954,Masculino,35,Zambézia,Nenhuma,Viúvo,29794.02,157.5,76.0,Muito insatisfeito,28/08/1989,22/12/2025,2,Sim,Contacto posterior
1955,Masculino,34,Niassa,Licenciatura,Casado,33294.07,178.6,52.6,Neutro,24/01/1990,16/01/2025,1,Não,Sem observações
1956,Masculino,50,Inhambane,Secundária,União de facto,6384.89,172.2,69.2,Satisfeito,19/11/1974,08/06/2025,3,Não,Dados confirmados
1957,Masculino,19,Cabo Delgado,Secundária,União de facto,24177.69,158.1,76.9,Muito satisfeito,05/02/2005,25/05/2025,1,Sim,Dados confirmados
1958,Feminino,41,Nampula,Secundária,Viúvo,21917.47,178.6,56.9,Insatisfeito,1983-04-22,16/11/2025,0,Sim,Necessita revisão
1959,Masculino,29,Zambézia,Mestrado,Solteiro,25684.35,162.0,72.4,Satisfeito,20/08/1995,03/06/2025,1,Sim,Dados confirmados
1960,Feminino,34,Zambézia,Mestrado,Divorciado,6316.18,161.4,60.3,Muito satisfeito,29/08/1990,15/07/2025,1,Não,Entrevista concluída
1961,Masculino,42,Gaza,Licenciatura,Casado,21992.68,165.2,46.3,Neutro,19/01/1982,20/08/2025,2,sim,Sem observações
1962,Feminino,49,Tete,Secundária,Casado,8728.92,157.7,76.2,Neutro,02/10/1975,25/01/2025,5,Não,Entrevista concluída
1963,Masculino,18,Gaza,Primária,União de facto,8903.65,152.9,72.7,Satisfeito,04/08/2006,24/07/2025,2,Não,Dados confirmados
1964,Masculino,42,Maputo,Licenciatura,Casado,10824.88,161.2,78.3,Insatisfeito,03/09/1982,24/06/2025,4,Não,Dados confirmados
1965,Feminino,58,Maputo,Primária,Divorciado,0,156.0,67.0,Muito insatisfeito,04/09/1966,30/08/2025,2,Sim,Necessita revisão
1966,Feminino,47,Zambézia,Primária,Viúvo,38165.23,167.8,89.3,Neutro,13/02/1977,17/09/2025,2,Sim,Dados confirmados
1967,Masculino,39,Nampula,Secundária,Divorciado,68676.51,151.7,96.7,Muito satisfeito,17/10/1985,25/02/2025,4,Sim,Sem observações
1968,Masculino,26,Nampula,Primária,Viúvo,4903.39,179.4,59.8,Satisfeito,10/12/1998,25/09/2025,1,Não,Dados confirmados
1969,Feminino,40,Zambézia,Secundária,Viúvo,11412.22,159.9,66.6,Muito insatisfeito,01/04/1984,16/05/2025,2,2,Contacto posterior
1970,Feminino,29,Gaza,Técnica,Viúvo,83491.4,164.3,63.0,Neutro,09/08/1995,01/02/2025,1,Não,Dados confirmados
1971,Feminino,44,Cabo Delgado,Licenciatura,solteiro,22893.24,169.1,62.9,Satisfeito,20/10/1980,26/11/2025,1,Não,Necessita revisão
1972,Feminino,34,Gaza,Secundária,Viúvo,32774.27,151.4,49.0,Muito insatisfeito,03/07/1990,23/09/2025,2,Sim,Contacto posterior
1973,Masculino,29,Sofala,Secundária,União de facto,25222.47,167.1,73.6,Neutro,17/09/1995,05/04/2025,2,Não,Sem observações
1974,Feminino,42,Nampula,Secundária,Casado,24761.84,162.4,82.9,Insatisfeito,25/04/1982,25/04/2025,1,Sim,Entrevista concluída
1975,Feminino,38,Maputo,Técnica,Divorciado,14600.85,180.6,84.4,Muito insatisfeito,28/10/1986,26/10/2025,3,Não,Necessita revisão
1976,Feminino,29,Cabo Delgado,Nenhuma,Viúvo,20026.09,161.5,51.2,Insatisfeito,06/09/1995,26/07/2025,3,Sim,Necessita revisão
1977,Feminino,23,Manica,Licenciatura,Casado,58471.43,179.5,58.2,Neutro,24/05/2001,04/03/2025,3,Sim,Sem observações
1978,Feminino,24,Nampula,Secundária,União de facto,35914.84,159.9,55.4,Muito insatisfeito,28/03/2000,23/08/2025,5,Sim,Sem observações 
1979,Feminino,33,Tete,Licenciatura,Viúvo,35543.66,162.9,73.5,Neutro,12/03/1991,14/08/2025,5,Sim,Dados confirmados
1980,Masculino,43,Tete,Técnica,Casado,19710.78,149.5,78.9,Satisfeito,09/02/1981,11/03/2025,4,Não,Necessita revisão
1981,Feminino,60,Sofala,Secundária,Solteiro,48537.09,170.3,86.7,Muito insatisfeito,03/09/1964,26/06/2025,1,Não,Entrevista concluída
1982,Feminino,39,Zambézia,Secundária,Divorciado,22085.68,169.1,78.9,Muito satisfeito,13/05/1985,23/08/2025,1,Sim,Sem observações
1983,Feminino,38,Manica,Primária,União de facto,18243.99,167.4,67.9,Insatisfeito,06/07/1986,24/02/2025,1,Não,Contacto posterior
1984,Masculino,32,Cabo Delgado,Licenciatura,Solteiro,24829.53,172.4,63.0,Insatisfeito,19/01/1992,29/10/2025,5,Sim,Necessita revisão
ID-1985,Masculino,32,Zambézia,Secundária,Divorciado,11582.05,163.3,68.0,Satisfeito,10/11/1992,01/05/2025,0,Não,Contacto posterior
1986,Masculino,56,Sofala,Primária,Casado,20985.77,166.3,88.7,Neutro,31/10/1968,14/03/2025,1,Não,Contacto posterior
1987,Masculino,53,Gaza,Licenciatura,Solteiro,46195.16,160.2,50.3,Muito satisfeito,02/04/1971,16/06/2025,3,Sim,Entrevista concluída
1988,Feminino,44,Tete,Técnica,Casado,20118.15,164.8,62.4,Satisfeito,21/06/1980,04/10/2025,0,Sim,Contacto posterior
1989,Masculino,41,Tete,Secundária,Divorciado,24061.87,188.9,55.8,Muito satisfeito,24/12/1983,11/03/2025,0,Sim,Contacto posterior
1990,Masculino,47,Maputo,Mestrado,Viúvo,100387.7,155.9,47.6,Neutro,21/05/1977,15/03/2025,1,Não,Entrevista concluída
1991,,18,Cabo Delgado,Licenciatura,Divorciado,22437.5,162.5,75.1,Neutro,02/12/2006,01/01/2020,0,Não,Contacto posterior
1992,Masculino,20,Gaza,Secundária,União de facto,15000,184.9,66.1,Neutro,25/02/2004,22/09/2025,4,Não,Sem observações
1993,Masculino,34,Cabo Delgado,Secundária,Divorciado,15458.86,171.7,91.4,Neutro,12/01/1990,09/08/2025,5,Não,Dados confirmados
1994,Masculino,28,Sofala,Secundária,Casado,7932.28,155.6,75.7,Neutro,22/06/1996,08/02/2025,1,Sim,Entrevista concluída
1995,Feminino,28,Niassa,Licenciatura,Divorciado,26702.16,161.5,74.3,Muito insatisfeito,21/07/1996,13/03/2025,3,Sim,Necessita revisão
1996,Masculino,19,Manica,Técnica,Solteiro,46236.31,163.2,77.2,Muito satisfeito,23/11/2005,26/02/2025,3,Sim,Entrevista concluída
1997,Feminino,37,Manica,Secundária,Casado,12111.12,157.5,55.8,Muito satisfeito,21/04/1987,18/09/2025,1,Sim,Dados confirmados
1998,Masculino,36,Gaza,Secundária,Divorciado,194601.26,155.7,90.4,Neutro,11/09/1988,17/06/2025,1,Não,Sem observações
1999,Masculino,32,Gaza,Licenciatura,Viúvo,15841.15,177.1,69.3,Neutro,25/10/1992,30/12/2025,2,Não,Necessita revisão
2000,Masculino,30,Zambézia,Primária,Solteiro,8323.13,161.6,77.0,Muito insatisfeito,19/08/1994,16/02/2025,0,Não,Contacto posterior
2001,Feminino,29,Zambézia,Primária,Solteiro,17372.91,161.6,79.7,Neutro,14/08/1995,10/10/2025,1,Sim,Sem observações
2002,Feminino,19,Tete,Primária,União de facto,16970.86,139.3,77.0,Insatisfeito,26/05/2005,14/06/2025,2,Não,Necessita revisão
2003,Masculino,53,Cabo Delgado,Primária,Viúvo,16465.76,171.4,66.7,Satisfeito,12/11/1971,27/01/2025,3,Sim,Sem observações
2004,Masculino,27,Zambézia,Licenciatura,Viúvo,5000.26,170.3,77.4,Insatisfeito,01/12/1997,12/01/2025,3,Sim,Necessita revisão
2005,Feminino,34,Gaza,Primária,Viúvo,12971.45,166.3,59.4,Satisfeito,15-08-1987,16/06/2025,4,Sim,Sem observações
2006,Masculino,42,Tete,Primária,Solteiro,7774.76,157.2,63.6,Muito satisfeito,26/03/1982,24/07/2025,3,Sim,Dados confirmados
2007,Masculino,25,Maputo,Licenciatura,Casado,38919.64,153.4,81.9,Neutro,20/02/1999,,0,Não,Entrevista concluída
2008,Feminino,25,Maputo,Primária,Casado,9139.36,162.3,,Neutro,28/06/1999,15/03/2025,1,Não,Dados confirmados
2009,Masculino,18,Niassa,Primária,Divorciado,15596.35,156.8,81.6,Neutro,24/01/2006,11/03/2025,3,Não,Contacto posterior
2010,Masculino,27,Sofala,Secundária ,Solteiro,17723.75,168.4,35.0,Satisfeito,22/03/1997,04/09/2025,4,Não,Dados confirmados
2011,Masculino,22,Inhambane,Nenhuma,Casado,15973.4,174.9,69.0,Neutro,29/06/2002,15/11/2025,3,Sim,Contacto posterior
2012,Masculino,42,Manica,Primária,Casado,5787.89,138.5,52.4,Insatisfeito,05/11/1982,10/01/2025,2,Sim,Sem observações
2013,Masculino,49,Manica,Primária,Casado,41448.22,172.3,64.4,MS,14/11/1975,16/12/2025,2,Não,Sem observações
2014,Masculino,32,Niassa,Mestrado,União de facto,16489.85,148.1,69.3,Insatisfeito,13/07/1992,31/08/2025,1,S,Entrevista concluída
2015,Feminino,32,Manica,Técnica,Solteiro,9846.28,141.7,78.5,Muito insatisfeito,31/10/1992,05/04/2025,2,Sim,Contacto posterior
2016,Masculino,32,Gaza,Nenhuma,Casado,92947.03,164.5,76.7,Insatisfeito,13/09/1992,23/02/2025,4,Não,Contacto posterior
2017,Feminino,18,Maputo,Licenciatura,Casado,11978.46,161.0,66.5,Muito insatisfeito,05/04/2006,29/12/2025,2,Sim,Dados confirmados
2018,Masculino,36,Zambézia,Secundária,União de facto,32565.58,165.0,79.2,Insatisfeito,18/08/1988,14/08/2025,4,Sim,Contacto posterior
2019,Masculino,35,Zambézia,Secundária,Viúvo,5080.42,152.8,56.7,Muito insatisfeito,03/11/1989,19/01/2025,0,Sim,Contacto posterior
2020,Masculino,18,Inhambane,Licenciatura,Casado,38140.87,174.9,89.4,Neutro,24/09/2006,03/03/2025,20,Sim,Necessita revisão
2021,Feminino,33,Cabo Delgado,Secundária,Divorciado,36889.57,172.0,55.3,Muito satisfeito,11/02/1991,08/10/2025,5,Não,Sem observações 
2022,Masculino,51,Cabo Delgado,Secundária,Casado,8776.47,155.6,59.0,Insatisfeito,26/12/1973,12/01/2025,2,Sim,Contacto posterior
2023,Feminino,30,Manica,Licenciatura,União de facto,15331.86,160.2,71.0,Insatisfeito,03/04/1994,10/03/2025,1,Não,Contacto posterior
2024,Feminino,44,Manica,Nenhuma,União de facto,15822.69,160.3,64.8,Muito insatisfeito,03/05/1980,26/10/2025,0,Sim,Necessita revisão
2025,Masculino,24,Zambézia,Licenciatura,Divorciado,13670.81,152.0,82.1,Neutro,02/03/2000,25/11/2025,2,Sim,Dados confirmados
2026,Feminino,19,Tete,Licenciatura,União de facto,35443.5,168.0,72.7,Insatisfeito,30/05/2005,12/07/2025,2,Não,Dados confirmados
2027,Feminino,40,Manica,Primária,Casado,6088.39,166.6,63.1,Muito satisfeito,08/06/1984,24/01/2025,4,Não,Necessita revisão
2028,Masculino,27,Tete,Secundária,Solteiro,14379.89,164.2,55.7,Neutro,24/01/1997,29/07/2025,1,Sim,Necessita revisão
2029,Masculino,30,Nampula,Primária,Casado,30307.71,155.1,57.8,Insatisfeito,28/06/1994,20/08/2025,2,Sim,Necessita revisão
2030,Masculino,37,Nampula,Secundária,Viúvo,18643.52,159.7,86.6,Muito insatisfeito,28/09/1987,12/12/2025,3,Não,Sem observações
2031,Masculino,31,Sofala,Licenciatura,Viúvo,28914.09,168.6,76.6,Neutro,04/11/1993,29/12/2025,0,Sim,Dados confirmados
2032,Masculino,19,Manica,Primária,Casado,9634.97,167.0,83.6,Muito insatisfeito,19/05/2005,20/09/2025,4,Não,???
2033,Masculino,18,Sofala,Secundária,Viúvo,25231.67,176.1,400,Satisfeito,04/11/2006,28/08/2025,0,Não,Dados confirmados
2034,fem,35,Zambézia,Técnica,Solteiro,6500.24,166.2,55.7,Satisfeito,10/11/1989,17/10/2025,1,Não,Sem observações
2035,Masculino,18,Inhambane,Licenciatura,Solteiro,18475.71,181.9,70.8,Muito satisfeito,01/09/2006,05/09/2025,5,Sim,Entrevista concluída
2036,Masculino,18,Gaza,Primária,Casado,29585.47,181.3,65.6,Muito satisfeito,02/08/2006,17/01/2025,1,Não,Sem observações
2037,Masculino,35,Manica,Secundária,Solteiro,16691.96,250,88.6,Neutro,19/07/1989,08/08/2025,0,Sim,Necessita revisão
2038,Masculino,19,Gaza,Primária,Viúvo,37028.54,166.1,70.6,Insatisfeito,04/06/2005,19/03/2025,2,Não,Entrevista concluída
2039,Masculino,41,Tete,Licenciatura,Viúvo,10493.0,169.5,78.9,Muito insatisfeito,26/04/1983,29/10/2025,3,Sim,Dados confirmados
2040,Masculino,49,Inhambane,Secundária,Divorciado,29938.37,149.4,67.6,Neutro,18/10/1975,20/02/2025,6,Sim,Contacto posterior
2041,Feminino,31,Gaza,Desconhecido,Divorciado,10007.69,176.4,55.5,Insatisfeito,25/09/1993,07/07/2025,5,Não,Necessita revisão
2042,Masculino,50,Zambézia,Secundária,Divorciado,9693.92,163.0,81.8,Satisfeito,26/07/1974,10/10/2025,3,Sim,Contacto posterior
2043,Feminino,31,Sofala,Secundária,União de facto,15163.83,178.6,48.8,Insatisfeito,22/02/1993,11/04/2025,1,Não,Necessita revisão
2044,Masculino,23,Cabo Delgado,Secundária,solteiro,56429.2,158.8,60.3,Muito satisfeito,29/08/2001,16/09/2025,4,Não,Necessita revisão
2045,Masculino,31,Maputo,Licenciatura,Solteiro,18943.89,181.7,71.1,Insatisfeito,24/03/1993,22/12/2025,1,Sim,Contacto posterior
2046,Feminino,18,NAMPULA,Secundária,Casado,65227.67,142.0,51.8,Muito satisfeito,20/04/2006,10/10/2025,3,Sim,Sem observações
2047,Feminino,34,Manica,Mestrado,Solteiro,15182.99,157.9,62.4,Insatisfeito,1990-10-06,01/01/2026,1,Sim,Necessita revisão
2048,Feminino,24,Cabo Delgado,Licenciatura,Viúvo,4483.32,155.9,66.1,Insatisfeito,16/03/2000,21/08/2025,3,Não,Dados confirmados
2049,Masculino,36,Sofala,Primária,Divorciado,95017.33,162.1,47.9,Insatisfeito,16/06/1988,07/01/2025,3,Não,Contacto posterior
2050,Feminino,19,Zambézia,Licenciatura,Solteiro,25862.41,157.8,68.9,Muito satisfeito,22/09/2005,16/02/2025,4,Sim,Sem observações
2051,Feminino,42,Tete,Secundária,União de facto,10686.91,173.8,60.6,Muito satisfeito,29/04/1982,27/07/2025,,Não,Necessita revisão
2052,Masculino,36,Inhambane,Licenciatura,União de facto,37486.18,172.5,62.9,Insatisfeito,11/06/1988,04/05/2025,1,Não,Contacto posterior
2053,Feminino,28,Maputo,Licenciatura,Viúvo,6368.67,160.5,85.0,Muito satisfeito,05/12/1996,14/03/2025,4,Sim,Dados confirmados
2054,Feminino,37,Cabo Delgado,Nenhuma,Solteiro,16309.59,169.6,59.0,Neutro,26/09/1987,19/01/2025,2,Não,Contacto posterior
2055,Masculino,26,Manica,Licenciatura,Viúvo,12268.8,165.9,83.1,Muito insatisfeito,29/04/1998,25/08/2025,2,Não,Dados confirmados
2056,Feminino,21,Nampula,Primária,Casado,19414.74,158.5,56.7,Neutro,16/06/2003,25/04/2025,1,Não,Empregado em tempo inteiro
2057,Feminino,39,Nampula,Técnica,Divorciado,10638.22,176.9,58.8,Satisfeito,21/06/1985,25/01/2025,2,Não,Sem observações
2058,Feminino,18,Tete,Primária,União de facto,23611.38,167.7,56.1,Neutro,01/11/2006,09/06/2025,1,Sim,Entrevista concluída
2059,Masculino,36,Cabo Delgado,Primária,Divorciado,20019.49,162.9,80.8,Muito satisfeito,29/11/1988,05/14/2025,3,Sim,Contacto posterior
2060,Feminino,20,Sofala,Secundária,Solteiro,11572.45,164.0,61.8,Neutro,11/04/2004,01/09/2025,1,Não,Sem observações
2061,Masculino,,Nampula,Secundária,União de facto,35312.82,167.3,76.3,Satisfeito,27/06/1989,13/08/2025,0,Não,Contacto posterior
2062,Masculino,37,Gaza,Licenciatura,Viúvo,24896.53,167.6,62.4,Insatisfeito,29/10/1987,14/08/2025,1,Não,Entrevista concluída
2063,Masculino,41,Gaza,Licenciatura,Viúvo,32533.56,159.9,100.3,Neutro,28/05/1983,20/09/2025,3,Não,Necessita revisão
2064,Masculino,26,Nampula,Secundária,Divorciado,24560.73,155.7,65.8,Satisfeito,04/10/1998,22/07/2025,2,Sim,sem observacao
2065,Masculino,31,Nampula,Primária,Divorciado,8874.83,140.5,72.3,Satisfeito,30/04/1993,19/02/2025,1,Não,Dados confirmados
2066,Masculino,37,Manica,Mestrado,Casado,19199.49,177.6,86.8,Muito satisfeito,01/01/1988,25/01/2025,3,Não,Sem observações
2067,Feminino,18,Cabo Delgado,Licenciatura,União de facto,21674.2,174.8,62.6,Satisfeito,21/07/2006,26/01/2025,2,sim,Sem observações
2068,Masculino,52,Tete,Licenciatura,Viúvo,5840.46,159.7,65.0,Satisfeito,01/05/1972,10/06/2025,3,Sim,Sem observações
2069,Masculino,47,Niassa,Secundária,União de facto,26404.29,176.7,67.6,Satisfeito,29/01/1977,06/07/2025,4,Não,Necessita revisão
2070,Feminino,35,Cabo Delgado,Secundária,Solteiro,9282.42,146.8,89.4,Insatisfeito,17/07/1989,16/11/2025,1,Não,Necessita revisão
2071,Masculino,48,Niassa,Primária,Solteiro,13882.58,178.9,42.1,Muito insatisfeito,09/07/1976,02/09/2025,0,Sim,Contacto posterior
2072,Feminino,41,Cabo Delgado,Primária,Casado,15087.21,163.6,95.5,Muito insatisfeito,01/03/1983,13/04/2025,3,Sim,Entrevista concluída
2073,Masculino,26,Maputo,Secundária,Solteiro,16635.49,154.7,71.1,Muito satisfeito,27/07/1998,01/07/2025,4,Não,Contacto posterior
2074,Masculino,45,Maputo,Mestrado,Casado,15130.95,152.3,58.5,satisfeito ,08/12/1979,14/10/2025,1,Sim,Necessita revisão
2075,Feminino,40,Nampula,Secundária,União de facto,15000 MZN,183.8,81.1,Insatisfeito,09/10/1984,15/04/2025,2,Sim,Sem observações
2076,Feminino,39,Manica,Secundária,Solteiro,,169.2,68.5,0,26/07/1985,11/02/2025,4,Não,Contacto posterior
2077,Feminino,20,Niassa,primaria,Viúvo,5569.02,165.1,79.8,Insatisfeito,21/01/2004,25/10/2025,2,Sim,Necessita revisão
2078,Masculino,18,Manica,Secundária,Viúvo,15337.97,168.5,77.7,Insatisfeito,18/08/2006,27/01/2025,0,Sim,Entrevista concluída
2079,Feminino,49,Niassa,Licenciatura,Solteiro,11926.49,155.6,68.7,Insatisfeito,14/10/1975,02/10/2025,3,Não,Contacto posterior
2080,Masculino,47,Maputo,Secundária,Divorciado,16519.35,167.8,50.1,Muito insatisfeito,16/07/1977,05/01/2025,5,Não,Dados confirmados
2081,Feminino,29,Inhambane,Licenciatura,União de facto,8115.01,170.8,63.4,Muito satisfeito,24/07/1995,16/04/2025,2,Sim,Contacto posterior
2082,Masculino,29,Nampula,Secundária,Viúvo,18887.42,162.5,73.8,Satisfeito,12/06/1995,01/08/2025,2,Não,Dados confirmados
2083,Feminino,33,Gaza,Técnica,União de facto,42165.18,180.2,67.5,Muito insatisfeito,15/12/1991,27/06/2025,3,Não,Contacto posterior
2084,Masculino,31,Zambézia,Primária,Viúvo,9481.03,153.6,73.4,Neutro,22/10/1993,19/02/2025,2,Não,Necessita revisão
2085,Masculino,45,Cabo Delgado,Técnica,Casado,52582.47,"159,7",65.0,Insatisfeito,19/07/1979,28/12/2025,1,Sim,Contacto posterior
2086,Feminino,5,Maputo,Secundária,Divorciado,22837.55,168.4,69.8 kg,Insatisfeito,22/09/1981,01/06/2025,1,Sim,Entrevista concluída
2087,Masculino,18,Inhambane,Secundária,Solteiro,11574.57,153.2,72.6,Muito satisfeito,08/03/2006,16/12/2025,1,Não,Contacto posterior
2088,Masculino,25,Tete,Secundária,União de facto,17428.43,160.9,82.4,Insatisfeito,27/10/1999,05/07/2025,2,Não,Dados confirmados
2089,Feminino,38,Niassa,Secundária,Casado,18609.29,143.7,79.0,Satisfeito,22/04/1986,28/10/2025,2,Sim,Entrevista concluída
2090,Masculino,32,Tete,Mestrado,Viúvo,7126.55,157.8,81.1,Neutro,14/01/1992,16/12/2025,3,Sim,Necessita revisão
2091,Masculino,43,Manica,Secundária,Viúvo,19175.33,161.7,51.3,Muito satisfeito,13/11/1981,12/01/2025,2,Não,Entrevista concluída
2092,Masculino,21,Nampula,Técnica,Divorciado,12105.01,183.9,86.7,Satisfeito,25/06/2003,16/02/2025,0,Sim,Contacto posterior
2085,Masculino,42,Gaza,Licenciatura,Viúvo,21173.25,160.3,53.8,Muito insatisfeito,26/03/1982,09/05/2025,1,Não,Sem observações
2094,Feminino,18,Maputo,Primária,União de facto,10799.27,177.2,53.0,Muito satisfeito,19/04/2006,03/03/2025,6,Sim,Sem observações
2095,Masculino,49,Cabo Delgado,Primária,Divorciado,14991.21,158.4,75.1,Insatisfeito,25/11/1975,01/09/2025,2,Não,Necessita revisão
2096,Feminino,32,Niassa,Primária,União de facto,0,160.6,59.5,Satisfeito,01/05/1992,03/01/2025,1,Sim,Entrevista concluída
2097,Masculino,31,Sofala,Mestrado,Viúvo,20210.11,,57.5,Neutro,05/01/1993,11/09/2025,2,Sim,Entrevista concluída
2098,Masculino,18,Maputo,Primária,Casado,8057.83,163.8,67.6,Neutro,22/09/2006,09/06/2025,3,Sim,Necessita revisão
2099,Feminino,52,Gaza,Licenciatura,Casado,18299.58,181.5,91.7,Muito insatisfeito,30/05/1972,11/09/2025,0,Não,Contacto posterior
2100,Feminino,20,Inhambane,Primária,União de facto,32562.76,157.8,86.3,Neutro,24/01/2004,18/08/2025,3,Sim,Dados confirmados
2101,Masculino,30,Cabo Delgado,Secundária,Separado,43756.33,172.6,65.2,Muito insatisfeito,24/12/1994,26/12/2025,4,Sim,Necessita revisão
2102,Feminino,25,Inhambane,Secundária,Solteiro,13333.49,166.4,61.4,Muito insatisfeito,23/01/1999,15/05/2025,4,Não,Contacto posterior
2103,Masculino,38,Niassa,Secundária,União de facto,23416.15,186.6,72.7,Neutro,16/01/1986,24/11/2025,6,Sim,Sem observações
2104,Masculino,37,Inhambane,,Divorciado,21018.63,183.0,46.8,Neutro,15/09/1987,10/01/2025,5,Não,Entrevista concluída
2105,Masculino,34,Niassa,Mestrado,União de facto,15043.95,159.9,78.5,Insatisfeito,31/07/1990,06/11/2025,1,Sim,Entrevista concluída
2106,Masculino,49,Nampula,Primária,Divorciado,16087.13,156.4,63.7,Muito insatisfeito,21/01/1975,18/06/2025,1,Sim,Necessita revisão
2107,Masculino,40,Gaza,Secundária,Divorciado,10428.78,161.6,69.7,Muito insatisfeito,03/02/1984,30/09/2025,1,Não,N/A
2108,Masculino,61,Niassa,Mestrado,Viúvo,19969.89,157.7,65.4,Insatisfeito,03/08/1963,24/11/2025,2,Sim,Dados confirmados
2109,Masculino,43,Nampula,Primária,Solteiro,12978.57,162.3,64.5,Muito satisfeito,02/06/1981,21/02/2025,5,Não,Necessita revisão
2110,Feminino,18,,Secundária,Casado,6708.13,173.2,49.9,Neutro,32/13/1985,28/11/2025,3,Não,Necessita revisão
2111,Masculino,30,Gaza,Secundária,Casado,7617.65,159.7,60.4,Insatisfeito,21/02/1994,04/10/2025,1,Não,Necessita revisão
2112,Masculino,19,Niassa,Nenhuma,Casado,6367.83,171.9,69.9,Muito insatisfeito,08/09/2005,20/01/2025,1,Não,Contacto posterior
2113,Masculino,27,Gaza,Secundária,Divorciado,22547.04,170.7,62.4,Muito insatisfeito,10/02/1997,17/04/2025,3,Sim,Entrevista concluída
2114,Feminino,37,Maputo,Secundária,Solteiro,30400.98,172.7,41.1,Muito insatisfeito,16/03/1987,28/01/2025,1,Sim,Dados confirmados
2115,Masculino,53,Zambézia,Secundária,Casado,6819.04,171.1,74.6,Neutro,10/09/1971,17/06/2025,1,Sim,Entrevista concluída
2116,Masculino,40,Nampula,Secundária,Viúvo,32760.5,159.5,93.5,Neutro,31/03/1984,13/08/2025,1,Não,Contacto posterior
2117,Feminino,28,Gaza,Secundária,casado,7872.02,150.4,68.3,Satisfeito,29/10/1996,19/02/2025,1,Sim,Sem observações
2118,Feminino,29,Sofala,Primária,Solteiro,9057.55,158.0,81.5,Neutro,10/11/1995,09/11/2025,4,Não,Necessita revisão
2119,Feminino,24,Maputo,Secundária,Solteiro,28790.65,154.5,65.9,Neutro,12/04/2000,10/10/2025,3,Não,Contacto posterior
2120,Masculino,47,Cabo Delgado,Secundária,Viúvo,25172.17,158.7,60.5,Muito satisfeito,07/07/1977,12/09/2025,2,Y,Dados confirmados
2121,Masculino,18,Inhambane,Secundária,União de facto,10944.18,151.2,66.7,Insatisfeito,18/08/2006,19/06/2025,20,Sim,Sem observações
2122,Feminino,39,Nampula,Licenciatura,Divorciado,30837.29,177.2,88.3,Satisfeito,07/08/1985,15/11/2025,3,Não,Contacto posterior
2123,Masculino,73,Manica,Licenciatura,União de facto,8478.05,152.9,64.4,Insatisfeito,07/08/1951,26/06/2025,1,Sim,Dados confirmados
2124,Masculino,34,Gaza,Nenhuma,União de facto,25226.05,158.3,69.9,Muito satisfeito,12/04/1990,02/01/2025,2,Sim,Dados confirmados
2125,Feminino,22,Cabo Delgado,Licenciatura,Casado,23852.0,161.6,71.4,Muito satisfeito,03/07/2002,30/07/2025,1,Sim,Contacto posterior
2126,Masculino,40,Maputo,Primária,União de facto,18659.43,177.4,85.4,Neutro,12/03/1984,03/05/2025,1,Não,Contacto posterior
2127,Masculino,34,Tete,Nenhuma,Solteiro,56033.28,152.5,72.3,Muito satisfeito,29/06/1990,08/02/2025,7,Sim,Entrevista concluída
2128,Masculino,41,Maputo,Mestrado,Solteiro,19417.51,167.8,60.7,Muito satisfeito,10/03/1983,03/12/2025,3,Sim,Necessita revisão
2129,Feminino,18,Tete,Licenciatura,Casado,21363.37,165.4,62.3,Muito satisfeito,23/07/2006,28/01/2025,1,Não,Sem observações
2130,Feminino,38,Cabo Delgado,Licenciatura,Solteiro,5963.64,179.1,73.9,Insatisfeito,16/01/1986,08/05/2025,3,Não,Sem observações
2131,Feminino,44,Zambézia,Técnica,União de facto,11269.95,166.4,70.3,Satisfeito,09/10/1980,17/04/2025,2,Não,Necessita revisão
2132,Masculino,39,Maputo,Primária,Casado,31110.07,171.0,62.1,Satisfeito,21/06/1985,22/10/2025,2,Não,Sem observações
2133,Feminino,37,Gaza,Secundária,Divorciado,9239.88,166.0,58.2,Neutro,26/02/1987,20/11/2025,3,Não,Sem observações
2134,Feminino,31,Manica,Secundária,União de facto,34741.22,250,82.5,Neutro,17/02/1993,12/08/2025,5,Sim,Entrevista concluída
2135,Masculino,20,Manica,Secundária,União de facto,18938.33,171.0,72.7,MS,30/05/2004,18/10/2025,1,Sim,Dados confirmados
2136,Masculino,60,Sofala,Mestrado,Solteiro,18826.72,161.6,83.0,Neutro,1964-10-15,22/07/2025,1,Não,Dados confirmados
2137,Masculino,30,Maputo,Nenhuma,Viúvo,7768.39,164.0,69.4,Muito insatisfeito,16/11/1994,08/11/2025,1,Sim,Contacto posterior
2138,Masculino,18,Cabo Delgado,Primária,Viúvo,11467.3,157.7,63.4,Satisfeito,28/04/2006,19/09/2025,3,Sim,Dados confirmados
2139,Feminino,35,Zambézia,Primária,Viúvo,41655.48,177.6,62.8,Satisfeito,15/12/1989,26/04/2025,1,Não,Dados confirmados
2140,Masculino,28,Niassa,Secundária,União de facto,16442.04,158.6,-20,Insatisfeito,29/12/1996,04/11/2025,0,Não,Entrevista concluída
2141,Masculino,27,Gaza,Técnica,Casado,50472.82,174.6,75.3,Muito satisfeito,24/04/1997,26/09/2025,0,Sim,Entrevista concluída
2142,Masculino,32,Gaza,Licenciatura,Solteiro,48903.76,153.0,72.8,Insatisfeito,23/11/1992,12/12/2025,3,Não,Necessita revisão
2143,Masculino,25,Maputo,Secundária,Viúvo,17467.57,164.9,49.4,Satisfeito,15/12/1999,13/11/2025,2,Sim,Entrevista concluída
2144,Masculino,18,Gaza,secundaria,União de facto,24353.28,160.1,78.9,Neutro,15/07/2006,13/06/2025,1,Sim,Entrevista concluída
2145,Masculino,27,Niassa,Primária,União de facto,9313.3,155.8,74.4,Muito insatisfeito,31/12/1997,05/05/2025,1,Sim,Necessita revisão
2146,Feminino,29,Maputo,Licenciatura,Divorciado,8277.79,154.3,54.5,Satisfeito,23/02/1995,18/03/2025,0,Não,Sem observações
2147,Masculino ,24,Zambézia,Primária,Divorciado,37487.91,184.7,69.0,Satisfeito,22/03/2000,27/03/2025,0,Não,Dados confirmados
2148,Feminino,47,Gaza,Secundária,Viúvo,24582.97,166.1,74.2,Insatisfeito,31/01/1977,01/01/2026,0,2,Necessita revisão
2149,Masculino,27,Tete,Primária,,7871.01,155.0,73.4,Neutro,29/11/1997,28/11/2025,2,Não,Entrevista concluída
2150,Feminino,35,Sofala,Licenciatura,Casado,10612.25,153.5,69.1,Muito insatisfeito,23/02/1989,27/05/2025,0,Sim,Sem observações 
2151,Masculino,29,Maputo,Licenciatura,Casado,18311.99,170.5,78.0,Muito satisfeito,18/12/1995,21/06/2025,3,Sim,Sem observações
2152,Masculino,37,Cabo Delgado,Licenciatura,Viúvo,6646.96,156.5,64.8,Neutro,29/03/1987,20/06/2025,1,Sim,Necessita revisão
2153,Masculino,62,Cabo Delgado,Licenciatura,Casado,25420.68,177.3,65.0,Muito satisfeito,26/01/1962,16/12/2025,0,Não,Dados confirmados
2154,Masculino,18,Sofala,Licenciatura,União de facto,5576.29,151.5,64.2,Muito satisfeito,18/10/2006,14/05/2025,4,Não,Contacto posterior
2155,Feminino,50,Sofala,Primária,Casado,17604.31,159.1,74.3,Muito insatisfeito,18/01/1974,19/05/2025,3,Sim,Contacto posterior
2156,Masculino,35,Inhambane,Mestrado,Solteiro,3435.38,160.2,51.8,Neutro,24/04/1989,04/06/2025,1,Não,Necessita revisão
2157,Feminino,38,Inhambane,Primária,Casado,18127.13,168.1,69.6,Muito insatisfeito,27/01/1986,12/01/2025,3,Sim,Sem observações
2158,Feminino,43,Sofala,Primária,Viúvo,15.000,169.9,62.8,Neutro,20/07/1981,06/05/2025,0,Não,Dados confirmados
2159,Feminino,28,Nampula,Secundária,Viúvo,15361.28,168.4,67.2,Insatisfeito,12/09/1996,25/11/2025,4,Não,
2160,Feminino,39,Nampula,Mestrado,Viúvo,79570.84,166.2,72.6,Neutro,20/03/1985,04/12/2025,2,Sim,Necessita revisão
2161,Feminino,24,Tete,Técnica,Viúvo,16397.12,158.6,65.5,Insatisfeito,21/05/2000,20/07/2025,1,Não,Entrevista concluída
2162,Feminino,44,Zambézia,Mestrado,Solteiro,12065.69,159.6,41.7,Neutro,11/02/1980,14/10/2025,2,Não,Dados confirmados
2163,Masculino,19,Gaza,Secundária,Casado,16682.9,166.1,56.0,Muito satisfeito,26/07/2005,11/12/2025,0,Não,Sem observações
2164,Masculino,22,Manica,Licenciatura,Viúvo,31075.68,160.1,66.8,Muito insatisfeito,05/02/2002,30/06/2025,2,Sim,Entrevista concluída
2165,Masculino,24,Gaza,Licenciatura,Divorciado,30034.31,168.3,57.7,Insatisfeito,12/08/2000,29/11/2025,2,Sim,Contacto posterior
2166,Masculino,26,Inhambane,Secundária,Solteiro,53017.06,174.9,45.7,Neutro,06/04/1998,30/11/2025,3,Não,Entrevista concluída
2167,Masculino,54,Zambézia,Técnica,Viúvo,23581.08,156.2,70.9,Muito satisfeito,19/11/1970,26/02/2025,5,Sim,Dados confirmados
2168,X,46,Niassa,Secundária,Solteiro,20789.59,167.7,61.8,,23/01/1978,20/06/2025,3,Não,Dados confirmados
2169,Masculino,57,Gaza,Secundária,Divorciado,25183.25,171.0,64.8,Neutro,16/09/1967,01/02/2025,4,,Entrevista concluída
2170,Masculino,45,Sofala,Primária,Divorciado,13061.1,145.2,54.3,Neutro,31/08/1979,31/03/2025,4,Sim,Entrevista concluída
2171,Feminino,59,Zambézia,Secundária,Solteiro,32433.22,166.4,59.6,Neutro,06/02/1965,02/06/2025,3,Sim,Necessita revisão
2172,,34,Maputo,Secundária,União de facto,9253.43,161.3,66.0,Satisfeito,15/11/1990,01/01/2027,0,Sim,Dados confirmados
2173,Masculino,21,Inhambane,Primária,Divorciado,4925.11,172.1,62.5,Satisfeito,26/05/2003,27/07/2025,2,S,Contacto posterior
2174,Masculino,31,Manica,Secundária,União de facto,10963.85,165.4,35.0,Insatisfeito,30/04/1993,10/12/2025,1,Sim,Contacto posterior
2175,Feminino,38,Maputo,Primária,Solteiro,40259.15,181.6,77.1,Insatisfeito,12/06/1986,08/04/2025,2,Não,Contacto posterior
2176,Feminino,25,Nampula,Licenciatura,Casado,57063.47,160.9,62.6,Muito insatisfeito,11/08/1999,09/01/2025,2,Sim,Sem observações
2177,Feminino,50,Gaza,Primária,Solteiro,9528.27,160.4,57.1,Muito satisfeito,14/02/1974,25/09/2025,0,Sim,Entrevista concluída
2178,Feminino,38,Cabo Delgado,Secundária,Casado,8010.35,158.8,67.6,Muito satisfeito,19/11/1986,01/05/2025,3,Sim,Entrevista concluída
2179,Feminino,35,Inhambane,Licenciatura,Divorciado,11281.37,168.4,77.6,Satisfeito,28/07/1989,19/02/2025,2,Sim,Contacto posterior
2180,Feminino,42,Inhambane,Licenciatura,Divorciado,5513.37,164.2,58.9,Neutro,11/08/1982,28/08/2025,2,Sim,Dados confirmados
2181,Feminino,24,Tete,Secundária,Solteiro,17052.59,182.7,88.1,Muito satisfeito,20/08/2000,22/04/2025,2,Não,Contacto posterior
2182,Feminino,18,Nampula,Técnica,União de facto,17326.98,173.9,101.8,Neutro,26/02/2006,02/10/2025,4,Sim,Contacto posterior
2183,Masculino,31,Niassa,Licenciatura,Casado,7604.13,185.0,63.0,Muito satisfeito,09/05/1993,27/06/2025,4,Sim,Contacto posterior
2184,Masculino,51,Zambézia,Nenhuma,Divorciado,19418.81,153.3,59.8,Satisfeito,27/07/1973,28/12/2025,1,Não,Necessita revisão
2185,Feminino,18,Manica,Nenhuma,Casado,22789.96,159.8,65.0,Satisfeito,21/02/2006,13/05/2025,3,Sim,Dados confirmados
2186,Feminino,34,Sofala,Técnica,Solteiro,30159.28,170.8,64.4,Insatisfeito,03/12/1990,31/12/2025,3,Sim,Contacto posterior
2187,Feminino,29,Niassa,Técnica,União de facto,21194.4,152.5,58.4,Satisfeito,26/01/1995,06/11/2025,2,Não,Dados confirmados
2188,Feminino,48,Cabo Delgado,Secundária,Solteiro,11028.88,168.4,59.0,Muito satisfeito,06/05/1976,31/05/2025,1,Sim,Sem observações
2189,Masculino,28,Cabo Delgado,Secundária,Solteiro,44459.59,168.6,65.1,Neutro,23/06/1996,12/01/2025,3,Não,Contacto posterior
2190,Masculino,21,Maputo,Secundária,Casado ,82415.93,156.4,65.8,Neutro,27/04/2003,21/08/2025,3,Não,Necessita revisão
2191,Feminino,33,Manica,Licenciatura,Viúvo,18607.37,156.2,58.3,Satisfeito,06/03/1991,25/07/2025,2,Sim,Entrevista concluída
2192,Masculino,18,Nampula,Licenciatura,Viúvo,10393.36,181.9,80.8,Neutro,28/07/2006,01/02/2025,1,Sim,Necessita revisão
2193,Feminino,18,Inhambane,Nenhuma,União de facto,21405.55,175.5,58.6,Muito satisfeito,19/11/2006,04/05/2025,4,Não,sem observacao
2194,Feminino,51,Manica,Licenciatura,Viúvo,17305.6,166.3,81.9,Muito insatisfeito,15/08/1973,20/07/2025,6,Não,Entrevista concluída
2195,Masculino,25,Inhambane,Secundária,Solteiro,33544.4,171.8,58.6,Insatisfeito,30/10/1999,22/05/2025,1,Sim,Necessita revisão
2196,Masculino,42,Zambézia,Mestrado,União de facto,7393.13,168.0,80.3,SATISFEITO,22/11/1982,28/04/2025,4,Sim,Dados confirmados
2197,Feminino,41,Zambézia,Secundária,Solteiro,9343.79,189.7,52.9,Muito insatisfeito,01/01/1984,24/01/2025,1,Sim,Entrevista concluída
2198,Feminino,59,Maputo,Desconhecido,Divorciado,13949.27,165.5,74.5,Insatisfeito,20/09/1965,06/03/2025,2,Sim,Entrevista concluída
2199,Feminino,37,Sofala,Licenciatura,União de facto,39358.89,157.8,83.0,Neutro,03/04/1987,11/08/2025,2,Sim,Contacto posterior
2200,Feminino,75,Maputo,Mestrado,Solteiro,24529.5,168.0,52.7,Neutro,19/12/1949,19/10/2025,1,Não,Entrevista concluída
2201,Masculino,18,Inhambane,Licenciatura,Viúvo,32658.6,163.2,101.1,Insatisfeito,10/12/2006,06/16/2025,2,Sim,Contacto posterior
2202,Masculino,18,Maputo,Técnica,Solteiro,69943.7,170.4,73.1,Muito insatisfeito,17/07/2006,21/12/2025,2,Não,Dados confirmados
2203,Masculino,18,Niassa,Primária,Divorciado,21034.15,179.8,67.7,Muito insatisfeito,19/11/2006,08/12/2025,2,Sim,Entrevista concluída
2204,Masculino,23,Manica,Licenciatura,Viúvo,26779.01,165.7,48.5,Neutro,26/09/2001,09/08/2025,2,Sim,Entrevista concluída
2205,Masculino,18,Niassa,Técnica,União de facto,11238.06,151.0,98.9,Muito satisfeito,07/05/2006,09/06/2025,1,Não,Entrevista concluída
2206,Masculino,35,Niassa,Técnica,Solteiro,20403.42,162.1,64.6,Insatisfeito,05/03/1989,08/08/2025,0,Sim,Sem observações
2207,Masculino,18,Zambézia,Secundária,Solteiro,42738.08,168.6,75.9,Satisfeito,21/06/2006,18/04/2025,0,Não,Sem observações
2208,Feminino,28,Gaza,Técnica,Viúvo,19682.75,149.2,79.8,Muito insatisfeito,20/08/1996,04/07/2025,3,Sim,Entrevista concluída
2209,Feminino,46,Gaza,Secundária,Solteiro,13775.07,168.2,52.7,Muito insatisfeito,03/05/1978,07/12/2025,4,Sim,Necessita revisão
2210,Feminino,18,Gaza,Secundária,Viúvo,10373.52,189.9,62.0,Insatisfeito,19/05/2006,15/03/2025,1,Não,Contacto posterior
2211,Masculino,52,Sofala,primaria,Viúvo,12081.78,164.3,55.1,Insatisfeito,18/03/1972,24/01/2025,0,Sim,Dados confirmados
2212,Masculino,28,Tete,Secundária,União de facto,19084.61,180.2,61.8,Neutro,18/11/1996,22/01/2025,1,Sim,Sem observações
2213,Feminino,35,Manica,Licenciatura,Solteiro,29825.28,168.4,74.0,Neutro,30/11/1989,18/08/2025,1,Não,Necessita revisão
2214,Masculino,18,Maputo,Secundária,Solteiro,5718.65,185.8,73.9,Satisfeito,06/01/2006,12/07/2025,2,Sim,Dados confirmados
2215,Feminino,33,Sofala,Licenciatura,União de facto,60377.27,167.2,63.2,Muito satisfeito,09/12/1991,19/11/2025,1,Sim,Necessita revisão
2216,Masculino,38,Niassa,Primária,União de facto,12378.85,171.2,58.5,Muito insatisfeito,03/12/1986,30/07/2025,3,Sim,Sem observações
2217,Feminino,46,Sofala,Licenciatura,Divorciado,22512.14,159.6,65.3,Muito satisfeito,07/02/1978,23/05/2025,3,Não,Sem observações
2218,Masculino,48,Cabo Delgado,Licenciatura,Viúvo,16904.99,163.6,71.8,Muito satisfeito,18/05/1976,12/05/2025,2,Sim,Entrevista concluída
2219,Feminino,18,Nampula,Secundária,Casado,999999,162.0,56.7,Muito insatisfeito,07/02/2006,26/06/2025,1,Não,Contacto posterior
2220,Masculino,27,Gaza,Secundária,União de facto,19936.2,163.9,76.7,Satisfeito,04/01/1997,17/08/2025,1,Sim,Entrevista concluída
2221,Feminino,33,Zambézia,Primária,Viúvo,7793.21,180.5,61.2,Muito satisfeito,25/03/1991,08/05/2025,3,Sim,Contacto posterior
2222,Feminino,27,Gaza,Técnica,Solteiro,8748.09,162.5,77.7,Muito insatisfeito,04/05/1997,19/02/2025,20,Não,Sem observações
2223,Masculino,28,Cabo Delgado,Secundária,Divorciado,9728.98,175.5,56.6,Muito insatisfeito,19/03/1996,21/05/2025,2,Sim,Dados confirmados
2224,Masculino,25,Inhambane,Secundária,Casado,4662.22,"172,9",69.6,Muito insatisfeito,21/06/1999,28/04/2025,2,Não,Contacto posterior
2225,Feminino,53,Maputo,Técnica,Divorciado,24766.81,166.2,79.4,Muito satisfeito,1971-02-16,16/07/2025,2,Sim,Entrevista concluída
2226,Masculino,29,Sofala,Licenciatura,Viúvo,18498.59,168.1,64.4,Muito satisfeito,09/09/1995,27/10/2025,1,yes,Necessita revisão
2227,Feminino,19,Gaza,Secundária,Viúvo,-500,139.5,44.2,Satisfeito,01/11/2005,09/12/2025,3,Não,Sem observações
2228,Masculino,18,Maputo,Licenciatura,Solteiro,18960.45,174.0,59.2,Muito satisfeito,01/01/2007,11/08/2025,3,Sim,Entrevista concluída
2229,Feminino,18,Inhambane,Licenciatura,Solteiro,34206.56,185.3,58.1,Insatisfeito,22/12/2006,02/03/2025,3,Não,Dados confirmados
2230,Feminino,45,Sofala,Primária,Solteiro,16467.6,156.0,79.0,Insatisfeito,20/12/1979,,3,Sim,Entrevista concluída
2231,Feminino,48,Zambézia,Licenciatura,Viúvo,45948.3,-10,51.0,Satisfeito,19/12/1976,11/02/2025,3,Sim,Sem observações
2232,Feminino,45,Npl,Secundária,União de facto,19388.88,172.3,37.8,Neutro,13/12/1979,07/12/2025,4,Não,Contacto posterior
2233,Masculino,26,Zambézia,Primária,União de facto,29535.67,170.1,76.7,Muito insatisfeito,24/09/1998,22/02/2025,2,Não,Sem observações
2234,Feminino,18,Nampula,Licenciatura,Casado,7899.52,166.4,61.5,Muito satisfeito,08/08/2006,21/12/2025,2,Sim,Contacto posterior
2235,Masculino,150,Sofala,Secundária,Solteiro,9000.67,164.4,71.3 kg,Neutro,18/12/1963,19/10/2025,1,Sim,Necessita revisão
2236,Feminino,43,Manica,Licenciatura,União de facto,35544.46,169.5,40.5,Neutro,09/05/1981,22/10/2025,3,Sim,N/A
2237,Masculino,30,Cabo Delgado,Licenciatura,Solteiro,15933.81,169.8,53.3,Neutro,13/08/1994,03/10/2025,4,Não,Dados confirmados
2238,Feminino,44,Maputo,Licenciatura,Solteiro,13944.23,155.4,75.3,Neutro,18/10/1980,30/03/2025,3,Não,Contacto posterior
2239,Feminino,34,Cabo Delgado,Secundária,União de facto,16025.74,163.5,67.4,Insatisfeito,16/09/1990,04/04/2025,0,Não,Dados confirmados
2240,Feminino,33,Gaza,Primária,União de facto,27609.07,163.2,70.5,Muito insatisfeito,29/05/1991,02/12/2025,2,Sim,Entrevista concluída
2241,Feminino,26,Gaza,Secundária,União de facto,15000 MZN,162.5,98.6,Insatisfeito,09/07/1998,07/11/2025,3,Não,Dados confirmados
2242,Masculino,45,Maputo,Licenciatura,União de facto,13666.55,162.6,61.4,Insatisfeito,17/11/1979,22/10/2025,0,Não,Necessita revisão
2243,Feminino,35,Inhambane,Secundária,Casado,6126.4,164.1,48.7,Muito satisfeito,05/12/1989,02/07/2025,4,Não,Entrevista concluída
2244,Masculino,18,Sofala,Licenciatura,Viúvo,14393.33,167.2,62.1,Muito satisfeito,05/04/2006,25/03/2025,2,Não,Contacto posterior
2245,Masculino,24,Manica,Primária,Viúvo,15129.3,159.0,66.5,Neutro,06/10/2000,23/12/2025,2,Não,Sem observações
2246,Feminino,31,Inhambane,Secundária,Divorciado,5249.85,178.0,72.7,Satisfeito,03/07/1993,25/04/2025,3,Sim,Necessita revisão
2247,Feminino,18,Inhambane,Licenciatura,Divorciado,18637.07,176.2,400,Muito satisfeito,19/07/2006,15/02/2025,1,Sim,Sem observações
2248,Feminino,49,Tete,Técnica,Divorciado,53152.96,141.5,66.4,Muito satisfeito,13/11/1975,31/08/2025,2,Sim,Entrevista concluída
2249,Feminino,36,Manica,Licenciatura,União de facto,,172.7,65.7,0,22/10/1988,08/07/2025,4,Sim,Contacto posterior
2250,Feminino,42,Nampula,Secundária,Solteiro,19886.69,180.1,69.7,Insatisfeito,08/08/1982,17/09/2025,2,Não,Necessita revisão
2251,Masculino,38,Inhambane,Nenhuma,Casado,44872.55,168.2,56.5,Insatisfeito,10/01/1986,06/05/2025,1,Sim,Contacto posterior
2252,Feminino,36,Sofala,Primária,União de facto,38464.83,145.8,64.8,Satisfeito,04/07/1988,09/08/2025,2,Sim,Dados confirmados
2253,Feminino,34,Sofala,Secundária,Viúvo,17680.61,154.0,66.4,Insatisfeito,26/08/1990,14/08/2025,1,Não,Necessita revisão
2254,Masculino,35,Zambézia,Primária,União de facto,17980.56,180.8,80.5,Muito satisfeito,09/07/1989,29/01/2025,0,Sim,Sem observações
2255,Masculino,31,Maputo,Secundária,Viúvo,11626.02,163.4,83.6,Insatisfeito,17/10/1993,30/05/2025,1,Sim,Sem observações
2256,Masculino,26,Cabo Delgado,Secundária,União de facto,10246.26,161.8,53.3,Neutro,22/10/1998,29/06/2025,1,Não,Contacto posterior
2257,Feminino,29,Zambézia,Primária,Viúvo,24894.87,156.7,78.0,Muito Satisfeito,14/03/1995,09/03/2025,4,Sim,Dados confirmados
2258,Masculino,27,Maputo,Primária,Viúvo,13868.08,183.6,89.5,Insatisfeito,04/03/1997,04/07/2025,2,Não,Sem observações
2259,Feminino,47,Maputo,Primária,Solteiro,17850.37,156.0,,Neutro,01/03/1977,21/03/2025,2,Não,Entrevista concluída
2260,Masculino ,33,Nampula,Secundária,União de facto,13912.31,169.8,72.7,Satisfeito,17/12/1991,04/04/2025,1,Sim,Sem observações
2261,Masculino,33,Manica,Mestrado,Viúvo,11682.2,169.8,76.4,Insatisfeito,06/12/1991,08/10/2025,4,Sim,Contacto posterior
2262,Feminino,46,Gaza,Mestrado,Casado,57895.67,152.8,70.7,Neutro,15/08/1978,17/12/2025,2,Sim,Necessita revisão
2263,Masculino,49,Gaza,Primária,União-de-facto,4646.41,181.1,81.6,Satisfeito,06/08/1975,24/01/2025,2,Sim,Dados confirmados
2264,Masculino,21,Tete,Técnica,Casado,20694.85,178.4,71.1,Neutro,20/01/2003,08/07/2025,2,Sim,Sem observações
2265,Masculino,33,Maputo,Mestrado,União de facto,5072.48,154.3,84.6,Muito insatisfeito,11/03/1991,19/07/2025,3,Não,Sem observações
2266,Masculino,23,Zambézia,Primária,União de facto,14770.16,170.1,77.2,Insatisfeito,02/02/2001,11/06/2025,1,Não,Necessita revisão
2267,Feminino,20,Zambézia,Técnica,Solteiro,14822.47,168.3,72.1,Insatisfeito,13/10/2004,13/04/2025,1,Sim,Dados confirmados
2268,Masculino,38,Niassa,Secundária,Solteiro,20489.18,168.3,69.5,Muito insatisfeito,14/11/1986,08/03/2025,2,Não,Dados confirmados
2269,Masculino,36,Tete,Técnica,Divorciado,20860.04,152.5,72.1,Insatisfeito,16/03/1988,06/07/2025,2,Sim,Entrevista concluída
2270,Masculino,24,Maputo,Secundária,Casado,9882.13,143.6,63.0,Neutro,02/08/2000,13/05/2025,1,Não,Dados confirmados
2271,Feminino,26,Gaza,Licenciatura,Solteiro,12658.88,149.7,78.8,Satisfeito,30/12/1998,04/11/2025,3,Não,Entrevista concluída
2272,Masculino,44,Sofala,Primária,Viúvo,17816.85,177.7,86.9,Insatisfeito,01/11/1980,06/27/2025,2,Sim,Entrevista concluída
2273,Feminino,28,Gaza,Primária,Solteiro,19249.79,150.4,69.7,Muito satisfeito,14/08/1996,04/09/2025,2,Sim,Dados confirmados
2274,Masculino,48,Gaza,Primária,Casado,18123.06,173.1,53.8,Insatisfeito,16/10/1976,03/01/2025,3,Não,Dados confirmados
2275,Feminino,18,Niassa,Licenciatura,Solteiro,10141.21,157.5,76.3,Insatisfeito,22/05/2006,06/02/2025,2,Não,Necessita revisão
2276,Masculino,41,Zambézia,Licenciatura,União de facto,6994.72,177.9,75.1,Insatisfeito,10/05/1983,16/01/2025,2,Sim,Dados confirmados
2277,Feminino,50,Gaza,Primária,Casado,19510.7,174.2,91.9,Insatisfeito,17/11/1974,28/01/2025,1,Sim,Dados confirmados
2278,Feminino,60,Inhambane,Primária ,Divorciado,42093.06,176.6,54.7,Muito satisfeito,02/04/1964,31/10/2025,1,Sim,Necessita revisão
2279,Masculino,39,Manica,Licenciatura,Casado,19601.92,163.2,80.8,Insatisfeito,12/07/1985,15/05/2025,0,sim,sem observacao
2280,Masculino,43,Maputo,Secundária,Viúvo,24723.45,149.2,81.3,Satisfeito,25/03/1981,21/06/2025,1,Sim,Dados confirmados
2281,Feminino,32,Sofala,Secundária,Casado,9746.12,160.7,57.8,Insatisfeito,24/09/1992,19/03/2025,1,Não,Contacto posterior
2282,Feminino,27,Maputo,Secundária,Divorciado,29253.31,163.7,80.4,Neutro,18/11/1997,02/08/2025,2,Sim,Contacto posterior
2283,Masculino,43,Zambézia,Técnica,Casado,16653.45,168.5,81.9,Muito satisfeito,25/07/1981,22/06/2025,2,Não,Dados confirmados
2284,Masculino,42,Gaza,Primária,Solteiro,26015.96,164.9,79.9,Insatisfeito,25/09/1982,10/11/2025,2,Não,Necessita revisão
2285,Feminino,36,Cabo Delgado,Secundária,Viúvo,34945.05,174.7,55.6,Muito insatisfeito,11/02/1988,07/12/2025,3,Sim,Dados confirmados
2286,Masculino,34,Manica,Licenciatura,União de facto,13218.76,161.3,48.1,Satisfeito,06/10/1990,10/04/2025,1,Sim,corrigir
2287,Masculino,29,Cabo Delgado,Secundária,Solteiro,28318.66,158.7,52.4,Muito insatisfeito,25/02/1995,26/05/2025,4,Não,Contacto posterior
2288,Feminino,47,Tete,Primária,Viúvo,25025.23,157.6,62.7,Muito satisfeito,22/02/1977,20/08/2025,3,Sim,Necessita revisão
2289,Masculino,38,Nampula,Técnica,Casado,12226.47,184.1,85.5,Insatisfeito,17/08/1986,05/03/2025,4,Sim,Necessita revisão
2290,Feminino,,Nampula,Secundária,Viúvo,61504.44,148.3,83.5,Muito satisfeito,13/06/1993,26/01/2025,3,Sim,Necessita revisão
2291,Masculino,45,Tete,Secundária,Casado,14149.06,185.8,38.8,Insatisfeito,18/11/1979,01/01/2026,2,Não,Entrevista concluída
2292,Masculino,50,Inhambane,Nenhuma,Separado,12474.81,160.1,62.6,Neutro,01/10/1974,12/04/2025,4,Não,Dados confirmados
2293,Masculino,23,Manica,Primária,Casado,7768.13,177.4,63.6,Insatisfeito,25/10/2001,04/08/2025,1,Sim,Dados confirmados
2294,Feminino,38,Maputo,Licenciatura,Viúvo,12921.76,160.5,74.2,Neutro,02/05/1986,08/05/2025,2,Não,Dados confirmados
2295,Feminino,22,Zambézia,Nenhuma,Divorciado,6651.17,159.5,55.0,Insatisfeito,26/10/2002,07/07/2025,1,Sim,Entrevista concluída
1021,Masculino,69,Maputo,Secundária,Solteiro,8280.27,168.0,49.5,Satisfeito,13/07/1955,21/02/2025,3,Não,Necessita revisão
2297,Feminino,18,Zambézia,Técnica,Solteiro,18779.45,164.7,66.6,Muito insatisfeito,17/07/2006,04/06/2025,3,Sim,Entrevista concluída
2298,Feminino,41,Cabo Delgado,Licenciatura,União de facto,16491.12,155.5,57.3,Neutro,07/12/1983,26/12/2025,2,Não,Contacto posterior
2299,Masculino,44,Cabo Delgado,Primária,Casado,22456.66,172.6,83.8,Insatisfeito,06/11/1980,20/02/2025,3,Sim,Dados confirmados
2300,Masculino,23,Niassa,Secundária,Solteiro,22185.31,170.2,82.2,Neutro,30/06/2001,25/09/2025,2,Sim,Contacto posterior
2301,Feminino,39,Cabo Delgado,Secundária,União de facto,27975.14,155.5,63.9,Muito insatisfeito,27/06/1985,15/10/2025,2,Não,Contacto posterior
2302,Masculino,29,Niassa,Secundária,Viúvo,27229.67,173.7,89.3,Neutro,28/02/1995,29/04/2025,3,Não,Contacto posterior
2303,Feminino,28,Niassa,Nenhuma,Divorciado,20753.37,164.5,78.8,Satisfeito,17/05/1996,24/09/2025,0,Não,Sem observações
2304,Masculino,42,Cabo Delgado,Secundária,União de facto,12091.54,158.4,86.7,Neutro,07/11/1982,20/11/2025,2,Não,Contacto posterior
2305,Masculino,23,Inhambane,Secundária,Viúvo,27914.53,168.7,63.4,Muito insatisfeito,14/11/2001,01/08/2025,3,Sim,Necessita revisão
2306,Masculino,33,Gaza,Secundária,Viúvo,36721.84,154.1,68.2,Insatisfeito,08/07/1991,16/11/2025,3,Sim,Dados confirmados
2307,Masculino,38,Manica,Nenhuma,Viúvo,31532.07,175.7,70.3,Muito satisfeito,26/06/1986,23/08/2025,3,Sim,Necessita revisão
2308,Feminino,59,Cabo Delgado,Nenhuma,Casado,10781.32,172.4,87.5,Insatisfeito,10/03/1965,14/04/2025,1,Sim,Necessita revisão
2309,Feminino,30,Niassa,Secundária,Viúvo,30693.53,164.9,70.6,Satisfeito,21/05/1994,02/12/2025,1,Não,Sem observações
2310,Masculino,36,Zambézia,Secundária,Solteiro,13911.24,147.8,73.7,Satisfeito,24/09/1988,27/08/2025,1,Sim,Contacto posterior
3875,Masculino,26,Tete,Licenciatura,Casado,48070.75,180.0,80.2,Insatisfeito,22/07/1998,03/08/2025,1,Sim,Sem observações
2312,Feminino,18,Maputo,Técnica,Viúvo,15860.24,153.5,73.1,Muito insatisfeito,27/01/2006,20/12/2025,3,Não,Contacto posterior
2313,Masculino,40,Inhambane,Licenciatura,União de facto,6978.11,160.0,73.9,Muito insatisfeito,10/05/1984,30/06/2025,0,Não,Empregado em tempo inteiro
2314,Masculino,26,Tete,Licenciatura,Divorciado,11357.55,162.8,61.0,Insatisfeito,1998-07-15,13/03/2025,1,Não,Dados confirmados
2315,Masculino,32,Maputo,Secundária,Casado,36132.44,160.9,76.3,Insatisfeito,21/07/1992,28/10/2025,4,Sim,Dados confirmados
2316,Feminino,27,Niassa,Secundária,União de facto,26217.05,161.4,55.1,Muito insatisfeito,16/03/1997,16/11/2025,0,Não,Entrevista concluída
2317,Feminino,34,Zambézia,Secundária,Viúvo,42047.55,156.0,58.8,Neutro,13/10/1990,30/03/2025,2,Não,Sem observações
2318,Feminino,34,Cabo Delgado,Licenciatura,Viúvo,21064.61,149.2,61.2,MS,03/09/1990,17/01/2025,3,Sim,Necessita revisão
2319,Masculino,42,Niassa,Primária,Casado,16482.4,180.9,60.9,Neutro,21/11/1982,25/03/2025,1,Sim,Necessita revisão
2320,Feminino,28,Maputo,Licenciatura,Solteiro,67076.4,158.3,63.6,Muito satisfeito,14/08/1996,11/06/2025,3,Sim,Sem observações
2321,Masculino,19,,Secundária,Solteiro,19605.27,168.7,61.5,Neutro,32/13/1985,02/06/2025,0,Sim,Dados confirmados
2322,Masculino,55,Cabo Delgado,Licenciatura,Viúvo,34507.97,175.5,57.4,Neutro,02/09/1969,12/12/2025,3,Sim,sem observacao
2323,Masculino,39,Maputo,Primária,Viúvo,7174.02,169.6,60.5,Muito insatisfeito,13/04/1985,29/11/2025,99,Sim,Contacto posterior
2324,Feminino,42,Tete,Mestrado,Divorciado,15.000,182.6,100.4,Muito satisfeito,13/05/1982,10/02/2025,5,Não,Dados confirmados
2325,Masculino,38,Inhambane,Técnica,Viúvo,7847.13,159.5,71.7,Muito satisfeito,25/12/1986,25/12/2025,0,Não,Sem observações
2326,Masculino,57,Tete,Primária,Divorciado,7537.49,169.8,68.6,Neutro,29/08/1967,29/09/2025,2,Não,Contacto posterior
2327,Masculino,37,Manica,Secundária,Solteiro,7335.07,153.7,64.4,Neutro,03/07/1987,06/08/2025,1,Talvez,Necessita revisão
2328,Feminino,18,Inhambane,Secundária,Solteiro,49434.42,-10,74.8,Muito satisfeito,23/02/2006,13/05/2025,5,Sim,Necessita revisão
2329,Masculino,32,Sofala,Nenhuma,União de facto,3933.54,147.0,59.5,Insatisfeito,01/09/1992,02/10/2025,3,Sim,Contacto posterior
2330,Masculino,30,Gaza,Licenciatura,União de facto,12053.22,,72.0,Muito satisfeito,03/04/1994,20/04/2025,3,Sim,Contacto posterior
2331,Feminino,22,Niassa,Licenciatura,Solteiro,4852.47,162.2,53.4,Satisfeito,22/09/2002,10/10/2025,2,Não,Contacto posterior
2332,Masculino,44,Inhambane,Nenhuma,Casado,47691.6,140.6,85.1,Neutro,27/10/1980,25/02/2025,2,Y,Entrevista concluída
2333,Masculino,18,Nampula,Secundária,Solteiro,36154.16,164.2,58.6,Muito insatisfeito,01/10/2006,08/12/2025,0,Sim,Necessita revisão
2334,Masculino,39,Quelimane,Licenciatura,Solteiro,12962.31,179.4,84.7,Muito insatisfeito,13/12/1985,03/03/2025,1,Sim,Contacto posterior
2335,Masculino,47,Inhambane,Secundária,União de facto,6933.11,180.2,66.3,Muito insatisfeito,23/09/1977,08/09/2025,4,Sim,Sem observações
729,Masculino,18,Nampula,Técnica,Casado,18263.48,152.1,64.6,Muito satisfeito,27/05/2006,08/11/2025,1,Sim,Contacto posterior
2337,Masculino,45,Zambézia,Mestrado,Divorciado,41938.05,133.5,67.6,Insatisfeito,13/04/1979,25/06/2025,2,Sim,Sem observações
2338,Masculino,54,Nampula,Secundária,Viúvo,13564.18,166.8,53.9,Muito insatisfeito,08/05/1970,30/07/2025,3,Não,Necessita revisão
2339,Feminino,43,Cabo Delgado,Técnica,União de facto,12110.63,153.0,59.2,Muito insatisfeito,13/02/1981,20/07/2025,3,Sim,Dados confirmados
2340,Masculino,28,Nampula,Técnica,União de facto,15950.14,180.0,59.5,Insatisfeito,02/05/1996,19/02/2025,3,Sim,Dados confirmados
2341,Masculino,56,Cabo Delgado,Técnica,Viúvo,11969.42,148.8,54.3,Insatisfeito,04/12/1968,24/08/2025,6,Não,Contacto posterior
2342,Masculino,33,Zambézia,Secundária,Viúvo,28910.76,157.4,77.0,Insatisfeito,03/09/1991,01/11/2025,2,Sim,Contacto posterior
2343,Masculino,46,Sofala,Licenciatura,Viúvo,12061.37,160.9,71.9,Neutro,22/01/1978,05/05/2025,0,Sim,Necessita revisão
2344,Masculino,47,Gaza,Primária,Divorciado,10315.22,157.7,50.2,Neutro,09/07/1977,19/09/2025,,Sim,Entrevista concluída
2345,Masculino,42,Tete,Secundária ,Viúvo,31084.88,159.1,62.7,Insatisfeito,15/10/1982,12/05/2025,0,Não,Sem observações
2346,Masculino,39,Maputo,Primária,Viúvo,6160.25,157.6,70.9,Neutro,05/07/1985,05/03/2025,1,Não,Contacto posterior
2347,Feminino,42,Tete,Mestrado,União de facto,22274.71,182.1,71.6,Insatisfeito,09/07/1982,12/07/2025,2,Sim,Dados confirmados
2348,Feminino,36,Gaza,Secundária,União de facto,7126.56,162.3,44.8,Insatisfeito,05/08/1988,30/03/2025,1,Sim,Dados confirmados
2349,Feminino,31,Maputo,Secundária,Solteiro,22169.5,160.8,63.3,Satisfeito,27/02/1993,23/11/2025,0,Sim,Entrevista concluída
2350,Masculino,25,Manica,Licenciatura,Divorciado,24280.7,159.9,85.1,Muito satisfeito,12/01/1999,27/07/2025,2,Sim,Sem observações
2351,Feminino,47,Maputo,Primária,Casado,6172.17,172.5,84.6,Neutro,08/06/1977,20/04/2025,3,Não,Sem observações
2352,Masculino,21,Sofala,Mestrado,Divorciado,16293.07,162.1,46.9,Neutro,31/12/2003,18/03/2025,3,Sim,Sem observações
2353,,43,Gaza,Licenciatura,Divorciado,58106.36,182.9,74.6,Muito insatisfeito,28/08/1981,01/01/2027,3,Não,Necessita revisão
2354,Masculino,33,Maputo,Secundária,Casado,16154.01,164.5,-20,Muito insatisfeito,09/02/1991,07/02/2025,4,Sim,Sem observações
2355,Feminino,55,Inhambane,Desconhecido,União de facto,99362.35,167.3,75.4,Muito insatisfeito,31/10/1969,15/12/2025,1,Sim,Necessita revisão
2356,Feminino,34,Tete,Primária,Casado,9976.06,165.4,91.3,Muito insatisfeito,04/06/1990,05/10/2025,0,Não,Necessita revisão
2357,Masculino,18,Manica,Licenciatura,União de facto,9177.95,166.1,63.3,Satisfeito,09/07/2006,26/10/2025,1,Não,Entrevista concluída
2358,Feminino,27,Nampula,Licenciatura,União de facto,-500,169.2,65.4,Insatisfeito,12/09/1997,16/10/2025,3,Não,Contacto posterior
2359,Feminino,47,Nampula,Licenciatura,Divorciado,36129.23,147.7,74.5,Satisfeito,15/09/1977,25/06/2025,3,Sim,Dados confirmados
2360,Masculino,39,Tete,Mestrado,União de facto,25979.21,160.7,73.1,Satisfeito,30/03/1985,03/10/2025,1,Sim,Contacto posterior
2361,Feminino,18,Cabo Delgado,Licenciatura,Divorciado,5236.42,160.0,66.5,Neutro,11/10/2006,09/06/2025,4,Não,Entrevista concluída
2362,Feminino,40,Inhambane,Secundária,Solteiro,44241.1,167.3,62.3,Muito insatisfeito,06/10/1984,20/02/2025,1,Sim,Sem observações
2363,Masculino,38,Gaza,Licenciatura,União de facto,59069.65,"166,3",84.8,Satisfeito,26/06/1986,07/08/2025,2,Sim,Sem observações
2364,Feminino,25,Tete,Secundária,Viúvo,3987.73,168.2,70.5,Satisfeito,06/06/1999,13/04/2025,2,Não,Sem observações
2365,Masculino,28,Manica,Secundária,Viúvo,15319.91,156.5,58.7,Insatisfeito,06/12/1996,10/12/2025,5,Sim,SEM OBSERVAÇÕES
2366,Feminino,33,Gaza,Mestrado,Casado,19603.08,155.0,90.9,Satisfeito,03/11/1991,19/06/2025,3,Não,Sem observações
2367,Feminino,45,Nampula,,Divorciado,12381.17,163.6,45.2,Neutro,21/10/1979,04/09/2025,0,Não,Contacto posterior
2368,Masculino,26,Nampula,Licenciatura,Casado,5767.97,177.8,73.8,Muito insatisfeito,07/01/1998,12/09/2025,2,Sim,Dados confirmados
2369,Masculino,29,Cabo Delgado,Primária,Divorciado,34466.14,166.0,58.3,Insatisfeito,21/07/1995,10/04/2025,1,Não,Dados confirmados
2370,Masculino,33,Sofala,Licenciatura,Solteiro,12362.14,174.5,62.1,Satisfeito,11/03/1991,16/07/2025,2,Não,Sem observações
2371,Masculino,34,Sofala,Primária,Viúvo,5732.72,154.5,82.4,Insatisfeito,23/07/1990,29/12/2025,2,Sim,Sem observações
2372,Feminino,18,Inhambane,Primária,Solteiro,27931.78,169.7,72.1,Neutro,26/02/2006,21/10/2025,3,Sim,Necessita revisão
2373, feminino,42,Manica,Primária,Divorciado,59648.13,160.3,67.4,Muito insatisfeito,03/02/1982,25/11/2025,2,Não,Entrevista concluída
2374,Feminino,36,Zambézia,Licenciatura,União de facto,47056.85,184.7,65.6,Neutro,30/10/1988,04/01/2025,4,Sim,Entrevista concluída
2375,Feminino,20,Niassa,Licenciatura,União de facto,28665.96,182.3,83.9,Satisfeito,02/10/2004,11/04/2025,0,Não,Entrevista concluída
2376,Feminino,24,Gaza,Nenhuma,Divorciado,38906.62,156.5,52.8,Neutro,14/10/2000,18/11/2025,2,Sim,Dados confirmados
2377,Masculino,55,Zambézia,Mestrado,Casado,11870.35,161.8,64.6,Neutro,02/04/1969,03/01/2025,6,Sim,Entrevista concluída
2378,Masculino,33,Inhambane,Secundária,Solteiro,69611.49,176.5,72.2,Satisfeito,30/04/1991,01/04/2025,3,Sim,Sem observações
2379,Feminino,18,Zambézia,Técnica,Solteiro,26877.55,158.3,84.5,muito satisfeito,15/03/2006,19/05/2025,3,Sim,Contacto posterior
2380,Feminino,51,Zambézia,Secundária,União de facto,63340.68,164.2,61.8,Muito satisfeito,13/04/1973,13/02/2025,3,Não,Dados confirmados
2381,Feminino,18,Maputo,Secundária,Divorciado,17814.1,165.7,65.4,Neutro,23/06/2006,28/03/2025,2,Não,Entrevista concluída
ID-2382,Feminino,24,Sofala,Nenhuma,Divorciado,59597.72,162.4,45.6,Neutro,17/12/2000,21/10/2025,1,Sim,Entrevista concluída
2383,Masculino,29,Manica,Técnica,União de facto,18380.78,169.3,68.1,Insatisfeito,02/12/1995,25/02/2025,6,Sim,Contacto posterior
2384,Masculino,5,Tete,Secundária,Viúvo,31414.38,175.0,73.6 kg,Neutro,13/10/1981,17/04/2025,2,Sim,Dados confirmados
2385,Masculino,44,Tete,Primária,União de facto,4378.86,147.8,75.5,Muito insatisfeito,09/06/1980,21/04/2025,1,Y,Entrevista concluída
2386,Feminino,40,Zambézia,Técnica,Divorciado,9553.88,171.3,53.9,Muito satisfeito,14/07/1984,22/01/2025,2,Não,Entrevista concluída
2387,Masculino,37,Maputo,Técnica,Solteiro,47309.65,150.9,77.9,Insatisfeito,31/01/1987,16/04/2025,2,Sim,Dados confirmados
2388,Masculino,30,Maputo,Primária,Casado,10599.96,158.9,66.8,Muito insatisfeito,22/05/1994,07/11/2025,3,Sim,Contacto posterior
2389,Masculino,34,Inhambane,Mestrado,União de facto,18946.37,172.0,78.3,Satisfeito,06/03/1990,04/06/2025,2,Não,Contacto posterior
2390,Feminino,32,Cabo Delgado,Licenciatura,Divorciado,39047.2,160.0,56.1,Muito insatisfeito,11/06/1992,17/05/2025,1,Não,Sem observações
2391,Feminino,43,Tete,Secundária,Viúvo,21565.71,160.3,47.2,Satisfeito,29/08/1981,23/04/2025,2,Não,Necessita revisão
2392,Masculino,29,Gaza,Secundária,Casado,33599.86,155.3,89.4,Muito satisfeito,04/08/1995,22/07/2025,5,Não,Contacto posterior
2393,Feminino,55,Zambézia,Secundária,Viúvo,26445.01,157.7,62.6,Muito satisfeito,24/07/1969,19/06/2025,1,Sim,Entrevista concluída
2394,Masculino,26,Zambézia,Primária,Viúvo,19162.36,166.6,55.9,Muito insatisfeito,10/07/1998,27/06/2025,1,Não,Entrevista concluída
2395,Feminino,19,Niassa,Primária,Viúvo,48222.64,175.6,57.6,Insatisfeito,16/06/2005,21/11/2025,1,Não,Dados confirmados
2396,Masculino,23,Maputo,Primária,Viúvo,36609.95,176.5,88.3,Muito satisfeito,22/11/2001,20/07/2025,3,Não,Contacto posterior
2397,Masculino,27,Sofala,Nenhuma,Viúvo,16551.32,160.2,75.2,Neutro,29/10/1997,11/07/2025,1,Não,Entrevista concluída
2398,Masculino,30,Zambézia,Técnica,Casado,16135.11,171.7,63.7,Muito insatisfeito,28/08/1994,17/02/2025,4,Não,Entrevista concluída
2399,Masculino,24,Zambézia,Nenhuma,Divorciado,5825.17,157.7,47.3,Neutro,29/05/2000,03/05/2025,1,Sim,Necessita revisão
2400,Feminino,54,Gaza,Primária,União de facto,22325.21,150.3,89.9,Neutro,15/04/1970,14/04/2025,1,Não,Necessita revisão
2401,Feminino,26,Sofala,Licenciatura,União de facto,12918.15,166.3,69.8,Neutro,03/01/1999,02/03/2025,2,Não,Necessita revisão
2398,Feminino,28,Tete,Secundária,União de facto,38777.69,156.3,71.8,Muito insatisfeito,14/01/1996,21/07/2025,3,Não,Contacto posterior
2403,Masculino,18,Nampula,Licenciatura,Solteiro,38955.33,153.8,79.8,Neutro,2006-04-18,19/10/2025,2,Sim,Entrevista concluída
2404,Feminino,47,Inhambane,Secundária,Viúvo,19490.1,166.3,61.8,Muito insatisfeito,30/04/1977,16/06/2025,2,Sim,Necessita revisão
2405,Masculino,36,Gaza,Primária,União de facto,41465.81,182.9,94.6,Muito satisfeito,16/09/1988,09/05/2025,3,Não,Dados confirmados
2406,Masculino,55,Niassa,Secundária,Divorciado,25556.84,167.0,84.1,Muito satisfeito,15-08-1987,25/05/2025,1,Sim,Dados confirmados
2407,Feminino,39,Gaza,Licenciatura,Divorciado,"15,000",173.1,49.7,Neutro,07/11/1985,21/07/2025,3,Sim,Sem observações
2408,Feminino,21,Tete,Licenciatura,Solteiro,9982.4,151.7,54.2,Satisfeito,24/10/2003,08/06/2025,3,Não,Sem obs.
2409,Masculino,33,Gaza,Licenciatura,casado,14067.48,160.3,65.1,Muito insatisfeito,01/04/1991,26/04/2025,3,Sim,Sem observações
2410,Masculino,42,Tete,Mestrado,Solteiro,8966.11,161.4,63.0,Insatisfeito,21/11/1982,11/01/2025,4,,Necessita revisão
2411,Masculino,50,Tete,Secundária,Viúvo,14199.55,168.0,62.5,Muito insatisfeito,08/02/1974,21/04/2025,3,Não,Necessita revisão
2412,Masculino,18,Zambézia,lic,União de facto,22622.38,156.6,83.6,Neutro,27/08/2006,08/04/2025,2,Sim,Necessita revisão
2413,Feminino,26,Tete,Mestrado,Viúvo,36659.42,183.2,75.5,Neutro,09/05/1998,06/10/2025,4,Não,
2414,Masculino,41,Sofala,Técnica,Viúvo,7944.88,148.2,78.1,Muito satisfeito,17/08/1983,01/28/2025,5,Não,Dados confirmados
2415,Feminino,32,Manica,Licenciatura,Viúvo,9070.17,163.7,51.0,Satisfeito,11/08/1992,01/12/2025,0,Não,Necessita revisão
2416,Masculino,37,Cabo Delgado,Secundária,Divorciado,10064.4,150.9,35.4,Muito insatisfeito,20/08/1987,24/03/2025,2,Não,Sem observações
2417,Masculino,24,Inhambane,Secundária,Divorciado,38717.17,149.3,55.7,Muito satisfeito,18/02/2000,20/11/2025,4,Não,Sem observações
2418,Masculino,47,Manica,Licenciatura,Casado,31932.13,168.5,49.0,Satisfeito,04/03/1977,06/04/2025,5,Não,Necessita revisão
2419,Feminino,19,Tete,Primária,Solteiro,11076.02,165.4,96.7,Insatisfeito,25/06/2005,01/12/2025,2,Não,Necessita revisão
2420,Masculino,44,Manica,Técnica,Divorciado,11664.45,163.8,67.7,Neutro,27/04/1980,23/09/2025,3,Não,Entrevista concluída
2421,Masculino,29,Inhambane,Licenciatura,Viúvo,31100.04,154.1,44.7,Insatisfeito,27/10/1995,11/12/2025,2,Sim,Dados confirmados
2422,Masculino,37,Inhambane,Mestrado,Solteiro,,154.1,61.2,6,17/02/1987,18/11/2025,1,Sim,Dados confirmados
2423,Feminino,32,Tete,Licenciatura,União de facto,22194.53,181.7,53.2,Muito satisfeito,24/05/1992,04/12/2025,0,Sim,Dados confirmados
2424,Feminino,49,Niassa,Mestrado,União de facto,33518.13,175.7,83.1,Satisfeito,28/08/1975,02/12/2025,-1,Sim,Sem observações
2425,Feminino,38,Tete,Licenciatura,Divorciado,11329.91,-10,59.9,Neutro,08/12/1986,24/02/2025,1,Sim,Contacto posterior
2426,Feminino,20,Tete,Licenciatura,Divorciado,8712.84,169.4,74.4,Neutro,24/05/2004,21/03/2025,2,Não,Dados confirmados
2427,Feminino,30,Nampula,Primária,União de facto,12848.49,171.5,46.3,Muito insatisfeito,17/01/1994,26/04/2025,2,Não,Entrevista concluída
2428,Feminino,47,Niassa,Secundária,Casado,44457.73,151.3,46.5,Insatisfeito,26/08/1977,14/10/2025,3,Não,Entrevista concluída
2429,Masculino,35,Gaza,Secundária,Divorciado,15159.09,160.5,72.5,Insatisfeito,16/02/1989,03/07/2025,0,Sim,Entrevista concluída
2430,Feminino,32,Gaza,Secundária,Casado,53159.46,173.8,99.8,Muito satisfeito,21/02/1992,15/09/2025,1,Não,Necessita revisão
2431,Feminino,27,Niassa,Licenciatura,Divorciado,18246.63,147.0,62.3,Neutro,09/02/1997,05/04/2025,2,Sim,Dados confirmados
2432,Feminino,43,Inhambane,Técnica,Solteiro,18708.56,188.8,76.0,Muito insatisfeito,03/04/1981,09/11/2025,2,Sim,Dados confirmados
2433,Feminino,37,Gaza,Licenciatura,Solteiro,19072.68,170.1,74.0,Satisfeito,07/09/1987,20/09/2025,2,Sim,Entrevista concluída
2434,Feminino,41,Nampula,Licenciatura,União de facto,26647.18,170.6,69.9,Muito satisfeito,04/04/1983,13/08/2025,6,Não,Sem observações
2435,Masculino,18,Sofala,Secundária,União de facto,40007.47,163.0,64.0,Neutro,04/05/2006,22/12/2025,0,Não,Dados confirmados
2436,Feminino,23,Cabo Delgado,Primária,União de facto,36626.95,171.7,76.6,Muito satisfeito,27/07/2001,11/05/2025,2,Sim,Dados confirmados
2437,Feminino,38,Niassa,Licenciatura,Viúvo,14557.85,173.7,73.6,Insatisfeito,29/09/1986,18/10/2025,3,Não,Sem observações
2438,Masculino,41,Sofala,Licenciatura,Viúvo,29429.2,171.4,63.9,Insatisfeito,30/03/1983,31/03/2025,2,sim,Dados confirmados
2439,X,25,Cabo Delgado,Secundária,Divorciado,17678.33,170.9,76.9,,13/09/1999,02/06/2025,2,Não,Sem observações
2440,Feminino,45,Sofala,Secundária,Solteiro,17022.48,172.8,57.1,Muito Satisfeito,25/03/1979,13/12/2025,6,Não,Sem observações
2441,Masculino,18,Niassa,Primária,União de facto,10492.05,164.4,78.7,Muito insatisfeito,18/01/2006,08/10/2025,3,Não,Entrevista concluída
3264,Masculino,31,Zambézia,Licenciatura,Solteiro,43910.23,164.8,57.5,Muito insatisfeito,08/11/1993,22/10/2025,2,Não,Contacto posterior
2443,Masculino,18,Zambézia,Mestrado,União de facto,37616.9,168.2,52.7,Muito insatisfeito,09/04/2006,08/08/2025,1,Sim,Contacto posterior
2444,Masculino,41,Zambézia,Licenciatura,Solteiro,37572.3,168.1,57.5,Neutro,02/06/1983,02/10/2025,4,Sim,Contacto posterior
2445,Feminino,18,Maputo,Secundária,Solteiro,16546.62,158.8,69.5,Neutro,15/05/2006,07/12/2025,4,Sim,Contacto posterior
2446,Masculino,60,Inhambane,Técnica,Divorciado,12095.53,161.9,71.9,Neutro,26/09/1964,01/04/2025,1,Sim,Dados confirmados
2447,Feminino,62,Manica,Secundária,Divorciado,19441.51,156.6,50.9,Insatisfeito,09/02/1962,05/04/2025,3,Sim,Entrevista concluída
2448,Masculino,38,Inhambane,Primária,Solteiro,8815.01,161.8,83.8,Muito satisfeito,23/02/1986,29/03/2025,4,Não,Sem observações
2449,Masculino,36,Manica,Nenhuma,Solteiro,13472.91,169.8,66.7,Muito satisfeito,14/03/1988,10/10/2025,2,Sim,Dados confirmados
2450,Masculino,26,Nampula,Secundária,Solteiro,22977.38,157.9,90.0,Satisfeito,12/11/1998,05/05/2025,1,Não,Contacto posterior
2451,Feminino,31,Tete,Secundária,Casado,31097.52,161.8,67.1,Muito satisfeito,26/05/1993,24/03/2025,2,Sim,sem observacao
2452,Feminino,22,Nampula,Primária,Casado,11967.99,158.6,72.0,Satisfeito,14/03/2002,05/09/2025,3,Não,Necessita revisão
2453,Masculino,18,Cabo Delgado,Primária,Solteiro,13221.78,178.3,86.2,Insatisfeito,06/09/2006,,1,Não,Dados confirmados
2454,Feminino,28,Nampula,Primária,Divorciado,52231.67,162.5,71.5,Muito insatisfeito,19/01/1996,04/06/2025,1,Não,Entrevista concluída
2455,Masculino,21,Manica,Secundária,Solteiro,29959.56,156.9,77.4,Muito insatisfeito,08/12/2003,17/10/2025,2,Sim,Entrevista concluída
2456,Masculino,38,Manica,Licenciatura,,14873.98,168.4,58.7,Muito insatisfeito,09/08/1986,27/08/2025,2,Não,Contacto posterior
2457,Feminino,22,Niassa,Primária,União de facto,3691.69,188.1,61.5,Insatisfeito,21/09/2002,13/03/2025,1,Sim,Entrevista concluída
2458,Masculino,35,Tete,Secundária,Viúvo,31543.43,174.2,91.4,Satisfeito,23/11/1989,10/07/2025,4,Não,Sem observações
2459,Masculino,32,Nampula,Secundária,Solteiro,14757.4,160.0,42.7,Muito insatisfeito,16/11/1992,04/12/2025,4,Não,Necessita revisão
2460,Feminino,44,Manica,Licenciatura,Casado,27434.0,153.4,75.8,Muito insatisfeito,24/10/1980,27/08/2025,0,Não,Contacto posterior
2461,Masculino,21,Sofala,Primária,Divorciado,17651.5,154.8,250,Insatisfeito,04/01/2003,29/08/2025,1,Não,Dados confirmados
2462,Feminino,35,Cabo Delgado,Secundária,União de facto,23982.66,166.5,62.8,Satisfeito,13/05/1989,22/03/2025,2,Sim,Sem observações
2463,Masculino,18,Maputo,Mestrado,Divorciado,11110.73,152.0,74.9,Muito insatisfeito,25/02/2006,31/08/2025,1,Não,Sem observações
2464,Feminino,34,Nampula,Secundária,Casado,15757.19,155.2,103.5,Muito insatisfeito,22/08/1990,02/01/2025,3,Sim,Necessita revisão
2465,Masculino,52,Tete,Nenhuma,União de facto,6536.34,169.8,69.5,Neutro,02/09/1972,20/05/2025,4,Não,Necessita revisão
2466,Feminino,58,Zambézia,Nenhuma,Solteiro,15748.61,164.6,70.6,Satisfeito,12/06/1966,01/02/2025,0,Não,Entrevista concluída
2467,Feminino,35,Cabo Delgado,Técnica,Divorciado,18139.54,163.5,47.9,Insatisfeito,20/03/1989,17/01/2025,3,Sim,Dados confirmados
2468,Feminino,49,Inhambane,Secundária,Casado,11201.78,166.3,50.8,Muito insatisfeito,19/03/1975,27/11/2025,2,Não,Contacto posterior
2469,Feminino,52,Inhambane,Primária,Solteiro,12993.94,165.1,53.6,Satisfeito,28/06/1972,18/03/2025,3,Sim,Necessita revisão
2470,Feminino,21,Cabo Delgado,Secundária,União de facto,34575.24,153.2,62.0,Neutro,26/04/2003,03/05/2025,0,Sim,Sem observações
2471,Masculino,31,Maputo,Licenciatura,Divorciado,14390.78,165.3,35.0,Muito satisfeito,22/06/1993,06/06/2025,2,Sim,Dados confirmados
2472,Masculino,55,Sofala,Nenhuma,Viúvo,13667.91,144.5,66.3,Satisfeito,17/01/1969,24/05/2025,1,Não,Contacto posterior
2473,Feminino,18,Cabo Delgado,Licenciatura,Divorciado,15980.23,178.3,61.8,Neutro,12/10/2006,20/07/2025,1,Não,Contacto posterior
2474,Feminino,18,Sofala,Primária,Casado,15171.83,165.3,60.5,Satisfeito,02/05/2006,12/02/2025,1,Não,Entrevista concluída
2475,Masculino,22,Gaza,Primária,Divorciado,17361.63,154.1,78.5,Satisfeito,20/06/2002,26/04/2025,0,Sim,Dados confirmados
2476,Feminino,31,Sofala,Secundária,Divorciado,15019.18,172.0,87.3,Muito insatisfeito,20/07/1993,28/07/2025,2,Não,Entrevista concluída
2477,Masculino,46,Inhambane,Secundária,Viúvo,15036.3,179.3,61.2,Insatisfeito,13/01/1978,24/01/2025,2,Sim,Dados confirmados
2478,Feminino,34,Cabo Delgado,Mestrado,União de facto,42700.51,155.8,79.4,Muito satisfeito,11/12/1990,15/05/2025,3,Sim,Necessita revisão
2479,Feminino,19,Inhambane,LIC,Viúvo,12288.82,179.5,62.0,Muito satisfeito,08/02/2005,10/03/2025,3,Não,Entrevista concluída
2480,Feminino,50,Niassa,Licenciatura,Casado,8527.36,146.6,88.9,Satisfeito,29/10/1974,17/02/2025,3,Sim,Dados confirmados
2481,Feminino,31,Niassa,Primária,União de facto,16254.13,159.6,75.0,Satisfeito,22/10/1993,28/11/2025,1,Não,Sem observações
2482,Feminino,20,Niassa,Licenciatura,Casado ,45637.66,173.5,74.0,Neutro,15/06/2004,17/07/2025,4,Sim,Entrevista concluída
2483,Masculino,41,Cabo Delgado,Licenciatura,Separado,22839.05,170.6,65.4,Neutro,18/10/1983,09/09/2025,1,Sim,Contacto posterior
2484,Masculino,45,Tete,Licenciatura,União de facto,8868.72,162.8,71.0,Insatisfeito,11/07/1979,25/04/2025,3,Não,Sem observações
2485,Masculino,21,Cabo Delgado,Secundária,União de facto,9812.82,156.4,46.6,Insatisfeito,12/05/2003,09/02/2025,1,Sim,Sem observações
2486,fem,45,Nampula,Secundária,Casado,39397.01,158.2,69.2,Muito satisfeito,28/01/1979,23/08/2025,2,Não,Contacto posterior
2487,Feminino,41,Zambézia,Primária,Casado,22158.36,167.1,85.4,Muito satisfeito,10/05/1983,07/03/2025,3,Não,Necessita revisão
2488,Feminino,32,Zambézia,Secundária,União de facto,12000.44,162.4,65.5,Muito satisfeito,27/09/1992,29/01/2025,0,Não,Entrevista concluída
2489,Masculino,18,Zambézia,Nenhuma,Viúvo,-500,155.3,78.5,Neutro,11/08/2006,29/01/2025,5,Sim,Necessita revisão
2490,Feminino,35,Niassa,Secundária,União de facto,MZN 15000,168.0,58.0,Satisfeito,15/07/1989,30/08/2025,2,Sim,Dados confirmados
2491,Masculino,40,Manica,Primária,Divorciado,22468.96,176.1,86.7,Muito insatisfeito,27/07/1984,03/02/2025,2,sim,Sem observações
2492,Feminino,30,Gaza,Licenciatura,Casado,11629.53,177.3,83.8,Neutro,1994-01-15,20/12/2025,3,Não,Dados confirmados
2493,Feminino,47,Maputo,Nenhuma,Divorciado,7879.7,168.2,48.9,Neutro,14/05/1977,28/08/2025,1,Sim,Dados confirmados
2494,Masculino,41,Manica,Técnica,Solteiro,18270.27,169.2,70.9,Neutro,04/01/1983,28/04/2025,2,Não,Sem obs.
2495,Masculino,18,Inhambane,Primária,Solteiro,13614.19,158.2,85.7,Muito satisfeito,16/06/2006,14/11/2025,6,Sim,Sem observações
2496,Masculino,37,Niassa,Primária,Casado,18636.56,160.7,64.2,Muito insatisfeito,10/12/1987,01/12/2025,3,Sim,Dados confirmados
2497,Masculino,27,Gaza,Secundária,União de facto,8484.31,153.9,73.1,Neutro,07/08/1997,26/09/2025,4,Sim,Dados confirmados
2498,Feminino,53,Maputo,Secundária,Divorciado,13684.03,166.5,88.2,Satisfeito,23/01/1971,09/07/2025,3,Não,Sem observações
2499,Feminino,43,Sofala,Licenciatura,Solteiro,19432.45,159.8,84.5,Neutro,24/11/1981,31/07/2025,4,Sim,Entrevista concluída
2500,Masculino,45,Niassa,Licenciatura,União de facto,16368.73,160.4,58.9,Muito satisfeito,04/01/1979,20/12/2025,0,Não,Dados confirmados
2501,Masculino,28,Tete,Licenciatura,Casado,32162.09,152.6,70.1,satisfeito ,19/10/1996,19/05/2025,1,Sim,Contacto posterior
2502,Feminino,34,Manica,Secundária,Solteiro,26950.15,"167,2",77.6,Insatisfeito,05/06/1990,17/04/2025,0,Sim,Necessita revisão
2503,Masculino,31,Inhambane,Licenciatura,Solteiro,9510.48,148.6,80.4,Neutro,23/02/1993,29/01/2025,5,Não,Entrevista concluída
2504,Masculino,69,Niassa,Mestrado,Casado,40001.87,191.1,65.7,Neutro,25/04/1955,26/07/2025,2,Não,Contacto posterior
2505,Masculino,46,Zambézia,Secundária,Divorciado,15845.94,157.1,67.8,Muito insatisfeito,02/01/1979,03/06/2025,3,Não,Entrevista concluída
2506,Masculino,18,Gaza,Primária,Casado,43935.94,169.7,45.1,Satisfeito,18/09/2006,10/02/2025,1,Unknown,Necessita revisão
2507,Masculino,29,Tete,Nenhuma,Viúvo,104736.11,169.2,60.9,Neutro,01/07/1995,15/06/2025,3,Sim,Contacto posterior
2508,Feminino,26,Inhambane,Técnica,Divorciado,34654.08,144.6,75.5,Insatisfeito,28/05/1998,16/03/2025,3,Não,Necessita revisão
2509,Feminino,18,Nampula,Técnica,União de facto,13396.46,171.4,35.5,Muito satisfeito,29/10/2006,05/01/2025,1,Sim,Entrevista concluída
2510,Masculino,34,Zambézia,Licenciatura,Casado,18544.25,175.2,,Satisfeito,19/11/1990,03/08/2025,3,Não,Contacto posterior
2511,Feminino,44,Maputo,Secundária,Solteiro,24721.85,156.0,61.3,Muito insatisfeito,20/01/1980,28/03/2025,1,Não,Necessita revisão
2512,Masculino,41,Manica,Desconhecido,Divorciado,4375.18,175.3,47.9,Muito satisfeito,01/07/1983,06/12/2025,1,Não,Sem observações
2513,Feminino,46,Cabo Delgado,Secundária,Casado,17162.7,177.4,51.7,Insatisfeito,30/04/1978,27/02/2025,1,Sim,Necessita revisão
2514,Masculino,21,Inhambane,Licenciatura,Divorciado,9549.96,164.2,51.5,Satisfeito,25/12/2003,28/06/2025,0,Sim,Sem observações
2515,Feminino,18,Zambézia,Secundária,Casado,12130.16,171.8,90.0,Neutro,27/12/2006,13/07/2025,4,Não,Necessita revisão
2516,Masculino,35,Sofala,Licenciatura,Viúvo,23824.42,171.8,74.3,Neutro,08/08/1989,05/10/2025,3,Não,Necessita revisão
2517,Masculino,51,Manica,Primária,Viúvo,30348.21,173.5,56.2,Satisfeito,13/01/1973,06/10/2025,3,Não,Entrevista concluída
2518,Masculino,31,Nampula,Secundária,Divorciado,10172.9,149.4,55.9,Neutro,14/02/1993,23/09/2025,3,Não,Necessita revisão
2519,Masculino,,Manica,Primária,Casado,11111.8,158.3,49.9,Neutro,21/11/1988,19/12/2025,1,Sim,Dados confirmados
2520,Feminino,24,Nampula,Secundária,União de facto,12001.32,170.3,64.3,Muito insatisfeito,03/09/2000,20/11/2025,3,Não,Contacto posterior
2521,Feminino,41,Niassa,Licenciatura,Viúvo,10641.81,184.5,91.5,Insatisfeito,08/06/1983,22/09/2025,2,Não,Dados confirmados
2522,Feminino,35,Nampula,Primária,Solteiro,11318.37,45,58.5,Muito satisfeito,19/06/1989,09/04/2025,0,Não,Contacto posterior
2523,Masculino,42,Zambézia,Secundária,Casado,11621.63,157.8,58.6,Satisfeito,12/09/1982,11/01/2025,2,Não,Sem observações
2524,Masculino,43,Niassa,Primária,Casado,15219.9,161.5,65.1,Neutro,26/08/1981,22/02/2025,1,Sim,Sem observações
2525,Masculino,23,Niassa,Secundária,Casado,33456.28,172.4,95.0,Insatisfeito,19/11/2001,08/02/2025,20,Sim,Necessita revisão
2526,Feminino,59,Tete,Mestrado,Viúvo,10194.38,155.9,54.3,Neutro,26/06/1965,25/06/2025,4,Sim,Sem observações
2527,Masculino,23,Niassa,Mestrado,União de facto,71595.4,176.0,62.2,Insatisfeito,01/05/2001,03/08/2025,4,Não,Sem observações
2528,Masculino,18,Cabo Delgado,Licenciatura,Casado,36447.64,165.3,57.9,Muito insatisfeito,07/01/2006,09/10/2025,5,Não,Dados confirmados
2529,Feminino,23,Inhambane,Licenciatura,Divorciado,11309.66,157.1,73.1,Satisfeito,14/04/2001,11/06/2025,6,Não,Entrevista concluída
2530,Feminino,29,Gaza,Primária,Divorciado,22723.77,166.8,60.2,Satisfeito,20/05/1995,28/04/2025,1,Não,Sem observações
2531,Masculino,21,Sofala,Técnica,Divorciado,33106.4,182.9,53.9,Insatisfeito,28/03/2003,02/01/2025,2,Não,Necessita revisão
2532,Feminino,21,,Licenciatura,Casado,17860.04,180.3,69.1,Insatisfeito,32/13/1985,27/02/2025,2,Não,Contacto posterior
2533,Feminino,-3,Cabo Delgado,Licenciatura,Divorciado,21420.4,173.8,43.1 kg,Satisfeito,20/01/2006,15/09/2025,2,Sim,Dados confirmados
2534,,33,Sofala,Licenciatura,Divorciado,17914.69,162.6,73.9,Satisfeito,15/10/1991,01/01/2027,5,Não,Sem observações
2535,Feminino,44,Niassa,Técnica,União de facto,15011.5,164.8,66.9,Insatisfeito,08/11/1980,27/05/2025,2,Não,Entrevista concluída
2536,Feminino,53,Gaza,Primária,Divorciado,999999,176.3,70.9,Neutro,19/09/1971,22/06/2025,1,Sim,Contacto posterior
2537,Feminino,31,Tete,Técnica,Solteiro,13207.98,163.1,80.5,Insatisfeito,07/10/1993,26/05/2025,2,Sim,N/A
2538,Masculino,18,Gaza,Secundária,Solteiro,24148.05,179.9,76.1,Muito insatisfeito,02/06/2006,04/06/2025,1,Não,Necessita revisão
2539,Masculino,29,Tete,Primária,Casado,23277.1,156.7,61.4,Muito insatisfeito,04/11/1995,19/06/2025,3,Sim,Contacto posterior
2540,Feminino,34,Nampula,Secundária,Casado,19339.54,169.0,62.5,Muito satisfeito,10/01/1990,13/08/2025,3,Sim,???
2541,Feminino,43,Nampula,Mestrado,Divorciado,10535.09,159.4,67.5,Muito satisfeito,13/02/1981,05/06/2025,0,Não,Dados confirmados
2542,Feminino,32,Maputo,Técnica,Viúvo,9782.6,160.4,77.8,Satisfeito,06/04/1992,22/07/2025,0,Sim,Contacto posterior
2543,Masculino,31,Manica,Licenciatura,Divorciado,14859.2,165.6,66.2,Muito insatisfeito,28/11/1993,27/08/2025,3,Sim,Contacto posterior
2544,Feminino,29,Nampula,Primária,Viúvo,25615.05,178.7,83.9,Satisfeito,09/08/1995,16/10/2025,3,SIM,Sem observações
2545,Masculino,27,Niassa,Licenciatura,União de facto,6352.93,174.6,50.6,Neutro,12/11/1997,23/11/2025,1,Sim,Sem observações
2546,Feminino,36,Sofala,lic,Casado,27144.15,172.7,61.4,Insatisfeito,24/10/1988,18/06/2025,3,Não,Entrevista concluída
2547,Feminino,20,Tete,Secundária,União de facto,58779.93,159.9,61.0,Satisfeito,14/03/2004,11/12/2025,4,Sim,Entrevista concluída
2548,Feminino,40,Zambézia,Secundária,Divorciado,119578.3,155.0,62.8,Muito satisfeito,20/04/1984,17/03/2025,4,Não,Dados confirmados
2549,Masculino,52,Manica,Mestrado,Divorciado,25419.63,153.8,72.0,Neutro,13/01/1972,11/03/2025,5,Sim,Necessita revisão
2550,Feminino,28,Cabo Delgado,Licenciatura,Viúvo,17179.53,177.5,50.7,Satisfeito,08/03/1996,16/10/2025,1,Sim,Contacto posterior
2551,Feminino,18,Gaza,Mestrado,Divorciado,8624.29,162.6,68.8,Neutro,11/03/2006,30/12/2025,0,Não,Entrevista concluída
2552,Feminino,39,Maputo,Primária,Casado,17578.52,156.1,67.4,Neutro,22/09/1985,03/05/2025,4,Sim,Sem observações
2553,Feminino,37,Niassa,Primária,União de facto,7260.1,168.3,71.3,Neutro,11/11/1987,25/01/2025,1,Sim,Contacto posterior
2554,Feminino,22,Gaza,Primária,União de facto,11190.3,168.1,60.0,Insatisfeito,05/03/2002,05/03/2025,0,Sim,Entrevista concluída
2555,Masculino,23,Sofala,Licenciatura,solteiro,13517.47,166.5,78.6,Insatisfeito,30/09/2001,16/02/2025,1,Sim,Dados confirmados
2556,Masculino,57,Sofala,Secundária,Viúvo,22908.48,145.7,93.0,Satisfeito,23/04/1967,10/16/2025,3,Não,Dados confirmados
2557,Feminino,49,Nampula,Mestrado,União de facto,9845.76,169.9,78.0,Neutro,28/08/1975,20/09/2025,3,Não,Dados confirmados
2558,Feminino,34,Sofala,Secundária,Viúvo,7915.5,164.4,58.2,Satisfeito,11/11/1990,01/12/2025,7,Não,Sem observações
2559,Masculino,34,Zambézia,Secundária,União de facto,25871.78,164.1,57.2,Muito insatisfeito,22/06/1990,11/05/2025,2,Sim,Entrevista concluída
2560,Masculino,23,Sofala,Secundária,União de facto,13575.98,165.7,80.2,Neutro,09/01/2001,15/06/2025,3,Não,Sem observações
2561,Masculino,30,Tete,Secundária,União de facto,30883.64,167.7,63.5,Insatisfeito,09/09/1994,24/10/2025,5,Não,Sem observações
2562,Feminino,35,Inhambane,Primária,Divorciado,26658.15,143.5,65.6,Muito Satisfeito,25/05/1989,22/10/2025,0,Sim,Entrevista concluída
2563,Feminino,37,Nampula,Primária,União de facto,41634.05,,62.9,Neutro,25/05/1987,03/12/2025,1,Não,Contacto posterior
2564,Feminino,18,Nampula,Secundária,Divorciado,22003.39,168.5,77.3,Muito satisfeito,27/01/2006,28/05/2025,2,Não,Entrevista concluída
2565,Masculino,22,Cabo Delgado,Licenciatura,Divorciado,23327.25,165.9,86.6,Muito insatisfeito,01/08/2002,03/05/2025,5,Não,Contacto posterior
2566,Feminino,48,Inhambane,Secundária,Solteiro,14694.66,169.9,58.5,Neutro,05/08/1976,09/05/2025,2,Não,Entrevista concluída
2567,Feminino,18,Nampula,Licenciatura,Solteiro,7965.19,158.6,50.7,Neutro,02/11/2006,09/09/2025,0,Não,Contacto posterior
2568,Feminino,29,Niassa,Primária,Casado,26886.65,182.0,400,Muito insatisfeito,04/12/1995,24/06/2025,2,Não,Dados confirmados
2569,Feminino,50,Manica,Primária,Casado,20404.0,178.4,87.2,Muito satisfeito,01/10/1974,27/04/2025,1,Não,Dados confirmados
2570,Masculino,32,Cabo Delgado,Primária,Viúvo,31954.12,195.9,91.0,Muito insatisfeito,06/05/1992,25/10/2025,4,Não,Empregado em tempo inteiro
2571,Masculino,18,Maputo,Primária,Viúvo,27366.23,164.8,60.3,Insatisfeito,07/06/2006,24/09/2025,4,Não,Dados confirmados
2572,Feminino,28,Maputo,Técnica,Solteiro,13185.41,164.0,73.4,Muito satisfeito,26/12/1996,20/04/2025,1,Sim,Necessita revisão
2573,Feminino,35,Sofala,Secundária,Divorciado,15 000,178.1,89.7,Satisfeito,15/03/1989,27/04/2025,4,Sim,Necessita revisão
2574,Feminino,28,Maputo,Primária,Solteiro,25329.62,167.3,71.1,Muito insatisfeito,06/03/1996,24/02/2025,1,Não,Sem observações
2575,Feminino,18,Inhambane,Licenciatura,Divorciado,23468.44,160.4,55.3,Neutro,25/01/2006,26/04/2025,0,Sim,Necessita revisão
2576,Feminino,42,Manica,Nenhuma,Solteiro,24023.58,152.3,64.9,Muito insatisfeito,17/06/1982,15/11/2025,1,Sim,Dados confirmados
2577,Feminino,41,Maputo,Primária,Solteiro,18359.94,162.4,46.5,Neutro,07/01/1983,17/06/2025,2,Não,Sem observações
2578,Feminino,50,Inhambane,Mestrado,União de facto,12062.91,171.2,62.4,Insatisfeito,22/01/1974,10/04/2025,3,Sim,Sem observações
2579,Feminino,25,Maputo,Primária,Solteiro,16083.39,172.6,74.1,Neutro,15/02/1999,14/07/2025,2,Não,Sem observações
2580,Masculino,23,Nampula,Secundária,Divorciado,11712.4,163.6,62.9,Insatisfeito,31/12/2001,07/12/2025,0,Não,Sem observações 
2581,Masculino,18,Cabo Delgado,Técnica,União de facto,26118.63,157.9,58.9,Neutro,2006-11-11,07/04/2025,3,Não,Entrevista concluída
2582,Feminino,18,Tete,Licenciatura,Divorciado,8122.64,171.5,65.6,Neutro,08/05/2006,07/07/2025,1,Sim,Necessita revisão
2583,Masculino,46,Manica,Primária,Solteiro,60742.29,151.8,66.8,Muito insatisfeito,03/06/1978,21/04/2025,1,Sim,Necessita revisão
2584,Feminino,45,Inhambane,Licenciatura,Divorciado,16250.97,165.1,49.4,Muito insatisfeito,03/07/1979,05/09/2025,0,Não,Sem observações
2585,Masculino,31,Niassa,Licenciatura,Divorciado,20356.82,164.8,82.5,Neutro,23/01/1993,27/06/2025,5,Não,Necessita revisão
2586,Feminino,22,Gaza,Mestrado,União de facto,23126.01,155.3,90.5,Muito insatisfeito,21/09/2002,13/09/2025,3,Não,Necessita revisão
2587,Feminino,18,Tete,Nenhuma,Solteiro,19251.19,163.3,63.7,Satisfeito,13/06/2006,20/08/2025,1,Não,Dados confirmados
2588,Masculino,32,Zambézia,Mestrado,Viúvo,22902.34,154.8,64.3,Muito satisfeito,13/04/1992,26/12/2025,2,Sim,Entrevista concluída
2589,Feminino,37,Maputo,Licenciatura,Viúvo,23040.51,152.2,52.0,Neutro,21/06/1987,03/03/2025,1,Sim,Contacto posterior
2590,Masculino,22,Tete,Licenciatura,Viúvo,21695.23,141.6,60.4,Muito insatisfeito,20/02/2002,26/05/2025,1,Não,Sem observações
2580,Feminino,21,Nampula,Licenciatura,União de facto,22566.76,155.9,68.4,Insatisfeito,13/11/2003,09/02/2025,3,Não,Dados confirmados
2592,Feminino,36,Maputo,Licenciatura,União de facto,15743.47,163.8,75.1,Insatisfeito,02/12/1988,21/06/2025,1,Não,Sem observações
2593,Masculino,44,Tete,Licenciatura,Divorciado,23717.58,161.5,84.2,Satisfeito,31/07/1980,13/03/2025,2,Não,Entrevista concluída
2594,Feminino,29,Cabo Delgado,Nenhuma,Casado,14325.19,159.5,72.0,Muito insatisfeito,13/11/1995,15/02/2025,2,Não,Entrevista concluída
2595,Masculino,44,Sofala,Técnica,Divorciado,,163.7,66.2,6,03/03/1980,17/01/2025,1,Não,Contacto posterior
2596,Masculino,29,Maputo,Nenhuma,Viúvo,9401.45,174.7,49.7,Muito satisfeito,13/06/1995,01/01/2026,3,Sim,Necessita revisão
2597,Feminino,42,Cabo Delgado,Técnica,União de facto,15226.6,165.9,68.7,Neutro,22/06/1982,03/04/2025,1,SIM,Necessita revisão
2598,Feminino,28,Gaza,Primária,Divorciado,5011.2,164.3,60.3,Muito insatisfeito,23/04/1996,02/01/2025,0,Não,Necessita revisão
2599,Masculino ,38,Zambézia,Licenciatura,Divorciado,56128.22,164.1,72.5,Muito satisfeito,09/03/1986,20/01/2025,3,Não,Sem observações
2600,Masculino,18,Zambézia,Mestrado,Casado,11466.82,160.4,71.6,Muito satisfeito,07/07/2006,13/02/2025,0,Sim,Entrevista concluída
2601,Masculino,23,Cabo Delgado,Técnica,Solteiro,44023.9,154.6,47.4,Muito insatisfeito,17/11/2001,23/06/2025,1,Não,Contacto posterior
2602,Masculino,43,Maputo,Primária,Casado,39272.22,171.8,71.1,Satisfeito,27/12/1981,06/05/2025,2,Não,Contacto posterior
2603,Masculino,27,Sofala,Técnica,Divorciado,18217.62,180.6,40.3,Satisfeito,01/11/1997,07/05/2025,2,Não,Entrevista concluída
2604,Feminino,40,Zambézia,Técnica,Solteiro,45818.05,162.3,77.0,Muito insatisfeito,07/07/1984,19/12/2025,0,Não,Sem observações
2605,Masculino,22,Zambézia,Mestrado,Divorciado,43766.58,178.8,71.2,Neutro,12/04/2002,04/10/2025,4,Não,Sem observações
2606,Masculino,20,Niassa,Primária,Divorciado,46853.95,163.9,59.7,Neutro,28/02/2004,17/03/2025,1,Não,Necessita revisão
2607,Feminino,31,Tete,Secundária,União de facto,10116.08,173.2,81.2,Insatisfeito,03/07/1993,21/04/2025,2,Não,Necessita revisão
2608,Feminino,27,Maputo,Mestrado,Divorciado,6809.46,173.5,43.7,Muito satisfeito,08/03/1997,13/04/2025,5,Sim,Sem observações
2609,Feminino,45,Cabo Delgado,Mestrado,Divorciado,22622.7,162.7,79.9,Insatisfeito,21/09/1979,09/07/2025,1,Não,Contacto posterior
2610,Masculino,30,Gaza,Licenciatura,Viúvo,12049.19,161.3,68.3,Insatisfeito,26/05/1994,13/01/2025,2,Sim,Sem observações
2611,Feminino,32,Niassa,Primária,Divorciado,16504.37,173.8,82.3,Satisfeito,10/06/1992,09/02/2025,1,Não,Dados confirmados
2612,Masculino,35,Niassa,Técnica,União de facto,52908.61,155.0,87.3,Insatisfeito,27/07/1989,31/10/2025,2,Não,Entrevista concluída
2613,Masculino,46,Cabo Delgado,LIC,Divorciado,12601.8,153.9,54.2,Muito insatisfeito,11/06/1978,04/09/2025,1,Não,Entrevista concluída
2614,Feminino,26,Tete,Secundária,Divorciado,19275.74,164.3,64.0,Satisfeito,05/10/1998,02/03/2025,4,Não,Contacto posterior
2615,Feminino,43,Tete,Licenciatura,Casado,13435.66,161.5,78.2,Satisfeito,30/12/1981,18/01/2025,4,Sim,Dados confirmados
2616,Masculino,27,Inhambane,Secundária,Viúvo,33296.08,175.5,73.8,Muito satisfeito,15/05/1997,15/02/2025,4,Não,Sem observações
2617,Masculino,19,Nampula,Primária,Viúvo,19537.12,166.5,78.9,Muito insatisfeito,26/07/2005,27/07/2025,4,Sim,Dados confirmados
2618,Feminino,44,Gaza,Técnica,Viúvo,21422.02,178.6,76.7,Muito satisfeito,17/05/1980,01/02/2025,0,Sim,Dados confirmados
2619,Masculino,32,Inhambane,Nenhuma,Casado,10325.4,250,57.9,Muito satisfeito,20/08/1992,08/03/2025,4,Não,Contacto posterior
2620,Masculino,37,Cabo Delgado,Licenciatura,Solteiro,0,173.4,100.2,Muito insatisfeito,06/04/1987,29/05/2025,1,Sim,Entrevista concluída
2621,Masculino,18,Sofala,Primária,Viúvo,48335.98,172.2,79.0,Insatisfeito,17/09/2006,01/07/2025,2,Sim,Sem observações
2622,Masculino,31,Inhambane,Mestrado,Solteiro,24201.63,167.0,95.9,Neutro,01/05/1993,09/12/2025,4,Sim,Contacto posterior
2623,Masculino,43,Inhambane,Técnica,Divorciado,31042.72,162.9,75.7,MS,27/03/1981,02/08/2025,0,Sim,Sem observações 
2624,Feminino,41,Cabo Delgado,Primária,Solteiro,14429.36,154.9,77.8,Satisfeito,12/07/1983,07/07/2025,4,Não,Contacto posterior
2625,Masculino,31,Gaza,Nenhuma,Solteiro,36227.16,153.7,53.1,Muito satisfeito,29/01/1993,20/08/2025,4,Não,Entrevista concluída
2626,Masculino,18,Cabo Delgado,Licenciatura,Divorciado,30828.94,147.9,60.7,Neutro,22/04/2006,05/01/2025,20,Não,Entrevista concluída
2627,Masculino,48,Nampula,Secundária,Divorciado,10485.86,175.6,44.1,Muito satisfeito,03/12/1976,11/03/2025,1,Não,Sem observações
2628,Feminino,36,Maputo,Licenciatura,Casado ,27717.21,154.6,73.6,Muito insatisfeito,12/01/1988,12/12/2025,1,Sim,Dados confirmados
2629,Feminino,29,Cabo Delgado,Secundária,Divorciado,6872.46,167.1,89.9,Insatisfeito,08/11/1995,20/09/2025,5,Não,Contacto posterior
2630,Masculino,38,Sofala,,Viúvo,26441.45,161.6,60.8,Muito insatisfeito,22/04/1986,27/06/2025,0,Não,Entrevista concluída
2631,Feminino,18,Gaza,Secundária,Divorciado,36268.77,157.2,56.2,Neutro,05/01/2006,13/09/2025,2,Não,Dados confirmados
2632,Feminino,36,Cabo Delgado,Secundária,Divorciado,19465.82,180.8,63.3,Neutro,18/07/1988,05/06/2025,0,Não,Dados confirmados
2633,Masculino,43,Zambézia,Secundária,Viúvo,9157.78,152.4,90.8,Neutro,24/05/1981,11/05/2025,0,Sim,Entrevista concluída
2634,Masculino,42,Sofala,Licenciatura,Viúvo,9063.69,167.2,74.9,Neutro,09/07/1982,11/10/2025,1,Sim,Dados confirmados
2635,Feminino,33,Namp.,Técnica,Viúvo,8231.4,136.8,67.2,Insatisfeito,09/08/1991,16/11/2025,2,Sim,Contacto posterior
2636,Masculino,26,Manica,Primária,União de facto,30723.91,157.8,89.8,Neutro,01/12/1998,01/02/2025,2,Sim,Contacto posterior
2637,Masculino,19,Gaza,Secundária,Solteiro,38002.15,176.2,70.5,Neutro,04/07/2005,27/07/2025,,Não,Necessita revisão
2638,Masculino,22,Sofala,Licenciatura,Casado,20918.8,156.3,56.9,Insatisfeito,01/07/2002,23/02/2025,2,Sim,Sem observações
2639,Masculino,33,Nampula,Primária,Casado,11030.79,159.9,90.2,Satisfeito,21/09/1991,26/08/2025,0,Sim,Contacto posterior
2640,Feminino,20,Manica,Licenciatura,União de facto,24076.25,166.0,74.1,Muito satisfeito,18/05/2004,28/07/2025,2,Sim,Sem observações
2641,Masculino,40,Zambézia,Primária,Divorciado,192340.99,"163,4",65.5,Muito insatisfeito,01/01/1985,03/05/2025,0,Não,Necessita revisão
2642,Feminino,22,Maputo,Primária,Divorciado,35196.69,168.0,64.6,Insatisfeito,04/03/2002,27/10/2025,1,Não,Dados confirmados
2643,Feminino,32,Niassa,Licenciatura,Casado,27737.32,168.7,68.3,Satisfeito,07/01/1992,07/02/2025,1,Sim,Necessita revisão
2644,Masculino,19,Gaza,Primária,União de facto,40375.91,177.9,68.6,Muito satisfeito,20/01/2005,26/08/2025,3,Não,Entrevista concluída
2645,Feminino,19,Nampula,Mestrado,Divorciado,37936.2,172.2,64.9,Insatisfeito,29/08/2005,25/02/2025,2,Não,Sem observações
2646,Feminino,28,Sofala,Primária,Viúvo,24730.83,164.9,80.9,Satisfeito,04/09/1996,12/09/2025,3,Sim,Necessita revisão
2647,Masculino,19,Manica,Mestrado,Divorciado,43604.31,175.2,71.9,Neutro,22/09/2005,16/01/2025,1,Sim,Contacto posterior
2648,Feminino,41,Gaza,Secundária,União de facto,25130.95,151.8,65.3,Neutro,26/07/1983,01/12/2025,1,Sim,Contacto posterior
2649,Masculino,24,Cabo Delgado,Nenhuma,União de facto,9196.92,155.2,74.3,Insatisfeito,24/09/2000,30/05/2025,4,Não,Entrevista concluída
2650,Feminino,27,Sofala,Nenhuma,Solteiro,10185.18,169.0,83.2,Satisfeito,30/12/1997,30/08/2025,1,sim,Sem observações
2651,Masculino,29,Niassa,Mestrado,Solteiro,28219.88,160.6,46.8,Insatisfeito,23/09/1995,16/04/2025,1,,Sem observações
2652,Masculino,32,Gaza,Licenciatura,União de facto,10321.51,168.5,82.5,Satisfeito,07/02/1992,28/04/2025,5,Sim,Sem observações
2653,Feminino,49,Maputo,Primária,Solteiro,20058.05,144.5,83.0,Neutro,20/11/1975,29/01/2025,0,Não,Contacto posterior
2654,Feminino,18,Gaza,Secundária,Casado,17250.04,166.5,55.2,Insatisfeito,30/09/2006,11/09/2025,1,Não,Entrevista concluída
2655,Feminino,40,Sofala,Primária,Divorciado,76446.57,174.3,68.3,Insatisfeito,26/01/1984,30/11/2025,1,Não,Contacto posterior
2656,Masculino,31,Manica,Secundária,União de facto,15000 MZN,167.4,54.5,Muito satisfeito,19/09/1993,07/03/2025,2,Sim,Contacto posterior
2657,Feminino,39,Nampula,Técnica,Divorciado,41335.86,170.2,70.0,Muito satisfeito,06/06/1985,06/06/2025,2,Não,Entrevista concluída
2658,Feminino,34,Nampula,Licenciatura,Casado,20797.27,172.8,60.0,Muito satisfeito,13/02/1990,18/04/2025,3,Não,Necessita revisão
2659,Feminino,25,Tete,Secundária,Viúvo,6555.6,167.7,70.3,Muito satisfeito,04/08/1999,16/01/2025,4,Não,Contacto posterior
2660,Feminino,18,Tete,Licenciatura,Divorciado,11411.84,168.1,56.9,Muito insatisfeito,02/11/2006,27/10/2025,3,Não,Necessita revisão
2661,Masculino,33,Tete,Licenciatura,Solteiro,7339.26,165.9,74.5,Insatisfeito,26/09/1991,26/02/2025,4,Sim,Entrevista concluída
2662,Feminino,38,Gaza,Mestrado,Solteiro,5073.56,162.1,63.1,Insatisfeito,18/09/1986,24/07/2025,4,Não,Entrevista concluída
2663,Feminino,18,Cabo Delgado,Licenciatura,Viúvo,18833.12,159.4,55.8,Muito satisfeito,16/08/2006,02/08/2025,4,Sim,Dados confirmados
2664,Masculino,40,Manica,Licenciatura,Solteiro,17261.38,170.3,79.1,Satisfeito,15/10/1984,31/10/2025,2,Não,Dados confirmados
2665,Feminino,44,Gaza,Secundária,Casado,3814.65,153.8,81.1,Muito satisfeito,27/01/1980,18/03/2025,3,Não,Dados confirmados
2666,Feminino,39,Inhambane,Licenciatura,Divorciado,15419.71,164.2,62.4,Insatisfeito,26/11/1985,22/06/2025,0,Sim,SEM OBSERVAÇÕES
2667,Feminino,33,Cabo Delgado,Licenciatura,Divorciado,24516.66,174.4,70.4,Neutro,03/01/1992,24/01/2025,2,Sim,erro
2668,Feminino,19,Niassa,Secundária,Casado,7968.94,161.3,80.7,Satisfeito,06/03/2005,16/08/2025,1,Sim,Entrevista concluída
2669,Feminino,19,Cabo Delgado,Desconhecido,União de facto,22511.16,150.3,71.5,Muito satisfeito,12/12/2005,22/08/2025,5,Não,Dados confirmados
2670,Masculino,44,Sofala,Técnica,Viúvo,39750.01,172.1,62.6,Muito satisfeito,1980-11-01,01/05/2025,4,Sim,Sem observações
2671,Feminino,39,Gaza,Licenciatura,Solteiro,35155.61,159.1,81.7,Muito satisfeito,26/07/1985,12/12/2025,0,Não,Necessita revisão
2672,Feminino,33,Inhambane,Primária,Divorciado,2301.24,176.4,83.8,Muito insatisfeito,17/09/1991,24/07/2025,3,Sim,Contacto posterior
2673,Masculino,18,Maputo,Técnica,Solteiro,22925.78,154.0,35.0,Muito satisfeito,21/07/2006,15/11/2025,3,Sim,Dados confirmados
2674,Feminino,18,Manica,Nenhuma,Separado,32921.78,168.6,46.3,Neutro,30/11/2006,22/05/2025,3,Sim,Dados confirmados
2675,Masculino,20,Sofala,Licenciatura,Solteiro,33983.4,169.9,5,Neutro,08/12/2004,02/08/2025,2,Não,Necessita revisão
2676,Feminino,41,Nampula,Secundária,Casado,19983.87,163.8,52.7,Neutro,26/06/1983,,1,Sim,Sem observações
2677,Masculino,27,Gaza,Nenhuma,Viúvo,64871.47,164.1,46.7,Neutro,04/09/1997,22/10/2025,0,Não,Sem observações
2678,Masculino,45,Nampula,Secundária,Solteiro,19897.85,168.0,70.4,Muito satisfeito,06/09/1979,04/11/2025,0,Não,Contacto posterior
2679,Masculino,32,Inhambane,Primária,Divorciado,26560.96,158.2,85.4,Neutro,03/02/1992,22/02/2025,2,Não,Contacto posterior
2680,Masculino,52,Maputo,lic,Solteiro,14357.82,152.8,49.7,Satisfeito,20/02/1972,01/09/2025,0,Não,Sem observações
2681,Feminino,18,Manica,Secundária,Divorciado,43279.23,149.1,64.2,Muito satisfeito,15/06/2006,10/04/2025,2,Sim,Necessita revisão
2682,Masculino,0,Zambézia,Licenciatura,União de facto,24077.83,149.3,69.8 kg,Neutro,17/03/1983,04/03/2025,2,Não,Dados confirmados
2683,Feminino,61,Tete,Técnica,Viúvo,14255.52,149.8,70.3,Satisfeito,10/11/1963,25/01/2025,2,Não,Necessita revisão
2684,Masculino,34,Inhambane,Mestrado,Divorciado,7172.63,152.4,71.4,Muito Satisfeito,28/03/1990,24/01/2025,1,Sim,Dados confirmados
2685,Feminino,31,Gaza,Técnica,Divorciado,11404.18,165.6,72.4,Neutro,15/08/1993,09/12/2025,2,Unknown,Sem observações
2686,Masculino,33,Inhambane,Técnica,União de facto,10783.03,172.9,73.9,Muito satisfeito,30/03/1991,26/11/2025,1,Não,Entrevista concluída
2687,Masculino,29,Cabo Delgado,Secundária,Solteiro,17571.02,165.5,71.9,Muito insatisfeito,16/06/1995,10/11/2025,3,Sim,Entrevista concluída
2688,Masculino,48,Manica,Secundária,Casado,15942.18,186.2,69.1,Muito insatisfeito,11/12/1976,16/02/2025,1,Não,Sem observações
2689,Feminino,47,Tete,Licenciatura,Solteiro,12527.14,163.6,65.8,Muito satisfeito,29/12/1977,15/12/2025,1,Não,Necessita revisão
2690,Feminino,24,Manica,Licenciatura,Viúvo,26357.0,151.0,63.1,Muito satisfeito,25/12/2000,14/12/2025,3,Não,Contacto posterior
2691,Feminino,57,Tete,Primária,Solteiro,40987.19,168.8,77.2,Insatisfeito,03/06/1967,10/11/2025,1,Não,Dados confirmados
2692,Feminino,50,Tete,Secundária,União de facto,7731.99,163.6,73.1,Neutro,14/12/1974,15/09/2025,2,Sim,Entrevista concluída
2693,Masculino,41,Gaza,Nenhuma,Divorciado,16887.69,182.5,61.0,Muito satisfeito,02/01/1984,24/10/2025,0,Não,Entrevista concluída
2694,Feminino,43,Nampula,Secundária,Casado,10250.18,177.5,78.2,Muito insatisfeito,20/06/1981,03/04/2025,3,Sim,Sem observações
2695,Feminino,27,Zambézia,Primária,Solteiro,12878.55,182.9,63.1,Neutro,05/06/1997,12/04/2025,2,Sim,Sem observações
2696,Feminino,34,Gaza,Mestrado,Divorciado,14853.84,167.3,62.5,Insatisfeito,24/10/1990,20/06/2025,3,Sim,Sem observações
2697,Masculino,26,Cabo Delgado,Primária,Casado,13775.86,162.0,71.4,Muito insatisfeito,13/10/1998,13/01/2025,1,Sim,Dados confirmados
2698,Feminino,18,Inhambane,Licenciatura,Solteiro,17888.58,159.5,68.6,Neutro,01/08/2006,01/06/2025,8,Sim,Sem observações
2699,Masculino,41,Manica,Técnica,Solteiro,5610.88,166.9,87.2,Satisfeito,04/05/1983,27/08/2025,2,Não,Entrevista concluída
2700,Masculino,22,Gaza,Licenciatura,União de facto,15026.9,156.3,58.7,Insatisfeito,04/06/2002,14/08/2025,6,Sim,Sem observações
2701,Masculino,42,Nampula,Licenciatura,Casado ,23858.75,146.6,61.0,Muito insatisfeito,15/06/1982,17/01/2025,3,Sim,Contacto posterior
2702,Masculino,52,Manica,Mestrado,Divorciado,11594.87,166.8,57.9,Satisfeito,26/06/1972,24/06/2025,2,Não,Entrevista concluída
2703,Masculino,18,Cabo Delgado,Licenciatura,Viúvo,17506.79,176.4,53.0,Neutro,23/05/2006,23/03/2025,2,S,Necessita revisão
2704,Masculino,37,Inhambane,Primária,Solteiro,14263.98,183.5,86.7,Muito satisfeito,04/11/1987,09/08/2025,1,Não,Entrevista concluída
2705,Masculino,18,Niassa,Primária,União de facto,30136.24,168.4,72.1,Insatisfeito,26/10/2006,27/12/2025,2,Sim,Dados confirmados
2706,Masculino,47,Nampula,Secundária,Viúvo,13900.86,169.7,67.3,Neutro,09/10/1977,29/01/2025,3,Não,Sem observações
2707,Feminino,18,Tete,Secundária,União de facto,9315.12,172.8,71.8,Satisfeito,16/04/2006,11/01/2025,3,Sim,Sem observações
2708,Masculino,27,Maputo,Mestrado,União de facto,27721.68,169.9,67.3,Insatisfeito,14/10/1997,05/01/2025,3,Sim,Sem observações
2709,Feminino,27,Manica,Licenciatura,Solteiro,9436.88,165.2,91.0,Insatisfeito,11/11/1997,17/10/2025,2,Sim,SEM OBSERVAÇÕES
2710,X,20,Maputo,Secundária,Viúvo,25687.19,156.7,51.1,,12/04/2004,07/03/2025,2,Não,Sem observações
2711,Feminino,29,Maputo,Licenciatura,Viúvo,23912.98,156.3,66.9,Insatisfeito,27/12/1995,09/10/2025,1,Sim,Sem observações
2712,fem,42,Manica,Licenciatura,Casado,13201.15,148.0,81.8,Muito insatisfeito,25/04/1982,13/07/2025,2,Não,Sem observações
2713,Feminino,52,Gaza,Técnica,União de facto,11455.42,184.3,81.3,Muito insatisfeito,01/11/1972,14/04/2025,2,Sim,Dados confirmados
2714,Masculino,32,Zambézia,Secundária,Casado,42459.83,178.5,65.0,Muito insatisfeito,19/08/1992,10/09/2025,0,Não,Contacto posterior
2715,,41,Sofala,Secundária,Solteiro,16095.13,175.1,72.0,Neutro,09/02/1983,01/01/2020,2,Não,Contacto posterior
2716,Feminino,18,Manica,Licenciatura,Solteiro,29527.57,-10,70.7,Muito satisfeito,15/12/2006,04/06/2025,2,Sim,Contacto posterior
2717,Feminino,34,Sofala,Secundária,Solteiro,23283.75,157.3,60.0,Muito satisfeito,28/07/1990,10/04/2025,3,Sim,Contacto posterior
2718,Masculino,25,Gaza,Licenciatura,Divorciado,6257.73,156.0,73.4,Insatisfeito,23/05/1999,29/07/2025,2,Não,Dados confirmados
2719,Feminino,36,Inhambane,Técnica,Viúvo,27367.59,153.4,50.3,Neutro,15/08/1988,09/05/2025,2,Não,Sem observações
2720,Masculino,26,Niassa,Primária,Viúvo,16422.31,173.8,66.7,Neutro,06/07/1998,11/02/2025,3,Não,Necessita revisão
2721,Feminino,36,Sofala,Nenhuma,Solteiro,22629.08,168.2,78.8,Insatisfeito,25/09/1988,18/08/2025,1,Sim,Necessita revisão
2722,Masculino,40,Manica,Secundária,Divorciado,49099.98,163.1,49.4,Muito satisfeito,12/06/1984,23/05/2025,4,Sim,Necessita revisão
2723,Feminino,21,Quelimane,Licenciatura,Solteiro,26875.73,161.3,86.5,Insatisfeito,19/01/2003,14/03/2025,4,Sim,Dados confirmados
2724,Feminino,29,Inhambane,Primária,União de facto,6863.33,164.0,80.1,Satisfeito,04/09/1995,12/08/2025,1,Não,Dados confirmados
2725,Masculino,29,Zambézia,Nenhuma,Viúvo,20736.89,167.3,81.6,Muito insatisfeito,10/12/1995,19/09/2025,2,Não,Contacto posterior
2726,Feminino,18,Cabo Delgado,Secundária,Viúvo,27627.13,167.8,52.4,Satisfeito,11/11/2006,23/07/2025,0,Não,Sem observações
2727,Masculino,42,Sofala,Primária,União de facto,13617.38,165.1,48.5,Muito satisfeito,17/02/1982,01/01/2026,20,Sim,Necessita revisão
2728,Masculino,23,Manica,Primária,Casado,12365.73,162.6,73.6,Muito insatisfeito,19/09/2001,05/10/2025,2,Não,Sem observações
2729,Feminino,54,Nampula,Secundária,Divorciado,4362.19,162.9,93.9,Muito satisfeito,23/02/1970,26/05/2025,3,Sim,Necessita revisão
2730,Feminino,18,Inhambane,Primária,Divorciado,53296.34,173.8,62.0,Muito insatisfeito,01/05/2006,08/05/2025,2,Não,Sem observações
2731,Masculino,46,Cabo Delgado,Mestrado,Divorciado,11658.93,151.4,73.0,Muito satisfeito,28/04/1978,18/04/2025,2,Sim,Contacto posterior
2732,Feminino,43,Gaza,Primária,Casado,11266.86,151.3,96.5,Muito satisfeito,20/02/1981,24/08/2025,0,Sim,Sem observações
2733,Masculino,44,Niassa,Primária,Solteiro,37742.72,154.0,82.3,Muito insatisfeito,02/02/1980,18/09/2025,3,Sim,Contacto posterior
2734,Feminino,20,Tete,Secundária,Casado,17016.37,165.0,78.6,Muito insatisfeito,18/07/2004,07/06/2025,3,Não,Sem observações
2735,Masculino,33,Cabo Delgado,Nenhuma,Viúvo,8006.56,155.5,84.2,Satisfeito,08/09/1991,12/03/2025,0,Sim,Sem observações
2736,Feminino,24,Niassa,Técnica,Solteiro,9548.86,153.2,66.3,Muito satisfeito,08/01/2000,04/02/2025,2,Sim,Contacto posterior
2737,Feminino,27,Sofala,Licenciatura,União de facto,25539.29,175.1,66.2,Muito satisfeito,06/08/1997,16/08/2025,2,Não,Sem observações
2738,Masculino,19,Inhambane,Secundária,Casado,22403.66,153.4,56.5,Neutro,26/03/2005,09/12/2025,1,Sim,Entrevista concluída
2739,Feminino,39,Manica,Licenciatura,Casado,"15,000",164.8,73.5,Muito satisfeito,09/12/1985,20/08/2025,1,Sim,Contacto posterior
2740,Feminino,35,Nampula,Secundária,Solteiro,10747.53,163.4,60.6,Muito satisfeito,03/12/1989,06/07/2025,3,Sim,Contacto posterior
2741,Masculino,25,Zambézia,Primária,Viúvo,26834.61,149.3,79.2,Muito satisfeito,23/02/1999,15/09/2025,2,Sim,Entrevista concluída
2742,Feminino,31,Gaza,Primária,Divorciado,11814.81,165.9,81.6,Muito satisfeito,02/09/1993,27/12/2025,3,Não,Contacto posterior
2743,Feminino,18,,Secundária,Viúvo,30220.21,159.3,90.3,Muito satisfeito,31/02/1990,17/04/2025,1,Não,Entrevista concluída
2744,Masculino,36,Sofala,Secundária,Divorciado,15825.27,144.7,63.1,Muito insatisfeito,31/10/1988,10/02/2025,0,Não,Contacto posterior
2745,Feminino,24,Niassa,Licenciatura,Viúvo,11173.49,163.2,55.6,SATISFEITO,13/12/2000,25/05/2025,1,Não,Entrevista concluída
2746,Feminino,27,Maputo,Técnica,Casado,27906.54,176.5,71.1,Insatisfeito,12/07/1997,19/09/2025,4,Não,Sem observações
2747,Masculino,38,Zambézia,secundaria,Viúvo,21222.27,170.0,46.1,Satisfeito,10/12/1986,26/09/2025,2,Sim,Contacto posterior
2748,Masculino,,Tete,Primária,Solteiro,6323.62,178.0,92.8,Muito insatisfeito,23/07/1978,30/08/2025,2,Sim,Necessita revisão
2749,Masculino,45,Inhambane,Secundária,Casado,3423.65,150.3,71.8,Neutro,08/01/1979,29/12/2025,0,Sim,Entrevista concluída
2750,Feminino,33,Manica,Primária,União de facto,31412.28,135.6,63.4,Neutro,24/05/1991,15/03/2025,6,Sim,Necessita revisão
2751,Feminino,55,Inhambane,Licenciatura,Divorciado,-500,164.1,67.9,Muito insatisfeito,24/02/1969,23/01/2025,2,Sim,Necessita revisão
2752,Feminino,25,Manica,Licenciatura,União de facto,4916.34,174.0,66.0,Neutro,27/10/1999,01/07/2025,5,Sim,Sem observações 
2753,Masculino,27,Inhambane,Licenciatura,União de facto,20492.15,156.8,55.3,Neutro,03/08/1997,15/10/2025,3,Não,Entrevista concluída
2754,Masculino,30,Gaza,Técnica,Divorciado,34147.62,178.1,89.5,Insatisfeito,29/06/1994,22/10/2025,3,Sim,Necessita revisão
2755,Masculino,58,Maputo,Licenciatura,Divorciado,14619.69,165.0,73.0,Muito insatisfeito,13/02/1966,20/04/2025,3,Sim,Entrevista concluída
2756,Feminino,18,Niassa,Secundária,União de facto,19471.06,170.2,85.0,Insatisfeito,14/07/2006,17/03/2025,3,S,Entrevista concluída
2757,Masculino,18,Zambézia,Nenhuma,Viúvo,26316.44,157.3,63.0,Neutro,17/08/2006,21/04/2025,2,Não,Contacto posterior
2758,Masculino,18,Nampula,Secundária,Divorciado,17643.67,174.6,68.0,Muito satisfeito,12/03/2006,28/06/2025,1,Sim,Sem observações
2759,Feminino,32,Zambézia,Secundária,Casado,17892.98,154.2,59.5,Satisfeito,1992-12-01,01/06/2025,3,Sim,Contacto posterior
2760,Masculino,23,Maputo,Primária,Casado,9962.1,164.1,50.6,Muito satisfeito,27/10/2001,03/07/2025,1,Não,Necessita revisão
2761,Masculino,35,Niassa,Secundária,Solteiro,9801.97,162.1,,Muito satisfeito,14/09/1989,09/10/2025,1,Não,Contacto posterior
2762,Feminino,25,Zambézia,Nenhuma,Solteiro,19673.22,185.1,87.2,Muito satisfeito,24/02/1999,12/09/2025,1,Sim,Dados confirmados
2763,Masculino,18,Cabo Delgado,Licenciatura,,17326.95,161.9,43.7,Neutro,17/09/2006,22/01/2025,2,Não,Contacto posterior
2764,Masculino,37,Nampula,Secundária,Viúvo,20216.24,181.4,67.5,Muito satisfeito,15/07/1987,31/12/2025,1,Não,Contacto posterior
2765,Feminino,20,Tete,Secundária,Solteiro,11363.26,170.8,76.6,Muito insatisfeito,07/05/2004,16/04/2025,4,Sim,Contacto posterior
2766,Feminino,75,Inhambane,Secundária,União de facto,18562.68,167.6,62.2,Neutro,04/09/1949,09/02/2025,2,Não,Entrevista concluída
2767,Feminino,43,Zambézia,Primária,Casado,39189.33,180.4,49.9,Muito satisfeito,01/12/1981,12/12/2025,3,Sim,Sem observações
2768,Masculino,34,Maputo,Secundária,Divorciado,,171.2,61.7,Não sabe,22/09/1990,09/03/2025,0,Sim,Dados confirmados
2769,Masculino,36,Niassa,Secundária,União de facto,10516.12,158.0,57.4,Insatisfeito,17/01/1988,10/23/2025,1,Não,Entrevista concluída
2770,Feminino,43,Gaza,Secundária,Viúvo,12975.16,155.5,59.6,Satisfeito,06/07/1981,19/11/2025,3,Não,Entrevista concluída
2771,Masculino,35,Tete,Técnica,Divorciado,12295.29,148.1,53.2,Insatisfeito,07/08/1989,12/11/2025,2,Não,Necessita revisão
2772,Masculino,19,Tete,Técnica,Solteiro,14309.42,163.1,38.0,Neutro,02/01/2006,25/04/2025,2,Sim,Necessita revisão
2773,Feminino,38,Zambézia,Licenciatura,União de facto,13790.71,183.5,53.7,Muito insatisfeito,21/03/1986,19/12/2025,0,Sim,Dados confirmados
2774,Masculino,20,Zambézia,Primária,União-de-facto,28200.44,152.4,64.1,Neutro,09/04/2004,16/01/2025,1,Não,Sem observações
2775,Masculino,43,Maputo,Secundária,Solteiro,20826.8,182.0,60.1,Insatisfeito,25/08/1981,23/10/2025,1,Sim,Entrevista concluída
2776,Masculino,23,Sofala,Licenciatura,Viúvo,12222.22,170.0,58.8,Neutro,30/08/2001,16/06/2025,2,Não,Contacto posterior
2777,Masculino,35,Zambézia,Primária,União de facto,11989.31,162.4,65.6,Insatisfeito,26/11/1989,16/06/2025,3,Sim,Dados confirmados
2778,Masculino,55,Niassa,Primária,Divorciado,24457.86,161.4,83.7,Muito insatisfeito,07/06/1969,17/10/2025,1,Não,Entrevista concluída
ID-2779,Feminino,36,Niassa,Secundária,Casado,15808.87,167.4,79.9,Muito insatisfeito,02/10/1988,14/08/2025,1,Não,Sem observações
2780,Feminino,29,Manica,Secundária,União de facto,12951.0,"136,6",45.3,Muito satisfeito,02/06/1995,24/04/2025,3,Sim,Necessita revisão
2781,Masculino,33,Manica,Secundária,Casado,28611.25,165.0,60.5,Muito insatisfeito,05/03/1991,16/02/2025,1,Sim,Necessita revisão
2782,Masculino,38,Zambézia,Primária,Viúvo,13164.45,148.0,400,Muito satisfeito,27/05/1986,23/10/2025,2,Não,Dados confirmados
2783,Feminino,38,Inhambane,Secundária,Solteiro,11278.36,153.0,75.7,Muito insatisfeito,07/02/1986,19/06/2025,1,Não,Sem observações
2784,Masculino,22,Zambézia,Secundária,Casado,16178.4,159.1,72.6,Neutro,24/06/2002,26/09/2025,2,Sim,Necessita revisão
2785,Feminino,45,Maputo,Mestrado,Casado,30047.78,169.3,73.1,Muito insatisfeito,10/04/1979,27/01/2025,3,Sim,Necessita revisão
2786,Feminino,34,Zambézia,Secundária,União de facto,13276.69,157.6,58.0,Neutro,10/04/1990,19/02/2025,0,Sim,Contacto posterior
2787,Masculino,27,Niassa,Licenciatura,Divorciado,14944.16,157.4,91.9,Neutro,29/08/1997,25/02/2025,2,Sim,Sem observações
2788,Masculino,44,Nampula,Licenciatura,Viúvo,57430.34,179.1,38.5,Neutro,28/07/1980,20/07/2025,3,Sim,Dados confirmados
2789,Masculino,32,Niassa,Secundária,Casado,23799.02,162.2,61.3,Satisfeito,23/07/1992,02/11/2025,1,Não,Contacto posterior
2790,Feminino,36,Inhambane,Licenciatura,Divorciado,11270.94,163.0,68.5,Satisfeito,06/12/1988,07/07/2025,2,Não,Entrevista concluída
2791,Masculino,43,Niassa,Mestrado,Solteiro,11356.14,167.6,63.7,Neutro,22/09/1981,26/05/2025,3,Sim,Entrevista concluída
2792,Feminino,38,Inhambane,Secundária,União de facto,15609.34,144.8,83.6,Muito satisfeito,21/01/1986,02/04/2025,1,Não,Dados confirmados
2793,Masculino,45,Maputo,Técnica,Divorciado,10040.76,148.3,65.5,Muito insatisfeito,28/04/1979,26/05/2025,2,Sim,Entrevista concluída
2794,Feminino,31,Gaza,Licenciatura,Solteiro,38495.46,156.5,66.7,Satisfeito,17/07/1993,23/07/2025,1,Sim,
2795,Feminino,40,Manica,Primária,Solteiro,12895.42,156.1,58.5,Muito insatisfeito,31/07/1984,20/10/2025,0,Sim,Sem obs.
2796,Masculino,37,Niassa,Secundária,Casado,80312.54,,81.7,Neutro,22/09/1987,21/06/2025,1,Sim,Dados confirmados
2797,Feminino,18,Sofala,Licenciatura,Solteiro,15288.71,155.5,89.5,Satisfeito,04/07/2006,07/01/2025,3,Não,Dados confirmados
2798,Feminino,32,Inhambane,Secundária,Viúvo,25299.6,166.7,54.7,Satisfeito,17/11/1992,17/05/2025,1,Sim,Contacto posterior
2799,Feminino,41,Zambézia,Mestrado,Viúvo,23059.61,179.7,71.9,Muito insatisfeito,01/12/1983,24/02/2025,0,Sim,Contacto posterior
2800,Feminino,49,Inhambane,Técnica,Solteiro,5008.08,162.9,91.8,Insatisfeito,31/07/1975,29/07/2025,4,Sim,Contacto posterior
2971,Masculino,23,Niassa,Licenciatura,Viúvo,40155.68,181.3,80.8,Insatisfeito,06/06/2001,21/09/2025,4,Sim,Sem observações
2802,Feminino,18,Sofala,Licenciatura,Divorciado,16255.21,162.0,66.8,Satisfeito,10/06/2006,03/07/2025,3,Sim,Dados confirmados
2803,Masculino,52,Nampula,Secundária,Viúvo,28038.97,190.4,69.3,Muito insatisfeito,21/08/1972,19/04/2025,2,Sim,Entrevista concluída
2804,Masculino,43,Zambézia,Secundária,Casado,41793.05,181.3,55.1,Insatisfeito,30/10/1981,30/07/2025,0,Não,Entrevista concluída
2805,Masculino,42,Inhambane,Nenhuma,Viúvo,10967.46,173.9,51.3,Neutro,02/08/1982,01/08/2025,3,Não,Necessita revisão
2806,Masculino,35,Nampula,Primária,Casado,51585.13,156.8,62.4,MS,24/07/1989,12/11/2025,5,Não,Entrevista concluída
2807,Masculino,43,Manica,Licenciatura,Casado,9249.96,163.5,65.7,Muito insatisfeito,15-08-1987,14/08/2025,2,Não,Sem observações
2808,Feminino,46,Gaza,Secundária,União de facto,10205.19,155.3,51.2,Muito insatisfeito,30/04/1978,23/02/2025,1,Sim,Dados confirmados
2809,Feminino,18,Nampula,Secundária,Viúvo,9851.78,172.7,71.4,Neutro,27/07/2006,27/07/2025,3,yes,Entrevista concluída
2810,Masculino,33,Maputo,Mestrado,Viúvo,20728.74,165.9,66.3,Insatisfeito,09/04/1991,09/08/2025,4,Não,Entrevista concluída
2811,Masculino,18,Tete,Licenciatura,Casado,11070.41,170.2,80.2,Insatisfeito,03/02/2006,14/03/2025,3,Sim,Dados confirmados
2812,Masculino,35,Tete,Secundária,Solteiro,27720.57,162.6,65.2,Insatisfeito,19/02/1989,29/05/2025,4,Sim,Contacto posterior
2813,Feminino,36,Zambézia,Secundária,Solteiro,29340.61,-10,64.1,Neutro,28/01/1988,23/05/2025,6,Não,Dados confirmados
2814,Feminino,44,Cabo Delgado,LIC,Viúvo,7794.96,160.4,57.9,Muito insatisfeito,11/11/1980,05/01/2025,1,Não,Necessita revisão
2815,Masculino,24,Gaza,Secundária,Divorciado,7006.32,168.2,54.2,Satisfeito,06/04/2000,17/12/2025,0,Sim,Entrevista concluída
2816,Masculino,61,Nampula,Licenciatura,Divorciado,11737.5,158.6,86.8,Muito insatisfeito,05/06/1963,17/11/2025,4,Sim,Contacto posterior
2817,Feminino,18,Niassa,Nenhuma,Casado,26380.12,161.1,65.2,Insatisfeito,04/08/2006,12/10/2025,4,Não,Contacto posterior
2818,Masculino,34,Niassa,Primária,Viúvo,55917.7,162.6,49.3,Satisfeito,11/11/1990,26/03/2025,2,Sim,Necessita revisão
2819,Feminino,27,Maputo,Secundária,Casado,12826.18,152.5,69.4,Neutro,07/03/1997,18/05/2025,2,Sim,Dados confirmados
2820,Masculino,38,Niassa,Licenciatura,União de facto,29135.6,156.7,57.9,Neutro,11/10/1986,31/03/2025,0,Não,Sem observações
2821,Feminino,18,Zambézia,Licenciatura,Solteiro,6910.12,170.1,71.4,Insatisfeito,21/07/2006,26/09/2025,4,Sim,Sem observações
2822,Feminino,45,Inhambane,Nenhuma,Solteiro,15000,159.7,56.4,Insatisfeito,02/06/1979,07/06/2025,0,Não,Dados confirmados
2823,Feminino,37,Tete,Licenciatura,Viúvo,3613.1,154.7,72.8,Muito insatisfeito,28/03/1987,14/01/2025,3,Sim,Contacto posterior
2824,Feminino,29,Manica,Secundária,Divorciado,30077.92,159.4,57.8,Neutro,09/04/1995,18/06/2025,1,Não,Dados confirmados
2825, feminino,22,Sofala,Secundária,Solteiro,14490.96,145.8,45.4,Satisfeito,17/02/2002,18/09/2025,1,Sim,Entrevista concluída
2826,Masculino,22,Zambézia,Desconhecido,Viúvo,3452.17,175.5,101.1,Insatisfeito,23/10/2002,20/03/2025,2,Não,Entrevista concluída
2827,Feminino,26,Zambézia,Técnica,Viúvo,24213.89,165.6,80.9,Muito satisfeito,13/11/1998,17/11/2025,2,Não,Empregado em tempo inteiro
2828,Feminino,40,Tete,Mestrado,União de facto,63976.28,162.0,67.8,Muito insatisfeito,19/12/1984,08/12/2025,20,Não,Necessita revisão
2829,Masculino,38,Nampula,Secundária,Viúvo,6019.63,163.3,89.9,Satisfeito,20/12/1986,10/12/2025,3,Não,Sem observações
2830,Feminino,61,Niassa,Secundária,União de facto,5855.61,165.9,57.7,Muito insatisfeito,15/12/1963,23/12/2025,0,Não,Dados confirmados
2831,Masculino,120,Cabo Delgado,Secundária,Casado,8493.51,160.0,84.2 kg,Insatisfeito,02/12/1981,05/08/2025,1,Sim,Contacto posterior
2832,Feminino,29,Maputo,Primária,Solteiro,35772.57,178.3,82.9,Neutro,23/07/1995,07/07/2025,4,Não,Sem observações
2833,Masculino,29,Maputo,Nenhuma,Solteiro,8149.56,153.8,44.6,Muito insatisfeito,14/02/1995,10/10/2025,2,Não,Sem observações
2834,Feminino,24,Inhambane,Mestrado,Solteiro,13124.05,167.8,44.4,Neutro,21/03/2000,04/11/2025,2,Não,Necessita revisão
2835,Feminino,30,Maputo,Secundária,Casado,7830.39,159.8,61.1,Neutro,24/12/1994,12/07/2025,1,Não,Contacto posterior
2836,Masculino,18,Maputo,Licenciatura,Solteiro,13085.99,158.0,60.7,Neutro,19/11/2006,01/11/2025,2,Não,Contacto posterior
2837,Masculino,45,Zambézia,Secundária,Viúvo,9366.17,172.9,73.5,Neutro,20/08/1979,30/06/2025,3,Sim,Contacto posterior
2838,Feminino,27,Gaza,Secundária,Viúvo,10357.18,171.7,62.9,Satisfeito,07/06/1997,23/07/2025,2,Sim,Sem obs.
2839,Feminino,48,Maputo,Secundária,Divorciado,15268.48,164.3,65.3,Muito insatisfeito,07/02/1976,23/10/2025,3,Sim,Necessita revisão
2840,Masculino,49,Gaza,Primária,Solteiro,6839.69,156.9,52.3,Insatisfeito,13/06/1975,05/24/2025,1,Não,Sem observações
2841,Masculino,52,Manica,Técnica,União de facto,30765.54,174.6,83.9,Satisfeito,01/02/1972,30/05/2025,3,Não,Contacto posterior
2842,Masculino,29,Niassa,Primária,Viúvo,16256.81,164.1,77.3,Muito satisfeito,14/09/1995,04/08/2025,0,Não,Dados confirmados
2843,Feminino,18,Gaza,Técnica,Divorciado,8562.54,166.5,88.3,Satisfeito,14/01/2006,12/11/2025,0,Não,Entrevista concluída
2844,Feminino,41,Nampula,Secundária,Casado,7371.39,166.3,64.6,Insatisfeito,14/09/1983,20/09/2025,2,Sim,Contacto posterior
2845,Feminino,39,Inhambane,Licenciatura,Solteiro,11377.7,175.7,67.1,Muito insatisfeito,31/10/1985,15/06/2025,1,Não,Necessita revisão
2846,Masculino,32,Niassa,Secundária,Solteiro,14044.32,162.3,57.2,Neutro,04/08/1992,17/07/2025,3,Sim,Sem observações
2847,Masculino,35,Manica,Secundária,União-de-facto,5396.93,155.9,63.7,Muito insatisfeito,03/12/1989,04/01/2025,1,Não,Necessita revisão
2848,Feminino,34,Manica,Primária,Divorciado,27402.86,174.3,62.0,Satisfeito,1990-07-22,28/11/2025,1,Não,Entrevista concluída
2849,Masculino,46,Inhambane,Primária,Solteiro,15139.45,164.5,35.0,Muito satisfeito,12/07/1978,12/08/2025,1,Não,Dados confirmados
2850,Feminino,24,Tete,Mestrado,Solteiro,33083.78,176.1,72.3,Neutro,29/03/2000,17/07/2025,1,Não,Dados confirmados
2851,Masculino,31,Niassa,Mestrado,Casado,52432.11,161.0,60.5,Satisfeito,18/02/1993,22/06/2025,5,Sim,Necessita revisão
2852,Masculino,23,Zambézia,Licenciatura,União de facto,13679.88,169.0,76.3,Muito insatisfeito,04/06/2001,03/06/2025,0,Sim,Sem observações
2853,Feminino,37,Manica,Nenhuma,Viúvo,999999,169.4,64.5,Muito insatisfeito,20/05/1987,12/02/2025,2,Não,Entrevista concluída
2854,Masculino,51,Zambézia,Primária,Solteiro,11831.69,159.7,75.9,Muito insatisfeito,24/02/1973,01/02/2025,1,Não,Sem observações
2855,Masculino,41,Cabo Delgado,Licenciatura,Solteiro,8676.32,167.8,60.3,Neutro,15/02/1983,03/07/2025,3,Sim,Dados confirmados
2856,Feminino,18,Nampula,Licenciatura,Viúvo,11082.46,170.2,68.4,Satisfeito,12/11/2006,19/09/2025,1,Não,Dados confirmados
2857,Masculino,19,Maputo,Primária,Viúvo,10064.32,158.3,58.0,Satisfeito,14/05/2005,08/07/2025,3,Sim,Necessita revisão
2858,Feminino,31,Zambézia,Secundária,Divorciado,26009.88,160.3,56.0,Neutro,10/05/1993,04/04/2025,1,Sim,Entrevista concluída
2859,Masculino,29,Gaza,Secundária,Viúvo,4381.05,178.5,74.2,Muito satisfeito,21/01/1995,19/01/2025,2,Sim,Sem observações
2860,Feminino,50,Maputo,Secundária,Divorciado,27014.17,157.1,76.4,Muito satisfeito,24/06/1974,05/05/2025,1,Não,Sem observações
2861,Masculino,32,Manica,Mestrado,Casado,13241.27,149.1,64.5,Insatisfeito,13/06/1992,10/09/2025,2,Sim,Entrevista concluída
2862,Feminino,21,Nampula,Licenciatura,União de facto,14645.19,172.8,81.9,Muito insatisfeito,03/02/2003,17/10/2025,1,SIM,Necessita revisão
2863,Feminino,24,Tete,Licenciatura,Solteiro,4511.76,163.3,91.5,Insatisfeito,24/03/2000,07/08/2025,2,Sim,Contacto posterior
2864,Masculino,18,Tete,Licenciatura,Viúvo,12159.29,145.3,80.1,Muito satisfeito,11/10/2006,11/10/2025,3,Unknown,Necessita revisão
2865,Feminino,37,Cabo Delgado,Mestrado,Separado,57247.86,178.9,93.8,Muito satisfeito,30/12/1987,30/05/2025,0,Não,Necessita revisão
2866,Feminino,33,Nampula,Secundária,Casado,13002.08,147.1,39.9,Insatisfeito,15/08/1991,15/02/2025,0,Sim,Necessita revisão
2867,Feminino,47,Gaza,Primária,União de facto,55528.91,153.8,74.6,SATISFEITO,12/10/1977,05/11/2025,2,Sim,Necessita revisão
2868,Feminino,36,Maputo,Secundária,Solteiro,57390.29,170.9,85.0,Insatisfeito,19/07/1988,27/12/2025,4,Sim,Sem observações
2869,Feminino,32,Gaza,Licenciatura,Viúvo,13806.08,164.7,46.7,Satisfeito,22/01/1992,22/03/2025,1,Não,Sem observações
2870,Masculino,67,Inhambane,Licenciatura,Solteiro,17343.81,163.5,82.9,Muito satisfeito,23/07/1957,19/07/2025,2,Não,Contacto posterior
2871,Feminino,34,Inhambane,Primária,União de facto,11322.68,176.2,73.8,Neutro,24/10/1990,04/05/2025,2,Sim,Contacto posterior
2872,Feminino,27,Cabo Delgado,Secundária,Divorciado,24410.72,161.2,71.5,Muito insatisfeito,10/07/1997,24/04/2025,0,Não,Dados confirmados
2873,Feminino,18,Inhambane,Licenciatura,Viúvo,57991.38,175.3,94.5,Neutro,14/05/2006,16/02/2025,1,Não,Entrevista concluída
2874,Feminino,26,Gaza,Secundária,Divorciado,27693.7,162.7,74.4,Satisfeito,18/08/1998,02/09/2025,0,Sim,Contacto posterior
2875,Masculino,33,Sofala,Licenciatura,Solteiro,18577.5,171.8,75.7,Muito insatisfeito,27/06/1991,26/10/2025,2,Sim,Sem observações
2876,Masculino,33,Sofala,Secundária,União de facto,23279.99,176.5,77.4,Muito satisfeito,17/12/1991,17/10/2025,0,Sim,Entrevista concluída
2877,Feminino,29,Cabo Delgado,Licenciatura,Casado,9278.89,167.3,43.8,Muito insatisfeito,12/08/1995,30/11/2025,1,Não,Sem observações
2878,Feminino,26,Gaza,Secundária,Viúvo,55318.12,149.4,68.9,Muito satisfeito,16/08/1998,06/09/2025,1,Não,Necessita revisão
2879,Masculino,20,Gaza,Mestrado,Casado,36128.59,156.0,77.4,Insatisfeito,23/12/2004,15/10/2025,1,Não,Entrevista concluída
2880,Feminino,38,Cabo Delgado,Secundária,Solteiro,20340.35,153.4,81.4,Muito satisfeito,01/09/1986,27/12/2025,1,Não,Necessita revisão
2881,Feminino,29,Maputo,LIC,Viúvo,13888.81,161.1,78.5,Muito insatisfeito,03/06/1995,19/01/2025,3,Não,sem observacao
2882,Masculino,18,Manica,Secundária,Casado,-500,167.3,77.1,Insatisfeito,19/12/2006,12/06/2025,2,Não,Contacto posterior
2883,Masculino,47,Niassa,Licenciatura,Solteiro,56065.1,154.5,59.8,Muito satisfeito,05/03/1977,13/05/2025,5,Não,Contacto posterior
2884,Masculino,26,Nampula,Secundária,Solteiro,27963.37,147.1,71.0,Insatisfeito,13/10/1998,20/09/2025,1,Sim,Necessita revisão
2885,Feminino,33,Manica,Mestrado,Casado,32238.91,162.8,71.3,Muito satisfeito,29/05/1991,28/08/2025,2,Não,Entrevista concluída
2886,Feminino,34,Cabo Delgado,Primária,Viúvo,32479.6,163.2,63.4,Neutro,28/01/1990,20/04/2025,4,Não,Sem observações
2887,Feminino,46,Niassa,Técnica,Divorciado,91125.61,165.2,66.0,Satisfeito,24/10/1978,02/12/2025,3,Não,Sem observações
2888,Feminino,41,Inhambane,Primária,União de facto,11028.71,167.2,80.1,Satisfeito,03/01/1984,17/03/2025,0,Não,Sem observações
2889,Feminino,32,Niassa,Secundária,Divorciado,39193.32,135.7,-20,Insatisfeito,06/09/1992,28/09/2025,2,Não,Sem observações
2890,Feminino,22,Maputo,Secundária,Casado,27742.07,158.7,73.2,Neutro,12/05/2002,13/11/2025,6,Sim,Entrevista concluída
2891,Masculino,18,Zambézia,Primária,Divorciado,17207.13,150.5,52.0,Muito satisfeito,07/03/2006,09/10/2025,2,Sim,Sem observações
2892,Feminino,39,Sofala,Licenciatura,Casado,18644.56,155.3,67.1,Neutro,30/04/1985,23/09/2025,2,,Dados confirmados
2893,Masculino,30,Nampula,,Divorciado,11309.6,167.7,76.7,Neutro,13/01/1994,26/10/2025,2,Sim,Dados confirmados
2894,Masculino,37,Inhambane,Secundária,Solteiro,60683.37,172.6,72.1,Satisfeito,07/12/1987,22/05/2025,1,Sim,Contacto posterior
2895,Masculino,52,Sofala,Secundária,Divorciado,28531.37,165.5,78.0,Muito satisfeito,26/11/1972,09/11/2025,2,Não,Necessita revisão
2896,,25,Zambézia,Técnica,Solteiro,7477.07,168.7,61.5,Muito insatisfeito,11/07/1999,01/01/2027,2,Não,Sem observações
2897,Feminino,46,Manica,Primária,União de facto,31225.08,165.1,50.6,Satisfeito,12/09/1978,07/06/2025,4,Sim,Sem observações
2898,Feminino,22,Gaza,Secundária,União de facto,25980.25,143.6,54.6,Insatisfeito,18/10/2002,13/08/2025,4,Sim,Dados confirmados
2899,Feminino,27,Tete,Mestrado,União de facto,18539.54,163.5,68.1,Insatisfeito,13/05/1997,,2,Sim,Contacto posterior
2900,Masculino,34,Niassa,Licenciatura,Casado,41337.8,165.7,75.7,Muito satisfeito,10/01/1990,16/04/2025,0,Não,Sem observações
2901,Masculino,39,Maputo,Secundária,União de facto,18559.84,148.7,75.4,Satisfeito,07/01/1985,13/02/2025,2,Sim,Sem observações
2902,Masculino,31,Tete,Técnica,Divorciado,23079.67,167.6,58.5,Muito insatisfeito,22/05/1993,13/04/2025,3,Não,Entrevista concluída
2903,Masculino,28,Tete,Primária,Divorciado,15422.93,151.7,71.6,Muito satisfeito,03/02/1996,30/05/2025,2,Não,Necessita revisão
2904,Masculino,31,Zambézia,Secundária,União de facto,11411.14,155.5,62.7,Insatisfeito,19/12/1993,10/05/2025,4,Não,Necessita revisão
2905,Feminino,49,Cabo Delgado,Licenciatura,Casado,"15,000",166.7,85.6,Muito satisfeito,13/02/1975,22/07/2025,0,Sim,Sem observações
2906,Feminino,27,Gaza,Licenciatura,Solteiro,25196.29,163.2,65.8,Insatisfeito,16/10/1997,10/11/2025,3,Não,Sem observações
2907,Masculino,20,Inhambane,Secundária,Casado,79542.24,165.8,98.0,Neutro,12/10/2004,06/12/2025,2,Não,Contacto posterior
2890,Masculino,45,Maputo,Secundária,Viúvo,34080.23,165.4,75.5,Insatisfeito,17/04/1979,03/10/2025,4,Não,Dados confirmados
2909,Masculino,45,Manica,Secundária,Solteiro,10428.87,164.3,69.8,Satisfeito,15/01/1979,13/10/2025,0,Não,Contacto posterior
2910,Feminino,26,Zambézia,Licenciatura,Casado,24619.74,-10,62.2,Satisfeito,21/07/1998,18/04/2025,2,Sim,Dados confirmados
2911,Feminino,29,Inhambane,Secundária,Divorciado,7613.64,171.3,86.2,Satisfeito,13/08/1995,06/29/2025,1,Não,Sem observações
2912,Masculino,37,Gaza,Técnica,Divorciado,10906.7,165.0,59.9,Satisfeito,10/05/1987,04/04/2025,3,Sim,Entrevista concluída
2913,Feminino,28,Sofala,Mestrado,Casado,95184.77,177.2,56.7,Muito insatisfeito,01/02/1996,27/12/2025,4,Sim,Necessita revisão
2914,Masculino,50,Zambézia,Secundária,Casado,27901.69,169.3,58.6,Muito insatisfeito,26/01/1974,28/07/2025,0,Não,Contacto posterior
2915,Feminino,25,Tete,Técnica,Viúvo,8885.73,161.1,62.2,Satisfeito,11/08/1999,14/12/2025,3,Y,Contacto posterior
2916,Feminino,46,Inhambane,Licenciatura,Viúvo,16603.1,180.9,63.8,Muito insatisfeito,11/11/1978,02/08/2025,3,Sim,Sem observações
2917,Masculino,22,Maputo,Técnica,Casado,6859.45,166.4,48.9,Neutro,09/09/2002,27/08/2025,3,Não,Dados confirmados
2918,Feminino,39,Tete,Secundária,Casado,21917.72,165.1,59.6,Neutro,16/09/1985,11/10/2025,1,Não,Dados confirmados
2919,Feminino,22,Cabo Delgado,Licenciatura,Divorciado,10261.88,"173,2",61.3,Insatisfeito,22/11/2002,22/09/2025,1,Não,Necessita revisão
2920,Feminino,43,Sofala,Secundária,solteiro,7501.13,151.0,58.6,Muito insatisfeito,24/01/1981,06/06/2025,1,Não,Necessita revisão
2921,Masculino,18,Inhambane,Técnica,Casado,5690.62,182.3,91.1,Muito satisfeito,18/05/2006,14/08/2025,1,Sim,corrigir
2922,Masculino,33,Niassa,Secundária,Casado,60279.12,177.6,89.1,Neutro,20/03/1991,09/04/2025,2,Sim,Necessita revisão
2923,Masculino,28,Nampula,Técnica,União de facto,12716.9,162.1,43.6,Muito insatisfeito,04/12/1996,09/05/2025,0,Sim,Contacto posterior
2924,Masculino,18,Zambézia,Secundária,União de facto,6026.95,159.7,57.8,Neutro,04/07/2006,19/11/2025,0,Sim,SEM OBSERVAÇÕES
2925,Feminino,51,Niassa,Primária,Divorciado,56542.21,154.4,61.2,Muito satisfeito,18/08/1973,24/09/2025,0,Sim,Sem observações
2926,Feminino,18,Maputo,Licenciatura,Casado,23950.53,163.9,50.5,Satisfeito,06/07/2006,10/06/2025,2,Não,Contacto posterior
2927,Masculino,48,Manica,Licenciatura,Solteiro,13886.06,168.3,40.3,Insatisfeito,08/10/1976,13/12/2025,3,Não,Contacto posterior
2928,Feminino,36,Manica,Primária,Viúvo,53208.97,175.1,68.9,5,18/07/1988,27/06/2025,6,Não,Contacto posterior
2929,Feminino,40,Niassa,Licenciatura,Divorciado,58472.46,171.4,89.1,Insatisfeito,09/01/1984,25/06/2025,99,Não,Necessita revisão
2930,Feminino,18,Cabo Delgado,Secundária,Viúvo,10717.87,158.4,53.3,Muito satisfeito,04/04/2006,08/12/2025,,Sim,Contacto posterior
2931,Masculino,25,Sofala,Licenciatura,Viúvo,14708.42,164.7,100.7,Insatisfeito,26/11/1999,05/12/2025,0,Não,Entrevista concluída
2932,Masculino,20,Inhambane,Primária,Solteiro,45062.99,161.1,85.4,Muito insatisfeito,29/05/2004,05/03/2025,6,Sim,Contacto posterior
2933,Feminino,38,Zambézia,Licenciatura,Viúvo,14450.36,161.2,67.6,Muito satisfeito,12/09/1986,20/12/2025,1,Sim,Contacto posterior
2934,Feminino,28,Sofala,Primária,Solteiro,49958.03,179.8,80.9,Muito satisfeito,04/12/1996,11/11/2025,2,Não,Contacto posterior
2935,Feminino,30,Cabo Delgado,Licenciatura,União de facto,3273.76,159.7,80.9,Neutro,23/09/1994,31/03/2025,2,Não,Contacto posterior
2936,Feminino,51,Cabo Delgado,Primária,União de facto,140864.06,157.1,71.2,Satisfeito,13/10/1973,06/10/2025,1,Sim,Entrevista concluída
2937,Feminino,41,Zambézia,Secundária,Casado,8483.54,172.4,71.2,Neutro,1983-10-30,24/06/2025,3,Não,Dados confirmados
2938,F,18,Inhambane,Primária,Casado,25710.75,149.6,60.5,Muito satisfeito,27/08/2006,03/01/2025,1,Sim,Necessita revisão
3503,F,45,Tete,Nenhuma,Casado,6559.57,147.7,75.1,Satisfeito,16/04/1979,09/05/2025,0,Não,Sem observações
2940,Masculino,22,Manica,Licenciatura,Casado,12767.02,178.1,48.0,Satisfeito,27/10/2002,13/10/2025,2,Não,Sem observações
2941,Feminino,44,Inhambane,Licenciatura,União de facto,,164.1,54.5,Não sabe,25/11/1980,01/02/2025,1,Não,Necessita revisão
2942,Masculino,36,Tete,Secundária,Divorciado,5725.41,169.9,65.0,Insatisfeito,03/12/1988,10/11/2025,1,Não,Entrevista concluída
2943,Feminino,24,Inhambane,Secundária,Solteiro,16736.68,177.8,81.7,Insatisfeito,23/10/2000,06/05/2025,1,Sim,Dados confirmados
2944,Masculino,39,Cabo Delgado,Licenciatura,Solteiro,13213.89,154.4,90.1,Neutro,16/12/1985,09/04/2025,1,Não,Contacto posterior
2945,Masculino,37,Tete,Licenciatura,União de facto,15438.07,149.6,80.9,Muito satisfeito,14/09/1987,16/10/2025,3,Não,Necessita revisão
2946,Masculino,29,Niassa,Primária,Viúvo,11668.47,147.4,66.3,Satisfeito,31/10/1995,11/09/2025,2,Não,Sem observações
2947,Masculino,40,Sofala,Secundária,Divorciado,48814.25,174.8,65.4,Neutro,01/04/1984,12/03/2025,2,Sim,Contacto posterior
2948,Feminino,38,Tete,Primária ,União de facto,21906.75,155.3,57.3,Satisfeito,14/07/1986,02/12/2025,1,Não,Necessita revisão
2949,Feminino,39,Tete,Primária,Divorciado,28908.12,154.6,68.0,Muito insatisfeito,10/12/1985,30/09/2025,3,Não,Necessita revisão
2950,Masculino,34,Maputo,Secundária,União de facto,17059.19,160.1,64.7,Muito satisfeito,04/02/1990,29/10/2025,2,Não,Sem observações
2951,Feminino,36,Tete,Licenciatura,União de facto,3870.65,176.6,74.3,Satisfeito,29/11/1988,28/08/2025,3,Não,Dados confirmados
2952,Feminino,34,Nampula,Técnica,Solteiro,8021.78,151.1,72.5,Muito insatisfeito,24/12/1990,25/11/2025,0,Sim,Necessita revisão
2953,Masculino,34,Manica,Nenhuma,Viúvo,11255.12,163.9,74.1,Neutro,28/10/1990,27/05/2025,1,Não,Contacto posterior
2954,Feminino,46,,Primária,União de facto,30145.2,156.6,56.4,Muito satisfeito,31/02/1990,26/08/2025,3,Não,Dados confirmados
2955,Masculino,33,Nampula,Mestrado,União de facto,19238.45,162.8,74.8,Satisfeito,14/07/1991,11/09/2025,1,Não,Contacto posterior
2956,Feminino,48,Inhambane,Primária,Casado,18303.78,172.0,80.5,Insatisfeito,16/03/1976,19/11/2025,3,Sim,Contacto posterior
2957,Feminino,35,Sofala,Secundária,Divorciado,90026.96,169.9,99.6,Muito satisfeito,03/11/1989,05/08/2025,0,Sim,Dados confirmados
2958,Masculino,31,Nampula,Secundária,Viúvo,13417.2,159.3,59.7,Muito satisfeito,26/11/1993,21/10/2025,1,Não,Dados confirmados
2959,Masculino,44,Gaza,Primária,Divorciado,11617.62,165.0,89.9,Muito satisfeito,10/03/1980,07/08/2025,3,Sim,Entrevista concluída
2960,Feminino,22,Cabo Delgado,Licenciatura,Viúvo,12136.4,167.6,82.1,Neutro,06/11/2002,16/08/2025,2,Não,Dados confirmados
2942,Masculino,41,Nampula,Primária,União de facto,13208.81,160.6,48.9,Insatisfeito,20/08/1983,10/12/2025,1,Não,Entrevista concluída
2962,Masculino,34,Tete,Primária,Casado,25722.96,163.1,89.8,Neutro,05/03/1990,11/07/2025,0,Sim,Contacto posterior
2963,Feminino,56,Cabo Delgado,Secundária,Viúvo,24284.09,175.7,73.9,Muito satisfeito,12/04/1968,06/12/2025,5,Sim,Dados confirmados
2964,Feminino,19,Inhambane,Licenciatura,Divorciado,17702.05,172.0,48.3,Muito insatisfeito,03/02/2005,16/10/2025,3,Sim,Dados confirmados
2965,Masculino,34,Manica,Primária,Solteiro,20554.88,162.6,66.0,Satisfeito,09/11/1990,30/04/2025,0,Não,Contacto posterior
2966,Masculino,26,Inhambane,Mestrado,Casado,4058.38,151.1,67.6,Neutro,09/08/1998,02/08/2025,5,Sim,Sem observações
2967,Feminino,50,Niassa,Primária,Viúvo,52026.2,160.5,78.3,Muito insatisfeito,18/07/1974,20/06/2025,1,Sim,sem observacao
2968,Feminino,54,Inhambane,Licenciatura,Divorciado,16848.39,150.9,63.7,Muito insatisfeito,13/01/1970,09/12/2025,1,sim,Sem observações
2969,Masculino,25,Cabo Delgado,Licenciatura,Solteiro,32164.76,162.0,46.1,Neutro,27/08/1999,14/06/2025,1,Não,Dados confirmados
2970,Feminino,29,Zambézia,Secundária,União de facto,13721.46,154.2,54.5,Muito satisfeito,27/10/1995,16/08/2025,1,Não,Contacto posterior
2971,Masculino,23,Niassa,Licenciatura,Viúvo,40155.68,181.3,80.8,Insatisfeito,06/06/2001,21/09/2025,4,Sim,Sem observações
2972,Masculino,37,Manica,Licenciatura,União de facto,15412.27,162.8,44.8,Muito satisfeito,07/12/1987,06/05/2025,2,Não,Sem observações
2973,Feminino,37,Gaza,Secundária,Divorciado,17910.73,168.6,63.4,Muito insatisfeito,08/06/1987,15/08/2025,2,Sim,Dados confirmados
2974,Masculino,21,Inhambane,Secundária,Solteiro,8558.48,161.8,66.1,Satisfeito,01/02/2003,22/08/2025,3,Sim,Necessita revisão
2975,Feminino,39,Tete,Licenciatura,Solteiro,26692.43,170.9,74.3,Insatisfeito,24/01/1985,10/04/2025,1,Não,Entrevista concluída
2976,Masculino,24,Npl,Primária,Solteiro,6792.67,176.7,75.6,Neutro,22/01/2000,10/09/2025,3,Sim,Contacto posterior
2977,Feminino,,Manica,Primária,União de facto,5256.46,176.0,60.1,Neutro,05/01/1983,27/05/2025,2,Não,Contacto posterior
2978,Masculino,24,Cabo Delgado,Mestrado,Divorciado,19193.69,153.4,70.0,Neutro,17/12/2000,10/03/2025,1,Sim,Entrevista concluída
2979,Masculino,42,Nampula,Técnica,Solteiro,7605.13,174.6,67.1,Neutro,11/11/1982,25/06/2025,2,Sim,Entrevista concluída
2980,Masculino,0,Niassa,Técnica,Viúvo,6411.03,150.7,55.8 kg,Muito insatisfeito,29/07/2002,02/01/2025,2,Não,Entrevista concluída
2981,X,46,Sofala,Secundária,Casado,11682.61,161.7,62.2,,24/07/1978,04/12/2025,0,Não,Sem observações
2982,Masculino,18,Gaza,Secundária,Solteiro,30508.01,164.9,85.8,Insatisfeito,23/06/2006,04/01/2025,0,Não,Sem observações
2983,Feminino,41,Maputo,Desconhecido,Casado,24512.5,164.3,74.9,Insatisfeito,09/10/1983,09/08/2025,3,Não,Sem observações
2984,Masculino,40,Inhambane,Primária,Solteiro,15882.21,169.8,71.9,Muito insatisfeito,03/02/1984,28/10/2025,3,Sim,Dados confirmados
2985,Masculino,47,Tete,Nenhuma,União de facto,15056.82,165.3,78.9,Neutro,31/03/1977,14/03/2025,6,Não,Sem observações
2986,Masculino,48,Zambézia,Licenciatura,União de facto,30523.89,159.8,57.0,Neutro,05/11/1976,29/01/2025,2,Sim,Necessita revisão
2987,Masculino,28,Cabo Delgado,Licenciatura,Solteiro,13114.18,172.8,76.0,Insatisfeito,19/01/1996,21/09/2025,0,Não,Dados confirmados
2988,Feminino,48,Sofala,Técnica,Casado,15000,182.6,61.3,Muito satisfeito,05/02/1976,05/07/2025,2,Sim,Contacto posterior
2989,Feminino,34,Sofala,Licenciatura,Viúvo,11294.21,157.8,43.0,SATISFEITO,16/10/1990,07/09/2025,4,Não,Contacto posterior
2990,Feminino,31,Sofala,Licenciatura,Viúvo,10249.13,177.6,64.3,Satisfeito,23/07/1993,09/03/2025,0,Sim,Entrevista concluída
2991,Feminino,39,Maputo,Secundária,Viúvo,21668.28,172.0,58.7,Neutro,17/04/1985,15/07/2025,2,Não,Necessita revisão
2992,Masculino,31,Inhambane,Nenhuma,União de facto,41139.8,159.1,57.7,Satisfeito,13/05/1993,15/02/2025,3,Não,Entrevista concluída
2993,Feminino,38,Gaza,Nenhuma,União-de-facto,32445.16,172.2,81.7,Muito insatisfeito,11/10/1986,12/09/2025,1,Sim,Contacto posterior
2994,Masculino,28,Maputo,Primária,Viúvo,14217.78,173.9,49.3,Neutro,11/12/1996,01/12/2025,1,Sim,Sem observações
2995,Masculino,38,Maputo,Licenciatura,Casado,18455.22,167.4,55.1,Neutro,06/07/1986,18/10/2025,2,Não,Sem observações
2996,Masculino,45,Inhambane,Técnica,Divorciado,22169.04,166.1,5,Satisfeito,09/10/1979,25/01/2025,1,Não,Dados confirmados
2997,Masculino,32,Cabo Delgado,Licenciatura,Divorciado,32463.35,169.2,79.1,Neutro,06/12/1992,24/09/2025,0,Não,Contacto posterior
2998,Masculino,37,Nampula,Secundária,Viúvo,19306.77,148.0,93.4,Insatisfeito,16/11/1987,06/06/2025,0,Sim,Entrevista concluída
2999,Masculino,18,Tete,Primária,Solteiro,6809.91,147.2,72.1,Muito satisfeito,16/11/2006,18/12/2025,3,Não,Dados confirmados
3000,Feminino,50,Manica,Primária,Viúvo,17176.88,153.7,64.8,Muito satisfeito,26/08/1974,26/05/2025,4,Sim,Contacto posterior
3001,Feminino,41,Niassa,Técnica,Casado,32452.73,157.6,76.9,Muito satisfeito,06/03/1983,31/05/2025,1,Não,Entrevista concluída
3002,Feminino,34,Inhambane,Licenciatura,Divorciado,24461.64,159.3,78.6,Neutro,26/12/1990,24/10/2025,3,Sim,Sem observações
3003,Masculino,30,Gaza,Secundária,Viúvo,25178.59,180.4,55.0,Muito insatisfeito,19/07/1994,12/06/2025,4,Não,Dados confirmados
3004,Masculino,24,Nampula,Secundária,Casado,28776.55,153.7,63.7,Satisfeito,15/07/2000,19/01/2025,2,Sim,Sem observações
3005,Feminino,49,Cabo Delgado,Mestrado,Solteiro,22621.12,182.3,61.4,Satisfeito,01/10/1975,17/04/2025,2,Sim,Dados confirmados
3006,Feminino,34,Cabo Delgado,Primária,Viúvo,5310.85,176.8,50.5,Muito satisfeito,26/08/1990,13/03/2025,3,Sim,Dados confirmados
3007,Feminino,30,Namp.,Secundária,União de facto,39953.87,-10,60.8,Muito satisfeito,17/06/1994,21/02/2025,1,Sim,Entrevista concluída
3008,Feminino,25,Niassa,Secundária,Divorciado,32953.81,182.6,68.7,Muito insatisfeito,25/01/1999,02/04/2025,2,Não,Necessita revisão
3009,Masculino,18,Manica,Licenciatura,Casado,9090.68,161.4,53.9,Muito satisfeito,13/06/2006,05/07/2025,4,Não,Contacto posterior
3010,Feminino,40,Inhambane,Primária,Divorciado,25779.7,150.6,59.0,Satisfeito,02/10/1984,04/07/2025,2,Não,SEM OBSERVAÇÕES
3011,Feminino,37,Cabo Delgado,Secundária,Solteiro,49756.46,165.4,77.4,Neutro,19/02/1987,26/12/2025,3,Não,Sem observações
3012,Feminino,27,Inhambane,Mestrado,Viúvo,33899.68,156.4,,Neutro,05/04/1997,05/03/2025,3,Sim,Dados confirmados
3013,Masculino,50,Zambézia,Licenciatura,União de facto,0,150.3,66.7,Muito satisfeito,04/08/1974,01/02/2025,4,Não,Necessita revisão
3014,Masculino,33,Tete,Técnica,Divorciado,13539.38,170.2,88.2,Muito insatisfeito,16/08/1991,27/10/2025,3,Não,Sem observações
3015,Masculino,18,Gaza,secundaria,União de facto,9382.3,165.4,79.2,Satisfeito,29/07/2006,04/04/2025,2,Não,Contacto posterior
3016,Feminino,23,Niassa,Licenciatura,Solteiro,13059.42,160.1,59.4,Neutro,25/11/2001,04/07/2025,1,Sim,Contacto posterior
3017,Masculino,47,Cabo Delgado,Técnica,Divorciado,19601.06,153.3,52.6,Muito satisfeito,31/07/1977,17/12/2025,3,Não,Dados confirmados
3018,Masculino,37,Nampula,Nenhuma,União de facto,22883.9,172.2,76.2,Muito satisfeito,18/09/1987,28/12/2025,1,Não,Dados confirmados
3019,Feminino,31,Nampula,Secundária,Solteiro,11484.61,176.7,54.7,Satisfeito,08/01/1993,22/01/2025,2,Não,Entrevista concluída
3020,Feminino,19,Nampula,Licenciatura,Casado,16633.35,160.4,68.9,Satisfeito,08/02/2005,26/07/2025,2,Sim,Dados confirmados
3021,Masculino,28,Gaza,Licenciatura,Divorciado,17740.55,149.5,80.1,Neutro,25/02/1996,16/11/2025,5,yes,Dados confirmados
3022,Feminino,32,Nampula,Secundária,Viúvo,14608.93,172.9,74.0,Neutro,17/09/1992,23/07/2025,2,Sim,Dados confirmados
3023,Feminino,26,Tete,Secundária,Divorciado,15422.18,142.8,60.3,Neutro,18/10/1998,31/03/2025,2,Sim,Contacto posterior
3024,Masculino,41,Zambézia,Secundária,Solteiro,23526.7,147.6,39.8,Insatisfeito,07/12/1983,26/11/2025,5,Não,Dados confirmados
3025,Masculino,24,Tete,Licenciatura,União de facto,20398.42,174.2,72.1,Satisfeito,24/03/2000,25/08/2025,1,Não,Sem observações
3026,Masculino,19,Maputo,Licenciatura,Casado,30518.57,159.1,65.9,Insatisfeito,2005-02-04,03/11/2025,2,Sim,Dados confirmados
3027,Feminino,33,Inhambane,Secundária,Divorciado,16223.35,181.3,68.8,Muito insatisfeito,07/09/1991,29/09/2025,3,Sim,Entrevista concluída
3028,Feminino,33,Maputo,Secundária,Viúvo,25294.1,172.6,68.6,Insatisfeito,18/01/1991,15/01/2025,0,Sim,Entrevista concluída
3029,Masculino,24,Zambézia,Licenciatura,Casado,78189.13,,62.3,Muito insatisfeito,13/01/2000,24/04/2025,3,Sim,Dados confirmados
3030,Masculino,35,Nampula,Licenciatura,Solteiro,23434.04,164.3,55.2,Muito insatisfeito,10/08/1989,26/02/2025,20,Sim,Contacto posterior
3031,Feminino,36,Tete,Primária,Viúvo,6653.41,181.4,43.2,Muito satisfeito,18/12/1988,08/04/2025,3,Sim,Entrevista concluída
3032,Masculino,31,Cabo Delgado,Licenciatura,Divorciado,52563.24,162.3,101.0,Insatisfeito,25/05/1993,26/12/2025,2,Sim,Sem observações
3033,Feminino,42,Gaza,Secundária,União de facto,13037.04,159.7,84.8,Satisfeito,24/12/1982,18/10/2025,3,Sim,Contacto posterior
3034,Masculino,18,Sofala,Primária,União de facto,25655.97,164.7,80.1,Muito satisfeito,21/02/2006,24/03/2025,2,Sim,Entrevista concluída
3035,Feminino,19,Manica,Secundária,Solteiro,7485.71,174.3,89.9,Muito satisfeito,06/01/2005,05/09/2025,3,Não,Contacto posterior
3036,Feminino,25,Cabo Delgado,Licenciatura,Divorciado,22307.17,145.6,48.2,Neutro,20/06/1999,03/11/2025,2,Não,Entrevista concluída
3037,Masculino,45,Cabo Delgado,Primária,Solteiro,33510.2,153.3,70.6,Satisfeito,01/10/1979,09/10/2025,0,Não,Dados confirmados
3038,Feminino,34,Manica,Licenciatura,Viúvo,6335.96,166.4,70.3,Neutro,18/09/1990,29/11/2025,3,Sim,Contacto posterior
3039,Feminino,25,Manica,Secundária,União de facto,26001.29,171.8,69.2,Muito satisfeito,30/08/1999,26/05/2025,2,Sim,Necessita revisão
3040,Masculino,52,Cabo Delgado,Nenhuma,União de facto,49819.5,169.2,51.5,Satisfeito,09/09/1972,26/05/2025,2,Sim,Dados confirmados
3041,Feminino,47,Gaza,Secundária,Viúvo,32884.85,171.7,56.2,Insatisfeito,26/02/1977,30/07/2025,3,Não,Sem observações
3042,Feminino,33,Cabo Delgado,Secundária,Viúvo,13998.02,153.8,65.8,Muito satisfeito,11/12/1991,20/06/2025,1,Sim,Necessita revisão
3043,Feminino,54,Manica,Licenciatura,Solteiro,11635.61,167.6,62.3,Neutro,22/04/1970,06/10/2025,2,Unknown,Contacto posterior
3044,Masculino,30,Tete,Licenciatura,Casado,13394.92,133.6,70.2,Neutro,20/03/1994,03/01/2025,0,Não,Dados confirmados
3045,Feminino,41,Nampula,Secundária,Divorciado,14918.0,166.4,80.5,Muito insatisfeito,26/11/1983,12/08/2025,0,Sim,Necessita revisão
3046,Masculino,61,Gaza,Secundária,Viúvo,41945.68,176.0,35.0,Neutro,22/10/1963,15/12/2025,3,Não,Necessita revisão
3047,Masculino,45,Manica,Licenciatura,Solteiro,8527.8,165.2,74.3,Insatisfeito,26/05/1979,17/04/2025,2,Não,Dados confirmados
3048,Feminino,40,Sofala,Secundária,União de facto,39343.83,176.2,70.0,Satisfeito,23/05/1984,06/11/2025,3,Sim,
3049,Masculino,48,Sofala,Secundária,Solteiro,18635.4,162.4,71.5,Insatisfeito,18/09/1976,15/12/2025,1,Sim,Dados confirmados
3050,Masculino,39,Niassa,Primária,Solteiro,20698.87,160.8,82.7,MS,14/10/1985,29/09/2025,3,Não,Entrevista concluída
3051,fem,22,Niassa,Mestrado,Casado,8455.51,167.9,65.1,Muito insatisfeito,07/12/2002,01/08/2025,0,Sim,Entrevista concluída
3052,Feminino,30,Maputo,Técnica,Viúvo,9931.68,163.0,60.2,Muito insatisfeito,04/06/1994,19/02/2025,1,Não,Dados confirmados
3053,Masculino,35,Manica,Mestrado,Casado,17542.96,153.2,67.8,Satisfeito,05/10/1989,01/13/2025,1,Não,Sem obs.
3054,Feminino,31,Maputo,Primária,Divorciado,12138.19,152.6,70.7,Satisfeito,07/09/1993,24/10/2025,3,Não,Contacto posterior
3055,Masculino,36,Gaza,Licenciatura,Divorciado,18375.65,156.3,46.4,Muito satisfeito,14/03/1988,13/09/2025,1,Sim,Contacto posterior
3056,Masculino,28,Manica,Técnica,Separado,5222.65,158.8,64.6,Neutro,08/06/1996,21/12/2025,5,Não,Necessita revisão
3057,Masculino,27,Inhambane,Primária,Divorciado,11744.61,177.7,65.3,Satisfeito,13/05/1997,09/04/2025,2,Não,Contacto posterior
3058,Masculino,18,Sofala,Secundária,Divorciado,14438.12,"150,1",68.8,Satisfeito,30/03/2006,26/07/2025,2,Não,Contacto posterior
3059,Masculino,40,Manica,Licenciatura,Divorciado,12066.84,162.5,60.2,Insatisfeito,06/10/1984,16/07/2025,1,Não,Dados confirmados
3060,Masculino,30,Sofala,Licenciatura,União de facto,29817.0,161.9,89.5,Insatisfeito,26/09/1994,28/05/2025,2,Não,Contacto posterior
3061,Feminino,29,Gaza,Secundária,União de facto,17865.0,161.7,74.6,Satisfeito,02/01/1996,03/10/2025,2,Não,Entrevista concluída
3062,Masculino,30,Gaza,Secundária,União de facto,14118.48,162.7,66.8,Neutro,05/09/1994,04/12/2025,3,Sim,Sem observações
3063,Masculino,41,Cabo Delgado,Primária,Casado,14770.95,173.4,51.1,Insatisfeito,19/03/1983,27/05/2025,0,Não,Entrevista concluída
3064,Masculino,19,Niassa,Licenciatura,União de facto,18892.3,165.5,64.9,Neutro,18/09/2005,15/03/2025,3,Não,Contacto posterior
3065,Masculino,31,Cabo Delgado,Secundária,Divorciado,17865.57,177.1,58.7,Muito insatisfeito,04/03/1993,01/07/2025,5,Sim,Necessita revisão
3066,Masculino,36,Tete,Licenciatura,solteiro,9786.29,161.9,52.8,Muito satisfeito,13/10/1988,18/12/2025,2,Sim,Necessita revisão
3067,Masculino,28,Nampula,Primária,Solteiro,35924.04,160.0,63.6,Neutro,03/07/1996,23/04/2025,2,Não,Sem observações
3068,Masculino,38,Manica,Secundária,Divorciado,8416.97,150.6,72.2,Satisfeito,03/07/1986,03/01/2025,0,Não,Contacto posterior
3069,Masculino,18,Niassa,Secundária,Solteiro,12038.4,181.6,76.2,Muito satisfeito,29/08/2006,22/08/2025,2,Não,Sem observações
3070,Feminino,27,Gaza,Técnica,,65410.95,175.6,68.9,Neutro,21/11/1997,29/11/2025,3,Não,Necessita revisão
3071,Feminino,38,Zambézia,Primária,Viúvo,MZN 15000,149.6,96.6,Muito insatisfeito,01/01/1987,01/07/2025,2,Não,Entrevista concluída
3072,Feminino,55,Gaza,Licenciatura,União de facto,21880.24,169.5,60.3,Insatisfeito,04/08/1969,09/01/2025,1,Sim,Dados confirmados
3073,Masculino,26,Maputo,Licenciatura,União de facto,18556.81,178.5,92.6,Muito insatisfeito,29/10/1998,07/07/2025,1,Sim,Sem observações
3074,Masculino,51,Nampula,Primária,Casado,9295.47,148.1,67.3,Satisfeito,09/05/1973,14/12/2025,3,Y,Contacto posterior
3075,Feminino,33,Sofala,Primária,União de facto,21275.79,163.7,51.7,Insatisfeito,17/12/1991,16/10/2025,2,Não,Entrevista concluída
3076,Masculino,41,Gaza,Nenhuma,Viúvo,70984.28,138.5,58.2,Muito insatisfeito,29/12/1983,07/11/2025,0,Sim,Entrevista concluída
3077,,22,Sofala,Primária,Casado,57806.85,168.4,76.3,Neutro,23/03/2002,01/01/2020,4,Sim,Contacto posterior
3078,Feminino,36,Zambézia,Secundária,Divorciado,21153.52,164.4,71.4,Muito insatisfeito,14/04/1988,29/06/2025,0,Não,Contacto posterior
3079,Feminino,39,Niassa,Secundária,Divorciado,21666.71,152.6,43.9,Muito insatisfeito,08/10/1985,10/07/2025,4,Não,Entrevista concluída
3080,Masculino,24,Manica,Licenciatura,Solteiro,33763.06,164.1,65.3,Neutro,05/08/2000,08/02/2025,3,Sim,Contacto posterior
3081,Feminino,18,Inhambane,Licenciatura,Solteiro,20165.15,164.7,49.1,Muito insatisfeito,16/05/2006,09/11/2025,1,Sim,Contacto posterior
3082,Masculino,27,Sofala,Primária ,Solteiro,15585.26,163.2,89.0,Muito satisfeito,29/04/1997,01/07/2025,4,Não,Entrevista concluída
3083,Feminino,30,Sofala,Licenciatura,Divorciado,20894.61,167.9,46.2,Insatisfeito,20/08/1994,25/10/2025,6,Sim,Sem observações
3084,Feminino,21,Tete,Secundária,Casado,18004.62,175.6,66.2,Insatisfeito,18/04/2003,25/03/2025,1,Não,Empregado em tempo inteiro
3085,Feminino,31,Inhambane,Primária,União de facto,15791.3,168.1,74.2,Muito insatisfeito,19/12/1993,11/07/2025,2,Sim,Necessita revisão
3086,Feminino,35,Manica,Primária,Viúvo,35131.83,163.1,50.1,Muito insatisfeito,31/03/1989,07/01/2025,2,Não,Sem observações
3087,Masculino,35,Cabo Delgado,Mestrado,Solteiro,30966.68,179.0,74.3,Insatisfeito,21/11/1989,07/02/2025,3,Não,Entrevista concluída
3088,Feminino,43,Nampula,Mestrado,União de facto,16737.35,155.9,72.9,Muito satisfeito,26/05/1981,19/04/2025,3,Não,Contacto posterior
3089,Masculino,18,Sofala,Licenciatura,Viúvo,3919.05,161.4,64.2,Muito satisfeito,03/05/2006,06/09/2025,0,Sim,Necessita revisão
3090,Feminino,24,Sofala,Secundária,União de facto,20680.04,159.2,70.2,Neutro,21/05/2000,04/02/2025,4,Não,Dados confirmados
3091,Feminino,56,Cabo Delgado,Primária,Solteiro,11924.14,162.4,44.5,Muito satisfeito,12/09/1968,17/04/2025,1,Não,Contacto posterior
3092,Feminino,45,Nampula,Licenciatura,Casado,25843.24,148.7,58.6,Insatisfeito,20/07/1979,06/07/2025,5,Sim,Dados confirmados
3093,Masculino,50,Inhambane,Licenciatura,União de facto,24127.89,149.3,58.6,Satisfeito,10/01/1974,23/09/2025,2,Não,Contacto posterior
3094,Feminino,28,Nampula,Secundária,Casado,16750.94,141.6,56.9,Neutro,28/09/1996,27/10/2025,1,Não,Contacto posterior
3095,Masculino,35,Manica,Primária,União de facto,41933.48,168.0,92.9,Insatisfeito,24/06/1989,21/07/2025,4,Não,Dados confirmados
3096,Feminino,39,Tete,Primária,Viúvo,16045.48,168.7,66.7,Muito insatisfeito,09/04/1985,29/07/2025,2,Sim,N/A
3097,Feminino,20,Manica,Técnica,Divorciado,19646.63,165.3,85.3,Muito satisfeito,16/02/2004,13/12/2025,1,Sim,Dados confirmados
3098,Masculino,57,Manica,Licenciatura,Casado,18698.01,159.2,49.5,Muito satisfeito,08/08/1967,08/01/2025,1,Não,Entrevista concluída
3099,Masculino,28,Niassa,Licenciatura,União de facto,45518.51,155.2,44.1,Muito satisfeito,23/08/1996,06/08/2025,1,Sim,Sem observações
3100,Feminino,49,Zambézia,Secundária,União de facto,34896.25,174.2,68.0,Satisfeito,20/03/1975,25/02/2025,1,Sim,Dados confirmados
3101,Feminino,44,Niassa,Primária,Viúvo,22777.09,163.2,84.2,Muito satisfeito,13/05/1980,16/10/2025,2,Sim,Sem observações
3102,Masculino,31,Zambézia,Secundária,União de facto,24959.57,164.2,72.2,Muito insatisfeito,05/06/1993,04/06/2025,3,Não,Sem observações
3103,Feminino,47,Manica,Secundária,União de facto,30102.97,161.2,5,Neutro,24/11/1977,03/01/2025,1,Sim,Entrevista concluída
3104,Feminino,27,Gaza,Primária,Solteiro,5613.41,250,40.6,Insatisfeito,23/09/1997,11/11/2025,1,Sim,Contacto posterior
3105,Masculino,18,Cabo Delgado,Secundária,União de facto,17160.46,161.2,65.7,Muito insatisfeito,20/10/2006,31/08/2025,0,Sim,Necessita revisão
3106,Masculino,46,Niassa,Técnica,Casado,15087.84,173.4,71.8,Muito insatisfeito,10/11/1978,22/02/2025,2,Sim,Entrevista concluída
3107,Masculino,34,Cabo Delgado,Secundária,Casado,40681.81,143.7,67.5,Neutro,29/12/1990,05/12/2025,1,Sim,Contacto posterior
3108,Masculino,43,Nampula,Primária,Viúvo,10431.41,162.9,67.9,Muito satisfeito,26/12/1981,23/04/2025,1,Não,Sem observações
3109,Feminino,20,Nampula,Licenciatura,Casado,11999.16,167.7,57.9,Satisfeito,15/12/2004,24/09/2025,3,Sim,Necessita revisão
3110,Feminino,35,Cabo Delgado,Primária,Divorciado,12267.25,172.3,66.2,Neutro,20/04/1989,08/04/2025,4,Sim,Contacto posterior
3111,Feminino,18,Gaza,Licenciatura,Casado,46584.92,182.3,62.7,5,26/08/2006,29/08/2025,5,Não,Necessita revisão
3112,Masculino,25,Quelimane,Secundária,Divorciado,40039.08,170.9,77.7,Neutro,24/12/1999,08/06/2025,0,Sim,Necessita revisão
3113,Feminino,25,Nampula,Primária,Viúvo,6983.33,157.9,77.4,Satisfeito,13/03/1999,31/03/2025,0,Sim,Dados confirmados
3114,Masculino,24,Sofala,Licenciatura,União de facto,,167.6,68.9,0,08/12/2000,13/10/2025,4,Sim,Sem observações
3115,Masculino,42,Sofala,Secundária,Casado,17994.96,171.2,85.7,Muito satisfeito,1982-04-26,04/08/2025,0,Não,Entrevista concluída
3116,Feminino,19,Gaza,Secundária,Casado,6476.85,159.2,76.0,Neutro,28/11/2005,03/12/2025,2,Não,Necessita revisão
3117,Feminino,18,Zambézia,Licenciatura,União de facto,12975.97,165.3,94.2,Neutro,27/06/2006,27/10/2025,2,Não,Contacto posterior
3118,Feminino,19,Maputo,Primária,Divorciado,24913.46,148.3,54.7,Muito satisfeito,06/05/2005,10/11/2025,2,Sim,Necessita revisão
3119,Masculino,36,Tete,Secundária,Viúvo,104013.59,177.5,95.3,Neutro,18/04/1988,15/11/2025,1,Sim,Necessita revisão
3120,Masculino,25,Sofala,Mestrado,Viúvo,29927.98,156.7,88.2,Insatisfeito,23/03/1999,06/04/2025,1,Sim,Necessita revisão
3121,Masculino,30,Nampula,Técnica,União de facto,15662.43,164.7,47.4,Neutro,08/03/1994,19/11/2025,3,Sim,Dados confirmados
3122,Feminino,32,Maputo,Licenciatura,Casado,23447.62,154.9,65.3,Muito insatisfeito,26/08/1992,,2,Sim,Entrevista concluída
3123,Feminino,18,Inhambane,Técnica,União de facto,19375.46,158.4,74.3,Satisfeito,17/09/2006,01/07/2025,1,Sim,Dados confirmados
3124,Masculino,36,Maputo,Licenciatura,Viúvo,23756.64,176.9,70.3,Neutro,20/10/1988,12/15/2025,2,Sim,Contacto posterior
3125,Feminino,42,Sofala,Técnica,Viúvo,38356.85,161.1,51.4,Satisfeito,12/02/1982,05/03/2025,4,Sim,Entrevista concluída
3126,Masculino,18,Cabo Delgado,Licenciatura,Viúvo,12918.39,181.2,88.0,Muito satisfeito,30/08/2006,09/07/2025,0,Sim,Sem observações
3127,Feminino,37,Zambézia,Secundária,Solteiro,2879.08,173.1,58.3,Satisfeito,29/11/1987,28/03/2025,5,yes,Contacto posterior
3128,Feminino,25,Zambézia,Licenciatura,Solteiro,10940.19,172.4,75.1,Neutro,13/05/1999,04/05/2025,4,Sim,Necessita revisão
3129,Masculino,120,Nampula,Licenciatura,Casado,12292.69,149.4,84.4 kg,Satisfeito,25/11/1995,14/02/2025,4,Não,Contacto posterior
3130,Masculino,21,Sofala,Licenciatura,Viúvo,31687.08,176.1,85.8,Insatisfeito,08/07/2003,16/04/2025,0,Não,Contacto posterior
3131,Masculino,21,NPL,Técnica,Divorciado,36485.0,171.8,46.9,Muito insatisfeito,17/03/2003,05/09/2025,20,Não,Contacto posterior
3132,Masculino,24,Nampula,Secundária,Solteiro,15444.78,167.0,82.7,Neutro,08/07/2000,04/04/2025,0,Sim,Dados confirmados
3133,Masculino,53,Manica,Licenciatura,Divorciado,18568.03,169.7,63.5,Neutro,30/11/1971,29/06/2025,1,,Dados confirmados
3134,Masculino,40,Nampula,Licenciatura,União de facto,10958.48,151.8,66.7,Muito satisfeito,20/03/1984,01/12/2025,2,Sim,Dados confirmados
3135,Feminino,51,Cabo Delgado,Técnica,Viúvo,6755.36,160.1,52.2,Satisfeito,30/01/1973,09/08/2025,0,Sim,Necessita revisão
3136,Feminino,23,Inhambane,Primária,Solteiro,14256.71,170.2,81.1,Muito satisfeito,11/07/2001,17/09/2025,2,Não,Dados confirmados
3137,Masculino,18,Manica,Secundária,Viúvo,7132.33,162.8,87.9,Insatisfeito,10/09/2006,23/11/2025,4,Sim,Entrevista concluída
3138,Masculino,23,Tete,Primária,Casado,29252.02,165.4,67.0,Insatisfeito,10/09/2001,14/04/2025,0,Sim,Necessita revisão
3139,Feminino,22,Sofala,Secundária,casado,16868.85,168.1,64.9,Muito insatisfeito,10/03/2002,23/07/2025,0,Sim,N/A
3140,Masculino,25,Nampula,Desconhecido,Solteiro,41148.29,175.9,69.9,Insatisfeito,20/01/1999,17/11/2025,5,Não,Dados confirmados
3141,Masculino,26,Tete,Secundária,Casado,20013.41,165.0,49.6,Muito satisfeito,04/06/1998,04/04/2025,3,Não,Necessita revisão
3142,Masculino,57,Maputo,Licenciatura,Solteiro,36115.96,156.1,46.4,Muito insatisfeito,10/06/1967,26/07/2025,4,Sim,Dados confirmados
3143,Masculino,23,Cabo Delgado,Nenhuma,Casado,11489.25,166.8,70.9,Neutro,02/02/2001,25/12/2025,3,Sim,Entrevista concluída
3144,Masculino,26,Gaza,Primária,Divorciado,-500,146.0,74.6,Muito insatisfeito,09/12/1998,17/06/2025,2,Não,Entrevista concluída
3145,Masculino,29,Niassa,Secundária,Casado,33560.46,171.0,68.2,Insatisfeito,25/02/1995,27/07/2025,1,Sim,Necessita revisão
3146,Feminino,27,Manica,Primária,Divorciado,111960.1,168.8,72.9,Muito insatisfeito,15/01/1997,25/11/2025,2,Não,Entrevista concluída
3147,Feminino,32,Sofala,Secundária,Casado,20214.15,159.0,55.9,Muito insatisfeito,27/08/1992,05/11/2025,1,Não,Sem observações
3148,Feminino,51,Cabo Delgado,Nenhuma,Solteiro,6713.62,143.4,76.4,Satisfeito,02/09/1973,04/11/2025,3,Sim,Sem observações
3149,Feminino,42,Cabo Delgado,primaria,Divorciado,36121.53,162.0,57.5,Muito satisfeito,13/04/1982,22/07/2025,2,Sim,Necessita revisão
3150,Feminino,40,Nampula,Secundária,Divorciado,21030.98,166.2,50.7,Satisfeito,13/05/1984,05/03/2025,4,Não,Necessita revisão
3151,Masculino,18,Gaza,Mestrado,Casado,29109.42,159.4,91.4,Muito insatisfeito,31/12/2006,19/05/2025,2,Não,Contacto posterior
3152,Feminino,46,Sofala,Secundária,União de facto,21617.34,162.6,63.7,Insatisfeito,27/12/1978,26/07/2025,1,Sim,Entrevista concluída
3153,Feminino,36,Nampula,Primária,Divorciado,41381.06,152.0,49.7,Neutro,24/10/1988,17/04/2025,0,Sim,Sem observações
3154,Feminino,39,Manica,Licenciatura,Viúvo,15000 MZN,170.8,52.9,Muito insatisfeito,14/03/1985,17/06/2025,2,Não,Necessita revisão
3155,Masculino,33,Tete,Mestrado,Viúvo,7227.06,152.5,63.4,Muito insatisfeito,15/01/1991,09/07/2025,2,Não,Necessita revisão
3156,Feminino,28,Tete,,Solteiro,12343.91,159.4,70.7,Insatisfeito,18/09/1996,18/05/2025,1,Não,Entrevista concluída
3157,Masculino,20,Cabo Delgado,Secundária,Casado,22864.25,163.0,59.4,Muito insatisfeito,22/02/2004,09/03/2025,0,Sim,Contacto posterior
3158,Masculino,32,Cabo Delgado,Primária,Casado,12318.99,161.9,70.8,Muito insatisfeito,27/08/1992,26/07/2025,2,Sim,Sem observações
3159,Feminino,42,Cabo Delgado,Técnica,Divorciado,49319.55,164.4,55.9,Satisfeito,12/05/1982,06/08/2025,0,Não,Necessita revisão
3160,Masculino,43,Niassa,Licenciatura,Divorciado,16617.45,176.6,46.9,Insatisfeito,27/08/1981,02/10/2025,1,Não,Contacto posterior
3161,Feminino,52,Gaza,Nenhuma,Viúvo,20085.06,172.3,64.9,Muito satisfeito,24/06/1972,24/03/2025,6,Não,Entrevista concluída
3162,Masculino,30,Zambézia,Mestrado,Casado,27169.22,159.3,83.6,Neutro,14/11/1994,18/01/2025,5,Não,Contacto posterior
3163,Masculino,39,Sofala,Primária,Casado,35587.79,146.3,98.4,Muito insatisfeito,18/08/1985,27/11/2025,3,Sim,Contacto posterior
3164,F,42,Niassa,Mestrado,Solteiro,7520.59,169.9,48.0,Muito insatisfeito,05/07/1982,29/01/2025,1,Não,Contacto posterior
3165,Feminino,49,,Secundária,Casado,24879.15,182.8,58.0,Muito insatisfeito,32/13/1985,27/10/2025,3,Não,Contacto posterior
3166,Feminino,45,Cabo Delgado,Secundária,Casado,9383.24,139.7,36.5,Muito satisfeito,22/02/1979,18/10/2025,0,Sim,Necessita revisão
3167,Feminino,26,Cabo Delgado,Primária,Viúvo,49523.29,159.6,63.5,Insatisfeito,04/12/1998,22/03/2025,1,Não,Entrevista concluída
3168,Masculino,32,Cabo Delgado,Mestrado,União de facto,13825.18,168.3,69.9,Neutro,21/07/1992,25/10/2025,4,Sim,Entrevista concluída
3169,Masculino,33,Manica,Mestrado,Viúvo,37195.31,170.4,51.1,Neutro,19/08/1991,05/01/2025,0,Não,Dados confirmados
3170,Feminino,35,Zambézia,Primária,Casado,999999,159.3,64.3,Muito satisfeito,23/06/1989,09/10/2025,1,Não,Entrevista concluída
3171,Masculino,36,Cabo Delgado,Secundária,Casado,7212.54,162.3,62.2,Insatisfeito,20/10/1988,13/06/2025,3,Sim,Entrevista concluída
3172,Feminino,44,Cabo Delgado,Licenciatura,Viúvo,26402.14,175.1,72.0,satisfeito ,03/11/1980,05/07/2025,0,Sim,Sem observações
3173,Masculino,43,Gaza,Licenciatura,Divorciado,18672.31,150.8,65.1,Neutro,30/09/1981,29/05/2025,3,Não,Sem observações
3174,Masculino,53,Niassa,Mestrado,Viúvo,11035.46,164.6,62.1,Muito satisfeito,01/01/1972,19/09/2025,2,Sim,Entrevista concluída
3175,Feminino,46,Tete,Licenciatura,Casado,52503.58,150.5,86.2,Neutro,02/04/1978,23/02/2025,4,Sim,erro
ID-3176,Masculino,26,Inhambane,Técnica,Viúvo,17519.7,157.2,82.9,Satisfeito,24/08/1998,26/11/2025,0,Não,Dados confirmados
3177,Masculino,37,Cabo Delgado,Licenciatura,Divorciado,15340.39,176.0,55.8,Muito insatisfeito,05/08/1987,28/06/2025,2,Não,Entrevista concluída
3178,Masculino,35,Sofala,Licenciatura,Solteiro,35885.01,172.5,60.5,Muito satisfeito,13/12/1989,18/09/2025,3,Sim,Contacto posterior
3179,Masculino,41,Tete,Secundária,Viúvo,12426.0,159.2,68.3,Muito satisfeito,12/11/1983,29/11/2025,2,Não,Necessita revisão
3180,Feminino,54,Inhambane,Secundária,Viúvo,21867.38,162.5,64.7,Neutro,28/01/1970,11/03/2025,1,SIM,Necessita revisão
3181,Feminino,25,Maputo,Licenciatura,União de facto,49110.63,170.6,43.1,Muito satisfeito,26/03/1999,18/05/2025,1,Não,Dados confirmados
3182,Feminino,36,Tete,Técnica,Casado,11292.88,171.3,58.2,Satisfeito,09/01/1988,24/07/2025,3,Não,N/A
3183,Feminino,29,Niassa,Licenciatura,Divorciado,17050.7,162.8,78.1,Satisfeito,18/05/1995,10/09/2025,1,Sim,Sem observações
3184,Feminino,31,Maputo,Mestrado,Solteiro,6627.28,170.0,73.5,Muito insatisfeito,06/08/1993,01/03/2025,3,Sim,Contacto posterior
3185,Feminino,18,Zambézia,Técnica,União de facto,6411.52,176.7,80.3,Muito insatisfeito,28/10/2006,12/01/2025,1,Sim,Sem observações
3186,Masculino,19,Tete,Técnica,União de facto,11833.3,156.2,73.0,Muito insatisfeito,10/09/2005,29/08/2025,2,Não,Dados confirmados
3187,Feminino,18,Nampula,Secundária,Viúvo,16921.39,171.2,63.8,Satisfeito,01/01/2007,16/09/2025,4,Não,Necessita revisão
3188,Feminino,23,Maputo,Secundária,União de facto,7535.29,168.9,80.6,Neutro,24/09/2001,30/10/2025,0,Sim,Dados confirmados
3189,Masculino,39,Tete,Licenciatura,Divorciado,10823.92,161.4,81.7,Muito insatisfeito,02/02/1985,11/07/2025,0,Não,Entrevista concluída
3190,Masculino,32,Zambézia,Licenciatura,Casado,26593.08,164.6,83.3,Neutro,03/08/1992,06/12/2025,3,Sim,Necessita revisão
3191,Masculino,49,Inhambane,Licenciatura,Solteiro,25791.48,163.2,51.9,Neutro,15/08/1975,22/09/2025,3,Não,Sem observações
3192,Masculino,30,Niassa,Secundária,Divorciado,9958.84,164.3,56.8,Neutro,24/05/1994,28/05/2025,0,Não,Necessita revisão
3193,Feminino,18,Niassa,Licenciatura,Casado,26692.58,176.1,61.9,Muito satisfeito,23/03/2006,02/10/2025,3,Não,Necessita revisão
3194,Masculino,47,Cabo Delgado,Técnica,Casado,25306.99,166.4,36.3,Muito insatisfeito,28/05/1977,28/01/2025,0,Sim,Contacto posterior
3195,Masculino,18,Zambézia,Mestrado,Divorciado,18794.78,165.3,76.1,Muito satisfeito,14/07/2006,05/17/2025,4,Não,Necessita revisão
3196,Masculino,20,Niassa,Secundária,União de facto,25245.11,174.4,65.3,Satisfeito,13/06/2004,11/03/2025,2,Sim,Dados confirmados
3197,Feminino,18,Nampula,Técnica,Casado,5346.87,"159,1",87.6,Insatisfeito,24/12/2006,26/05/2025,3,Sim,Entrevista concluída
3198,Masculino,53,Zambézia,Licenciatura,Solteiro,55461.33,161.8,89.5,Muito insatisfeito,25/09/1971,18/01/2025,2,Sim,Contacto posterior
3199,Masculino,41,Sofala,Primária,Divorciado,10088.57,185.4,83.2,Insatisfeito,26/12/1983,13/10/2025,0,Sim,Entrevista concluída
3200,Masculino,18,Zambézia,Primária,Viúvo,3383.39,179.2,84.7,Insatisfeito,17/11/2006,04/07/2025,1,Não,Contacto posterior
3201,Masculino,48,Tete,Secundária,Divorciado,9661.51,45,69.4,Muito satisfeito,15/07/1976,03/05/2025,4,Não,Necessita revisão
3202,Feminino,31,Tete,Técnica,Casado,8419.12,158.0,39.0,Muito satisfeito,04/08/1993,14/02/2025,2,Sim,Entrevista concluída
3203,Feminino,18,Niassa,Licenciatura,Solteiro,17024.88,150.9,66.8,Neutro,16/07/2006,01/01/2026,7,Sim,Dados confirmados
3204,Masculino,18,Zambézia,Primária,Viúvo,7406.92,144.9,61.1,Insatisfeito,2006-02-23,08/11/2025,1,Não,Contacto posterior
3205,Feminino,35,Manica,Licenciatura,Divorciado,15479.99,163.2,64.3,Insatisfeito,03/07/1989,24/05/2025,3,Não,Entrevista concluída
3206,Feminino,,Tete,Secundária,União de facto,13507.12,161.5,75.3,Muito satisfeito,01/04/2006,06/05/2025,2,Não,Contacto posterior
3207,Masculino,31,Niassa,Licenciatura,Casado,46925.63,169.8,58.4,Muito insatisfeito,28/08/1993,16/11/2025,1,Sim,Contacto posterior
3208,Masculino,37,Zambézia,Licenciatura,Casado,25204.94,166.8,78.8,Satisfeito,15-08-1987,24/06/2025,0,Não,Contacto posterior
3209,Masculino,25,Zambézia,Licenciatura,União de facto,8149.77,157.5,80.0,Muito satisfeito,28/09/1999,12/12/2025,2,Sim,Sem observações
3210,Masculino,29,Tete,Técnica,Divorciado,37731.02,150.3,400,Muito insatisfeito,22/05/1995,08/08/2025,2,Sim,Sem observações
3211,Masculino,33,Niassa,Licenciatura,União de facto,27225.59,176.6,68.8,Satisfeito,23/06/1991,30/12/2025,0,Não,Dados confirmados
3212,Feminino,26,Gaza,Técnica,Casado ,11769.21,166.4,62.3,Satisfeito,05/09/1998,29/08/2025,4,Não,Dados confirmados
3213,Masculino,18,Nampula,Primária,Casado,9027.75,165.2,81.9,Satisfeito,11/10/2006,14/01/2025,2,Não,Dados confirmados
3214,Feminino,35,Maputo,Secundária,Divorciado,17565.52,169.7,60.5,Insatisfeito,01/06/1989,17/10/2025,3,Sim,Contacto posterior
3215,Masculino,18,Cabo Delgado,Mestrado,Solteiro,15261.83,173.2,43.9,Muito insatisfeito,24/08/2006,28/09/2025,0,Não,Sem observações
3216,Feminino,49,Niassa,Secundária ,União de facto,18856.87,158.0,63.5,Neutro,20/06/1975,27/12/2025,2,Sim,Entrevista concluída
3217,Feminino,22,Manica,Secundária,União de facto,9788.76,159.9,67.4,Neutro,18/12/2002,04/02/2025,1,Não,Entrevista concluída
3218,Masculino,38,Gaza,Secundária,Solteiro,19192.47,158.1,67.7,Muito insatisfeito,26/05/1986,28/05/2025,2,Não,Entrevista concluída
3219,Feminino,42,Inhambane,Licenciatura,Casado,11961.32,156.9,60.5,Muito insatisfeito,03/02/1982,26/01/2025,2,Sim,Necessita revisão
3220,Masculino,24,Sofala,Licenciatura,União de facto,14342.93,166.9,53.7,Satisfeito,31/03/2000,15/02/2025,2,Sim,Contacto posterior
3221,Feminino,34,Tete,Licenciatura,Solteiro,42647.7,164.8,74.2,Muito satisfeito,23/04/1990,23/09/2025,2,Não,Dados confirmados
3222,Feminino,22,Nampula,Primária,Solteiro,15025.08,180.1,62.9,Neutro,17/04/2002,17/02/2025,3,Talvez,Sem observações
3223,Feminino,42,Niassa,Secundária,União de facto,18269.3,175.8,61.5,Satisfeito,18/11/1982,29/05/2025,,Sim,Sem observações
3224,Masculino,27,Gaza,Licenciatura,Casado,18373.66,157.6,59.1,Insatisfeito,01/01/1998,21/07/2025,4,Sim,Entrevista concluída
3225,Feminino,40,Niassa,Primária,Divorciado,9096.34,163.4,88.0,Muito satisfeito,11/12/1984,03/08/2025,0,Não,N/A
3226,Feminino,38,Inhambane,Licenciatura,Viúvo,76560.95,152.7,72.6,Muito insatisfeito,10/07/1986,18/06/2025,1,Não,Sem observações
3227,Feminino,45,Zambézia,Técnica,União de facto,16176.98,154.6,52.8,Satisfeito,24/08/1979,23/02/2025,1,Sim,Contacto posterior
3228,Feminino,38,Niassa,Licenciatura,Viúvo,27729.1,160.0,53.5,Muito satisfeito,30/05/1986,08/12/2025,3,Sim,Necessita revisão
3229,Masculino,41,Gaza,Primária,Solteiro,6677.91,162.0,58.5,Insatisfeito,13/09/1983,06/04/2025,1,Sim,Necessita revisão
3230,Feminino,38,Tete,Técnica,Casado,34890.59,161.8,73.6,Muito insatisfeito,09/09/1986,12/03/2025,4,Não,Entrevista concluída
3231,Feminino,34,Manica,Primária,Divorciado,36525.56,185.4,79.0,Insatisfeito,18/12/1990,08/04/2025,1,Sim,Sem observações
3232,Feminino,44,Maputo,Secundária,Viúvo,34000.77,169.0,70.1,Satisfeito,22/01/1980,10/09/2025,-1,Sim,Necessita revisão
3233,Masculino,23,Sofala,Secundária,Casado,17130.76,168.2,56.0,Muito Satisfeito,03/04/2001,25/12/2025,0,S,Sem observações
3234,Masculino,24,Sofala,Primária,Viúvo,30594.47,174.6,60.1,Muito satisfeito,01/08/2000,08/04/2025,2,Sim,Entrevista concluída
3235,Masculino,38,Gaza,Secundária,Casado,9620.18,164.5,97.6,Muito satisfeito,25/08/1986,26/11/2025,2,Sim,Sem observações
3236,Feminino,36,Maputo,Primária,Casado,73135.28,158.7,55.3,Muito satisfeito,02/01/1989,25/08/2025,0,Não,Dados confirmados
3237,Feminino,35,Nampula,Licenciatura,Viúvo,15000,160.3,58.5,Satisfeito,16/10/1989,21/07/2025,4,Não,Necessita revisão
3238,Masculino,18,Nampula,Secundária,Casado,15194.33,164.3,50.9,Muito satisfeito,28/11/2006,29/03/2025,2,Não,Entrevista concluída
3239,Feminino,53,Nampula,Mestrado,Solteiro,22814.7,176.0,69.7,Insatisfeito,10/07/1971,18/02/2025,2,Não,Entrevista concluída
3240,Feminino,38,Sofala,Licenciatura,União de facto,19430.24,180.0,67.9,Neutro,13/09/1986,07/02/2025,4,Sim,Entrevista concluída
3241,Masculino,25,Zambézia,Licenciatura,Viúvo,31422.99,148.2,48.8,Neutro,07/02/1999,18/09/2025,0,Sim,Necessita revisão
3242,Feminino,53,Sofala,Secundária,Viúvo,38038.47,180.8,73.5,Satisfeito,23/04/1971,31/07/2025,3,Sim,Dados confirmados
3243,Masculino,28,Gaza,Secundária,União de facto,20683.7,176.4,60.0,Insatisfeito,11/01/1996,29/05/2025,3,Não,Dados confirmados
3244,Feminino,29,Nampula,Mestrado,Solteiro,40323.07,169.4,85.1,Muito insatisfeito,08/07/1995,17/03/2025,0,Não,Sem observações
3245,Feminino,18,Maputo,Mestrado,Divorciado,13569.07,148.5,77.7,Neutro,27/08/2006,17/01/2025,1,Não,Contacto posterior
3246,Masculino,40,Cabo Delgado,Licenciatura,Viúvo,10379.62,164.0,91.3,Muito satisfeito,20/06/1984,13/04/2025,2,Sim,Contacto posterior
3247,Feminino,40,Inhambane,Licenciatura,Separado,16689.75,172.4,72.0,Insatisfeito,24/01/1984,04/12/2025,1,Sim,Entrevista concluída
3248,Feminino,33,Manica,Secundária,Casado,23754.97,171.4,77.9,Satisfeito,09/10/1991,03/08/2025,2,Sim,Sem observações
3249,Masculino,25,Niassa,Secundária,União de facto,17839.44,164.7,75.8,Muito satisfeito,26/02/1999,16/02/2025,3,Não,Sem observações
3250,Feminino,18,Niassa,Mestrado,Solteiro,76258.0,161.8,48.0,Muito insatisfeito,23/07/2006,28/08/2025,2,Não,Contacto posterior
3251,Masculino,35,Zambézia,Primária,Divorciado,9516.16,174.6,86.3,Muito satisfeito,22/07/1989,25/01/2025,2,Não,Sem observações
3252,X,52,Gaza,Secundária,União de facto,16846.98,183.9,76.6,,09/02/1972,17/06/2025,1,Não,Sem observações
3253,Masculino,18,Manica,Licenciatura,Casado,37173.3,160.6,52.7,Satisfeito,12/01/2006,30/10/2025,1,Não,Entrevista concluída
3254,Masculino,21,Inhambane,Licenciatura,União de facto,17139.8,171.0,71.3,Neutro,11/08/2003,16/08/2025,3,Não,Dados confirmados
3255,Masculino,27,Manica,Secundária,União de facto,9825.87,170.0,78.1,Muito insatisfeito,06/06/1997,15/10/2025,3,Sim,Dados confirmados
3256,Masculino,38,Maputo,Técnica,Viúvo,20631.47,182.5,85.6,Satisfeito,27/09/1986,04/08/2025,0,Sim,Contacto posterior
3257,Feminino,25,Niassa,Secundária,Viúvo,13075.84,170.2,54.8,Satisfeito,14/11/1999,30/12/2025,0,Não,Entrevista concluída
3258,,34,Zambézia,Primária,Solteiro,16365.17,147.5,77.8,Neutro,25/09/1990,01/01/2027,2,Não,Necessita revisão
3259,Feminino,42,Inhambane,Primária,Viúvo,6805.37,154.7,62.8,Muito satisfeito,25/01/1982,25/06/2025,4,Não,Necessita revisão
3260,Masculino,46,Niassa,Técnica,União de facto,5355.36,171.4,70.5,Muito satisfeito,30/12/1978,30/12/2025,2,Sim,Entrevista concluída
3261,Masculino,28,Maputo,Primária,Casado,20323.1,143.9,61.6,Muito satisfeito,21/08/1996,16/06/2025,1,Não,Contacto posterior
3262,Masculino,57,Nampula,Primária,Solteiro,11708.38,,67.4,Satisfeito,06/03/1967,18/06/2025,2,Não,Entrevista concluída
3263,Feminino,45,Sofala,Licenciatura,União de facto,16672.58,168.5,,Satisfeito,13/05/1979,08/04/2025,2,Não,Contacto posterior
3264,Masculino,31,Zambézia,Licenciatura,Solteiro,43910.23,164.8,57.5,Muito insatisfeito,08/11/1993,22/10/2025,2,Não,Contacto posterior
3265,Masculino,30,Maputo,Licenciatura,Viúvo,18296.16,162.9,65.6,Satisfeito,12/02/1994,28/04/2025,0,Sim,Necessita revisão
3266,Feminino,40,Manica,Mestrado,Casado,7783.37,153.3,74.6,Neutro,07/05/1984,08/29/2025,3,Sim,Dados confirmados
3267,Masculino,24,Gaza,Licenciatura,Divorciado,47491.29,166.9,80.3,Satisfeito,03/07/2000,01/12/2025,4,Sim,Necessita revisão
3268,Feminino,31,Gaza,Licenciatura,Divorciado,7849.5,160.6,52.3,Insatisfeito,01/04/1993,06/05/2025,2,Não,N/A
3269,Masculino,25,Tete,Secundária,Casado,16714.57,162.9,55.8,Satisfeito,07/08/1999,24/07/2025,2,Não,Contacto posterior
3270,Masculino,52,Niassa,Secundária,Viúvo,12903.41,160.6,69.4,Insatisfeito,20/09/1972,03/10/2025,2,Não,Contacto posterior
3271,Feminino,41,Niassa,Mestrado,Viúvo,19272.65,170.3,90.9,Muito insatisfeito,12/09/1983,05/06/2025,1,Não,Sem observações
3272,Masculino,20,Inhambane,Técnica,Casado,20946.12,157.3,38.3,Insatisfeito,07/01/2004,02/03/2025,1,Não,Necessita revisão
3273,Masculino,30,Cabo Delgado,Licenciatura,Viúvo,15851.42,160.9,98.1,Muito satisfeito,28/05/1994,01/04/2025,2,Não,Entrevista concluída
3274,Masculino,29,Inhambane,Licenciatura,União de facto,15811.98,160.1,63.2,Satisfeito,19/06/1995,30/07/2025,3,Não,Necessita revisão
3275,Masculino,36,Zambézia,Secundária,Casado,0,155.9,84.6,Muito insatisfeito,05/10/1988,02/09/2025,4,Não,Dados confirmados
3276,Masculino,22,Manica,Primária,União de facto,39217.33,156.1,73.0,Insatisfeito,29/01/2002,15/09/2025,2,Não,Entrevista concluída
3277,M,37,Zambézia,Secundária,Casado,7630.35,174.5,78.8,Satisfeito,14/03/1987,15/02/2025,4,Sim,Entrevista concluída
3278,Feminino,0,Cabo Delgado,Licenciatura,Viúvo,9014.14,169.5,63.8 kg,Neutro,07/08/1994,11/10/2025,3,Não,Entrevista concluída
3279,Feminino,39,Tete,Nenhuma,Casado,24168.96,154.1,71.3,Neutro,30/01/1985,07/04/2025,1,Não,Necessita revisão
3280,Feminino,22,Tete,Licenciatura,Solteiro,8604.83,163.6,65.9,Neutro,26/08/2002,04/05/2025,1,Não,Sem observações
3281,Masculino,33,Inhambane,Licenciatura,Casado,30504.43,156.1,95.1,Satisfeito,16/09/1991,29/12/2025,0,Não,Dados confirmados
3282,Masculino,18,Sofala,Secundária,Solteiro,51264.13,176.6,74.5,Satisfeito,25/01/2006,11/12/2025,4,Sim,Entrevista concluída
3283,Masculino,45,Zambézia,lic,União de facto,54992.71,155.4,71.4,Muito insatisfeito,19/01/1979,06/10/2025,4,Não,Dados confirmados
3284,Masculino,34,Maputo,Técnica,Viúvo,43544.44,160.9,55.4,Muito insatisfeito,27/03/1990,05/04/2025,3,Sim,Dados confirmados
3285,Feminino,48,Cabo Delgado,Técnica,casado,32128.65,166.9,45.0,Neutro,02/09/1976,08/08/2025,2,Não,Entrevista concluída
3286,Feminino,28,Sofala,Técnica,Divorciado,48926.81,164.6,60.0,Muito satisfeito,12/05/1996,29/11/2025,3,S,Necessita revisão
3287,Feminino,48,Sofala,Secundária,Solteiro,,173.9,53.3,Não sabe,05/10/1976,15/10/2025,1,Sim,Contacto posterior
3288,Masculino,25,Manica,Secundária,União de facto,17457.78,172.7,66.8,Muito satisfeito,16/05/1999,14/10/2025,0,Não,Dados confirmados
3289,Feminino,49,Manica,Primária,Viúvo,24442.92,163.6,84.7,Satisfeito,18/05/1975,23/07/2025,3,Não,Contacto posterior
3290,Masculino,38,maputo,Secundária,Viúvo,25101.2,169.7,58.3,Muito insatisfeito,09/02/1986,29/06/2025,3,Sim,Entrevista concluída
3291,Masculino,31,Gaza,Primária,Solteiro,16570.69,169.6,50.4,Muito satisfeito,17/08/1993,04/09/2025,1,Sim,Necessita revisão
3292,Masculino,43,Maputo,Técnica,Casado,12258.81,172.0,72.3,Muito satisfeito,03/11/1981,23/01/2025,1,Sim,Dados confirmados
3293,Masculino,25,Zambézia,Primária,Casado,37121.17,162.4,90.9,Insatisfeito,1999-01-27,13/11/2025,0,Sim,Necessita revisão
3294,Feminino,29,Cabo Delgado,Secundária,Divorciado,26951.04,162.7,59.7,Muito Satisfeito,01/11/1995,22/06/2025,2,Não,Necessita revisão
3295,Masculino,30,Gaza,Técnica,União de facto,86312.96,173.3,57.5,Insatisfeito,25/06/1994,28/04/2025,2,Sim,Contacto posterior
3296,Masculino,34,Cabo Delgado,Licenciatura,Viúvo,21098.3,169.3,73.7,Muito insatisfeito,23/04/1990,08/08/2025,3,Não,Contacto posterior
3297,Masculino,43,Nampula,Desconhecido,Solteiro,15379.23,157.0,56.4,Insatisfeito,23/01/1981,06/08/2025,3,Não,Dados confirmados
3298,Masculino,48,Nampula,Secundária,Solteiro,19726.11,250,72.2,Neutro,25/06/1976,25/04/2025,1,Sim,Dados confirmados
3299,Masculino,29,Inhambane,Secundária,Viúvo,20193.71,166.5,78.7,Insatisfeito,16/06/1995,31/12/2025,0,Não,Contacto posterior
3300,Masculino,48,Maputo,Primária,Solteiro,5907.95,171.3,69.3,Neutro,15/08/1976,30/08/2025,2,Sim,Sem observações
3301,Feminino,22,Manica,Licenciatura,Casado,10452.99,147.6,52.9,Neutro,23/12/2002,26/07/2025,2,Sim,Entrevista concluída
3302,Masculino,60,Zambézia,Secundária,Divorciado,67947.41,172.7,84.4,Muito satisfeito,08/08/1964,12/10/2025,3,Não,
3303,Masculino,40,Cabo Delgado,Primária,Divorciado,47794.76,160.5,71.9,Muito satisfeito,30/03/1984,07/03/2025,2,Não,Contacto posterior
3304,Feminino,34,Niassa,Secundária,Solteiro,10835.71,158.8,81.8,Neutro,04/08/1990,12/12/2025,1,Sim,Contacto posterior
3305,Masculino,36,Nampula,Mestrado,Solteiro,10211.05,157.3,90.6,Muito satisfeito,26/10/1988,26/04/2025,1,Não,Necessita revisão
3306,Feminino,34,Niassa,Secundária,União de facto,5008.35,173.7,56.0,Muito satisfeito,15/10/1990,23/08/2025,2,Sim,Sem observações
3307,Masculino,29,Zambézia,Secundária,Divorciado,11820.39,162.1,68.2,Satisfeito,28/01/1995,19/04/2025,1,Sim,Entrevista concluída
3308,Masculino,50,Gaza,Secundária,Divorciado,19382.94,174.7,59.4,Satisfeito,22/03/1974,27/11/2025,0,Sim,Entrevista concluída
3309,Masculino,23,Tete,Licenciatura,Solteiro,19392.38,158.5,61.6,Satisfeito,12/11/2001,04/12/2025,3,Não,Dados confirmados
3310,Feminino,36,Tete,Técnica,Viúvo,20186.6,184.3,62.3,Insatisfeito,09/03/1988,18/03/2025,3,Não,Sem observações
3311,Feminino,33,Inhambane,Licenciatura,Solteiro,40999.82,161.1,87.2,Muito satisfeito,09/11/1991,27/01/2025,1,Sim,N/A
3312,Masculino,21,Zambézia,Primária,Solteiro,17563.67,166.5,58.4,Muito insatisfeito,27/12/2003,01/07/2025,0,Sim,Dados confirmados
3313,Feminino,34,Maputo,Secundária,Solteiro,18478.63,172.0,71.1,Insatisfeito,20/10/1990,10/02/2025,5,Não,Dados confirmados
3314,Masculino,34,Manica,Licenciatura,Casado,31249.12,156.2,85.5,Muito satisfeito,20/01/1990,20/08/2025,3,Sim,Necessita revisão
3315,Feminino,36,Niassa,Licenciatura,Viúvo,45733.64,162.6,45.5,Muito satisfeito,17/07/1988,05/06/2025,4,Sim,Contacto posterior
3316,Masculino,23,Nampula,Primária,Divorciado,11202.4,159.4,65.2,Insatisfeito,09/06/2001,22/04/2025,2,Sim,Entrevista concluída
3317,Masculino,33,Manica,Primária,Solteiro,33838.16,160.8,400,Insatisfeito,09/04/1991,19/07/2025,2,Não,Dados confirmados
3318,Feminino,31,Tete,Licenciatura,Solteiro,25198.71,168.2,49.1,Insatisfeito,28/05/1993,03/02/2025,4,Não,Entrevista concluída
3319,Masculino,18,Inhambane,Mestrado,Divorciado,20963.99,178.4,78.2,Muito satisfeito,31/05/2006,07/07/2025,2,Não,Entrevista concluída
3320,Feminino,44,Gaza,Nenhuma,Casado,15 000,178.3,82.8,Insatisfeito,02/09/1980,21/08/2025,3,Sim,Entrevista concluída
3321,Feminino,41,Tete,Mestrado,Casado,7403.22,162.3,74.6,Muito satisfeito,23/03/1983,05/03/2025,0,Sim,Dados confirmados
3322,Feminino,29,Sofala,Secundária,Solteiro,17281.03,160.6,57.6,Muito insatisfeito,28/09/1995,03/04/2025,1,Não,Contacto posterior
3323,Feminino,37,Cabo Delgado,Licenciatura,Divorciado,93976.52,176.6,65.5,Neutro,26/11/1987,04/04/2025,3,Não,Contacto posterior
3324,Feminino,18,Maputo,Mestrado,União de facto,76458.27,170.4,93.7,Muito satisfeito,23/01/2006,16/01/2025,1,Não,Dados confirmados
3325,Masculino,42,Cabo Delgado,Nenhuma,Solteiro,15127.63,149.3,62.1,Muito satisfeito,07/08/1982,02/12/2025,0,Sim,Contacto posterior
3326,Feminino,18,Manica,Técnica,Divorciado,21775.06,162.4,57.7,Muito insatisfeito,02/05/2006,02/10/2025,5,Sim,Entrevista concluída
3327,Feminino,25,Maputo,Primária,Casado,15896.3,172.8,59.9,Muito satisfeito,31/05/1999,13/05/2025,0,Não,Necessita revisão
3328,Masculino,56,Niassa,Secundária,Viúvo,12591.62,151.4,60.4,Satisfeito,01/04/1968,03/08/2025,2,Sim,Entrevista concluída
3329,Masculino,33,Gaza,Licenciatura,Casado,35064.18,164.1,65.0,Satisfeito,18/04/1991,02/02/2025,3,Sim,Sem observações
3330,Feminino,38,Manica,Secundária,Divorciado,29224.66,160.2,68.1,Muito satisfeito,24/03/1986,04/08/2025,2,Sim,Contacto posterior
3331,Feminino,46,Manica,Primária,Casado,25341.35,159.0,54.9,Insatisfeito,15/01/1978,21/05/2025,1,Não,Necessita revisão
3332,Feminino,50,Nampula,Primária,Viúvo,6583.31,169.2,60.0,Muito insatisfeito,11/11/1974,16/11/2025,0,Sim,Entrevista concluída
3333,Feminino,21,Zambézia,Técnica,Casado,6433.83,125.6,62.3,Insatisfeito,20/06/2003,04/06/2025,-1,Sim,Contacto posterior
3320,Masculino,43,Niassa,Secundária,Casado,4883.86,169.3,72.8,Muito insatisfeito,12/07/1981,17/12/2025,4,Não,Dados confirmados
3335,Feminino,44,Tete,Nenhuma,Solteiro,18636.08,176.0,74.7,Neutro,15/05/1980,13/09/2025,2,Não,Necessita revisão
3336,Masculino,28,Niassa,Mestrado,Casado,6176.35,"161,6",62.0,Muito insatisfeito,11/08/1996,29/08/2025,1,Sim,Entrevista concluída
3337,Feminino,30,Tete,Licenciatura,União de facto,13643.03,169.5,82.1,Muito insatisfeito,27/11/1994,03/26/2025,2,Não,Entrevista concluída
3338,Masculino,31,Sofala,Licenciatura,Divorciado,4236.72,159.2,64.4,Insatisfeito,26/02/1993,25/12/2025,0,Sim,Necessita revisão
3339,Feminino,47,Sofala,Secundária,Casado,5724.85,157.6,75.0,Neutro,04/05/1977,23/03/2025,0,Y,Dados confirmados
3340,Feminino,33,Tete,Licenciatura,Divorciado,46636.69,160.3,67.4,Muito insatisfeito,26/10/1991,23/11/2025,3,Sim,Contacto posterior
3341,Masculino,53,Manica,Secundária,Viúvo,13555.05,177.2,56.4,Muito satisfeito,10/01/1971,28/02/2025,2,Não,Empregado em tempo inteiro
3342,Feminino,18,Niassa,Secundária,Casado,16062.04,153.8,46.6,Neutro,24/06/2006,06/09/2025,2,Não,Necessita revisão
3343,Masculino,49,Sofala,Licenciatura,Casado,38411.42,162.2,67.9,Muito satisfeito,26/10/1975,27/09/2025,1,Sim,Dados confirmados
3344,Masculino,28,Cabo Delgado,Primária,Divorciado,8524.08,184.2,55.9,Insatisfeito,18/09/1996,04/03/2025,1,Sim,Necessita revisão
3335,Masculino,36,Gaza,Nenhuma,Divorciado,10594.61,170.3,64.7,Neutro,13/09/1988,,1,Não,Contacto posterior
3346,Masculino,24,Tete,Licenciatura,Viúvo,21919.04,171.2,64.1,Insatisfeito,14/01/2000,22/01/2025,1,Sim,Dados confirmados
3347,Masculino,45,Gaza,Licenciatura,Solteiro,26512.65,161.2,67.3,Satisfeito,01/04/1979,13/05/2025,4,Sim,Dados confirmados
3348,Feminino,44,Zambézia,Primária,União de facto,30668.1,159.7,83.7,Muito satisfeito,13/05/1980,31/12/2025,2,Sim,Dados confirmados
3349,Masculino,33,Gaza,Secundária,Solteiro,23714.37,164.3,52.9,Muito satisfeito,10/04/1991,21/09/2025,2,Não,Contacto posterior
3350,Feminino,30,Zambézia,Primária ,Viúvo,44832.05,161.7,67.0,Insatisfeito,25/04/1994,25/07/2025,4,Sim,Necessita revisão
3351,Feminino,32,Niassa,Mestrado,Solteiro,18356.64,169.3,90.6,Muito satisfeito,11/03/1992,03/04/2025,3,Sim,Necessita revisão
3352,Feminino,26,Niassa,Licenciatura,Solteiro,19883.48,168.0,57.4,Satisfeito,15/04/1998,24/02/2025,2,Sim,Entrevista concluída
3353,Feminino,18,Inhambane,Primária,Viúvo,7772.24,174.3,61.8,Insatisfeito,07/12/2006,30/10/2025,1,Sim,Contacto posterior
3354,Feminino,25,Gaza,Primária,Viúvo,10926.62,164.3,63.5,Muito insatisfeito,31/10/1999,26/11/2025,2,Sim,SEM OBSERVAÇÕES
3355,Feminino,32,Maputo,Licenciatura,Viúvo,12105.84,162.2,76.2,satisfeito ,27/08/1992,18/07/2025,3,Sim,Sem observações
3356,Masculino,38,Inhambane,Secundária,União de facto,40624.48,160.4,75.7,Satisfeito,04/05/1986,09/09/2025,0,Não,Entrevista concluída
3357,Masculino,44,Niassa,Primária,Casado,13961.13,179.6,61.7,Muito insatisfeito,11/02/1980,11/01/2025,2,Não,Necessita revisão
3358,Masculino,42,Manica,Técnica,União-de-facto,46145.14,159.5,51.7,Muito satisfeito,12/09/1982,10/10/2025,3,Não,Entrevista concluída
3359,Feminino,30,Sofala,Primária,Divorciado,16446.57,177.4,77.7,Neutro,24/09/1994,03/08/2025,2,Não,Necessita revisão
3360,Masculino,31,Maputo,Primária,Solteiro,12075.77,170.4,75.6,Muito insatisfeito,25/06/1993,28/02/2025,2,Não,Sem observações
3361,Masculino,31,Gaza,Licenciatura,União de facto,8784.47,165.6,70.5,Insatisfeito,09/10/1993,19/11/2025,3,Não,Necessita revisão
3362,Masculino,32,Tete,Primária,Viúvo,20558.37,151.4,48.8,Muito insatisfeito,13/06/1992,10/11/2025,2,Não,Sem observações
3363,Feminino,28,Nampula,Secundária,União de facto,37835.88,186.6,71.8,Satisfeito,01/02/1996,10/06/2025,3,Não,Necessita revisão
3364,Masculino,42,Tete,Primária,Viúvo,20756.66,160.6,63.6,Insatisfeito,14/10/1982,03/09/2025,1,Sim,Necessita revisão
3365,Masculino,31,Manica,Secundária,Viúvo,66847.86,161.2,65.0,Muito insatisfeito,29/04/1993,21/07/2025,4,Não,Necessita revisão
3366,Masculino,21,Nampula,Mestrado,Viúvo,46363.1,166.5,74.0,Insatisfeito,27/04/2003,10/05/2025,3,Sim,Dados confirmados
3367,Masculino,18,Sofala,Licenciatura,Casado,21447.53,159.9,93.3,Muito insatisfeito,08/04/2006,15/08/2025,0,Não,Entrevista concluída
3368,Feminino,18,Niassa,Técnica,União de facto,35731.3,155.2,58.2,Neutro,15/03/2006,09/01/2025,2,Sim,Contacto posterior
3369,Feminino,36,Gaza,Secundária,União de facto,12362.65,175.3,57.6,Insatisfeito,08/01/1988,14/03/2025,2,Sim,Sem observações
3370,Feminino,18,Zambézia,Técnica,Casado,39295.34,176.1,83.5,Satisfeito,10/05/2006,26/01/2025,4,Não,Necessita revisão
3371,Masculino,36,Gaza,Técnica,Casado,21175.98,165.3,76.1,Muito satisfeito,07/08/1988,24/11/2025,1,Não,Sem observações
3372,Masculino,37,Maputo,Secundária,Solteiro,13870.04,177.1,80.5,Muito insatisfeito,30/05/1987,02/09/2025,3,Não,Necessita revisão
3373,Masculino,19,Manica,Secundária,Divorciado,9176.09,161.4,38.7,Muito insatisfeito,05/09/2005,30/04/2025,4,Não,Contacto posterior
3374,Feminino,21,Tete,Primária,Solteiro,23798.99,161.3,64.4,Muito satisfeito,03/01/2004,14/11/2025,0,,Necessita revisão
3375,Feminino,32,Maputo,Primária,Viúvo,17496.66,169.6,66.4,Insatisfeito,02/11/1992,19/06/2025,1,Sim,Entrevista concluída
3376,Masculino,34,,Secundária,Divorciado,4338.52,164.6,64.6,Satisfeito,31/02/1990,25/09/2025,2,Não,Necessita revisão
3377,Masculino,33,Cabo Delgado,Primária,,10628.91,166.0,62.3,Satisfeito,18/09/1991,05/05/2025,3,Sim,Entrevista concluída
3378,Feminino,24,Zambézia,Primária,Solteiro,29830.5,177.9,61.7,Muito insatisfeito,14/03/2000,28/03/2025,0,Não,Contacto posterior
3379,Masculino,24,Maputo,Secundária,Casado,13262.45,152.5,75.2,Satisfeito,02/07/2000,26/09/2025,0,Não,Entrevista concluída
3380,Feminino,37,Niassa,Técnica,União de facto,11038.48,177.9,64.2,Muito insatisfeito,17/08/1987,22/10/2025,3,Sim,Entrevista concluída
3381,Feminino,46,Nampula,Licenciatura,Viúvo,69964.02,156.2,71.9,Muito insatisfeito,25/04/1978,25/09/2025,1,Não,Sem observações
3382,Feminino,40,Cabo Delgado,Secundária,União de facto,38211.61,165.6,58.0,Muito insatisfeito,1984-12-02,07/11/2025,1,Sim,Sem observações
3383,Feminino,43,Cabo Delgado,Primária,Viúvo,43962.19,172.8,77.7,Neutro,01/03/1981,26/11/2025,1,Não,Dados confirmados
3384,Feminino,32,Sofala,Secundária,Viúvo,34475.95,163.5,43.4,Muito satisfeito,06/01/1992,15/05/2025,1,Não,Entrevista concluída
3385,Feminino,38,Inhambane,Técnica,Casado,30101.94,157.6,57.0,Satisfeito,07/03/1986,09/10/2025,1,Não,Sem observações
3386,Masculino,43,Zambézia,Secundária,Divorciado,16100.8,157.1,70.0,Satisfeito,17/06/1981,20/07/2025,3,Sim,Sem observações
3387,Masculino,45,Niassa,Licenciatura,Viúvo,5254.97,175.4,62.5,Neutro,30/10/1979,05/09/2025,3,Não,Contacto posterior
3388,Feminino,41,Gaza,Técnica,Solteiro,8640.64,166.1,52.5,Insatisfeito,25/03/1983,17/04/2025,3,Sim,Necessita revisão
3389,Masculino,20,Niassa,Licenciatura,Viúvo,12961.4,160.0,68.3,Muito satisfeito,26/03/2004,23/12/2025,3,Sim,Contacto posterior
3390, feminino,33,Tete,Secundária,Solteiro,34730.21,156.5,77.8,Neutro,02/08/1991,10/05/2025,2,Não,Necessita revisão
3391,Feminino,36,Tete,Primária,Casado,19050.43,167.4,77.7,Satisfeito,08/03/1988,23/09/2025,2,Sim,Contacto posterior
3392,Feminino,32,Cabo Delgado,Secundária,União de facto,17624.59,181.0,77.3,Muito insatisfeito,03/11/1992,13/06/2025,3,sim,Sem observações
3393,Masculino,50,Inhambane,Licenciatura,União de facto,12254.03,164.5,73.5,Muito insatisfeito,22/10/1974,16/06/2025,2,Sim,Entrevista concluída
3394,Masculino,32,Sofala,Secundária,Divorciado,7608.22,144.7,53.1,Muito insatisfeito,06/09/1992,11/11/2025,2,Sim,Contacto posterior
3395,Feminino,41,Inhambane,Licenciatura,Viúvo,15410.24,45,59.5,Satisfeito,24/05/1983,04/07/2025,3,Não,Dados confirmados
3396,Feminino,43,Cabo Delgado,Licenciatura,Divorciado,9563.16,150.6,65.4,Muito satisfeito,18/01/1981,28/10/2025,0,Não,Dados confirmados
3397,Feminino,51,Nampula,Licenciatura,União de facto,5993.83,172.0,67.7,Neutro,24/03/1973,21/11/2025,3,Não,Sem obs.
3398,Masculino,49,Tete,Secundária,Divorciado,35298.85,167.5,60.4,Muito insatisfeito,06/10/1975,12/04/2025,2,Sim,Entrevista concluída
3399,Masculino,35,Maputo,Mestrado,Divorciado,22509.56,175.1,109.6,Satisfeito,10/08/1989,05/09/2025,6,Não,Necessita revisão
3400,Feminino,39,Zambézia,Secundária,Divorciado,49482.45,167.8,59.7,Satisfeito,16/06/1985,04/02/2025,1,Sim,Sem observações
3401,Feminino,35,Tete,Primária,Divorciado,18327.75,167.8,64.4,Neutro,09/02/1989,02/12/2025,2,Unknown,Contacto posterior
3402,Masculino,27,Manica,Secundária,Casado,9241.03,149.5,93.0,Muito insatisfeito,22/08/1997,29/11/2025,0,Sim,Dados confirmados
3403,Feminino,39,Maputo,Mestrado,Divorciado,15000 MZN,156.2,58.7,Muito satisfeito,25/04/1985,15/09/2025,1,Sim,Necessita revisão
3404,Masculino,31,Maputo,Licenciatura,Divorciado,30490.48,139.0,44.7,Satisfeito,20/07/1993,19/09/2025,1,Não,Contacto posterior
3405,Feminino,47,Cabo Delgado,Mestrado,Solteiro,13447.1,169.4,61.2,Neutro,30/11/1977,03/06/2025,1,Sim,Necessita revisão
3406,Feminino,58,Maputo,Secundária,Solteiro,-500,141.9,99.9,Muito satisfeito,26/04/1966,22/05/2025,3,Sim,Necessita revisão
3407,Feminino,31,Tete,Licenciatura,União de facto,16993.95,152.9,69.7,Muito satisfeito,16/12/1993,15/08/2025,0,Não,Necessita revisão
3408,Masculino,35,Sofala,Licenciatura,Solteiro,8968.54,176.4,76.9,Satisfeito,01/10/1989,02/16/2025,2,Sim,Necessita revisão
3409,Feminino,18,Sofala,Técnica,União de facto,20868.48,165.6,61.9,Muito insatisfeito,19/10/2006,30/07/2025,1,Sim,Contacto posterior
3410,Feminino,41,Cabo Delgado,Licenciatura,Solteiro,10021.57,155.5,50.2,Insatisfeito,11/06/1983,06/01/2025,0,Não,Entrevista concluída
3411,Feminino,36,Inhambane,Secundária,Solteiro,30736.64,176.2,70.2,Muito insatisfeito,05/10/1988,19/06/2025,4,Sim,Sem observações
3412,Feminino,37,Gaza,Primária,União de facto,111935.0,158.5,48.7,Neutro,26/04/1987,13/03/2025,2,Não,Dados confirmados
3413,Feminino,52,Tete,Nenhuma,Casado,23920.22,169.7,72.8,Neutro,08/04/1972,13/08/2025,1,Sim,Contacto posterior
3414,Masculino,23,Cabo Delgado,Licenciatura,Casado,24111.11,178.1,79.1,Neutro,25/02/2001,12/03/2025,4,Não,Entrevista concluída
3415,Masculino,27,Niassa,Licenciatura,Divorciado,19648.17,163.5,66.5,Insatisfeito,01/03/1997,10/10/2025,2,Sim,Sem observações
3416,Feminino,31,Niassa,Licenciatura,Casado,11104.8,177.2,76.9,muito satisfeito,21/09/1993,02/11/2025,2,Sim,Sem observações
3417,Feminino,50,Nampula,Secundária ,Viúvo,18498.92,178.5,60.1,Muito satisfeito,11/11/1974,11/01/2025,2,Sim,Necessita revisão
3418,Feminino,18,Nampula,Secundária,Divorciado,118418.77,156.9,60.7,Insatisfeito,05/09/2006,11/09/2025,4,Não,Necessita revisão
3419,Feminino,29,Niassa,,Solteiro,19185.0,173.5,69.0,Satisfeito,17/02/1995,08/08/2025,1,Não,Entrevista concluída
3420,Masculino,36,Tete,Primária,União de facto,6204.15,157.6,75.2,Satisfeito,15/05/1988,30/05/2025,2,Não,Contacto posterior
3421,Feminino,20,Zambézia,Secundária,Casado,23572.72,172.5,88.1,Muito insatisfeito,08/11/2004,01/07/2025,2,Sim,Contacto posterior
3422,Feminino,42,Gaza,Secundária,Casado,15974.29,161.5,83.6,Muito satisfeito,23/04/1982,31/03/2025,2,Sim,Contacto posterior
3423,Masculino,47,Tete,Licenciatura,Viúvo,17051.72,137.5,89.3,Insatisfeito,09/02/1977,16/11/2025,3,Sim,Dados confirmados
3424,Feminino,21,Cabo Delgado,Mestrado,Viúvo,23319.1,170.9,-20,Neutro,17/12/2003,03/10/2025,2,Sim,Entrevista concluída
3425,Masculino,32,Maputo,Técnica,Casado,7622.34,162.9,50.1,Insatisfeito,25/01/1992,30/03/2025,0,Não,Dados confirmados
3426,Masculino,34,Cabo Delgado,Licenciatura,Solteiro,47427.57,142.5,80.9,Neutro,18/05/1990,30/05/2025,2,Sim,Sem observações
3427,Feminino,0,Tete,Secundária,União de facto,8056.63,151.9,80.5 kg,Satisfeito,06/06/1998,11/06/2025,1,Não,Entrevista concluída
3428,Feminino,35,Cabo Delgado,Mestrado,Solteiro,23677.15,182.4,61.3,Muito insatisfeito,22/06/1989,26/08/2025,5,Sim,Necessita revisão
3429,Feminino,36,Cabo Delgado,Primária,Divorciado,15123.6,159.4,52.5,Muito satisfeito,12/03/1988,16/12/2025,1,Não,erro
3430,Feminino,28,Sofala,Licenciatura,Viúvo,15727.01,170.4,60.0,Satisfeito,23/04/1996,19/06/2025,0,Sim,Entrevista concluída
3431,Feminino,49,Zambézia,Secundária,casado,25296.74,147.9,63.8,Muito insatisfeito,18/02/1975,06/05/2025,2,Não,Necessita revisão
3432,Masculino,37,Tete,Licenciatura,Viúvo,10312.35,158.9,61.3,Muito satisfeito,16/05/1987,23/03/2025,2,Não,Entrevista concluída
3433,Masculino,41,Manica,Primária,Viúvo,11335.55,151.2,66.5,Muito insatisfeito,09/05/1983,09/10/2025,2,Não,Contacto posterior
3434,Masculino,18,Inhambane,Primária,União de facto,14049.06,165.4,54.7,Muito insatisfeito,08/05/2006,15/08/2025,20,Sim,Necessita revisão
3435,Feminino,,Zambézia,Licenciatura,Divorciado,22986.51,163.0,76.1,Muito satisfeito,13/10/1964,20/09/2025,1,Não,Necessita revisão
3436,Masculino,38,Inhambane,Técnica,Divorciado,22109.24,158.6,60.8,Insatisfeito,02/05/1986,25/01/2025,2,Sim,Entrevista concluída
3437,Feminino,29,Cabo Delgado,Técnica,Solteiro,59990.08,173.9,75.2,Muito satisfeito,19/10/1995,14/06/2025,2,Não,Contacto posterior
3438,Feminino,18,Gaza,Secundária,Separado,42052.55,176.1,45.3,Neutro,18/05/2006,03/07/2025,1,Sim,Necessita revisão
3439,,33,Sofala,Nenhuma,União de facto,13859.69,164.3,62.1,Muito satisfeito,22/04/1991,01/01/2020,6,Não,Entrevista concluída
3440,Feminino,39,Maputo,Primária,Viúvo,32405.01,155.7,80.0,Muito satisfeito,02/05/1985,14/10/2025,3,Não,Sem obs.
3441,Feminino,30,Sofala,Licenciatura,Casado,7016.33,150.3,65.9,Muito insatisfeito,24/12/1994,20/09/2025,1,Não,Contacto posterior
3442,Feminino,36,Cabo Delgado,Licenciatura,Viúvo,23370.54,195.2,66.3,Insatisfeito,23/01/1988,13/06/2025,2,Não,Dados confirmados
3443,Masculino,30,Gaza,Secundária,Divorciado,8311.88,158.2,67.9,Satisfeito,16/12/1994,25/11/2025,2,Sim,Necessita revisão
3444,Feminino,18,Cabo Delgado,Licenciatura,Divorciado,12852.47,178.4,93.2,Neutro,19/10/2006,16/07/2025,1,Sim,Entrevista concluída
3445,Feminino,47,Niassa,Secundária,Solteiro,16085.45,167.9,77.7,Neutro,02/04/1977,03/05/2025,0,S,Entrevista concluída
3446,Feminino,47,Gaza,Licenciatura,Viúvo,24594.22,169.6,63.5,Satisfeito,10/05/1977,17/04/2025,0,Sim,Dados confirmados
3447,Masculino,29,Zambézia,Secundária,Divorciado,15641.63,171.9,68.9,Neutro,25/10/1995,03/01/2025,0,Não,Dados confirmados
3448,Masculino,26,Cabo Delgado,Licenciatura,Viúvo,12170.67,152.0,65.0,Muito satisfeito,13/09/1998,06/11/2025,6,Sim,Sem observações
3449,Feminino,25,Inhambane,Primária,Divorciado,17419.35,165.6,77.7,Muito satisfeito,27/03/1999,20/06/2025,2,Sim,Necessita revisão
3450,Masculino,31,Zambézia,Secundária,União de facto,12309.82,172.6,61.9,Muito insatisfeito,01/02/1993,10/06/2025,0,Sim,Dados confirmados
3451,Masculino,43,Maputo,Secundária,União de facto,11506.8,182.3,74.6,Muito satisfeito,23/04/1981,27/09/2025,4,Sim,Sem observações
3452,Feminino,46,Inhambane,Licenciatura,Solteiro,73855.03,167.1,78.9,Satisfeito,30/04/1978,24/08/2025,2,Não,Dados confirmados
3453,Masculino,44,Manica,Primária,Viúvo,39401.12,171.7,55.5,Muito insatisfeito,29/07/1980,16/08/2025,6,Sim,Contacto posterior
3454,Feminino,41,Nampula,Desconhecido,Solteiro,41597.14,164.5,81.9,Muito insatisfeito,21/05/1983,11/12/2025,2,Não,Necessita revisão
3455,Feminino,28,Gaza,Técnica,Viúvo,38695.08,162.7,81.6,Muito satisfeito,29/05/1996,28/05/2025,1,Sim,Contacto posterior
3456,Feminino,49,Sofala,Primária,Casado,14091.08,162.8,75.2,Neutro,24/10/1975,06/09/2025,2,Não,Sem observações
3457,Masculino,47,Tete,Nenhuma,União de facto,35942.23,161.9,57.0,Insatisfeito,08/07/1977,13/10/2025,0,Sim,Entrevista concluída
3458,Feminino,18,Maputo,Primária,Divorciado,12282.44,168.5,48.1,Muito insatisfeito,29/07/2006,27/11/2025,4,Sim,Contacto posterior
3459,Feminino,34,Inhambane,Licenciatura,Viúvo,24118.84,169.7,79.2,Insatisfeito,11/10/1990,28/10/2025,1,Não,Dados confirmados
3460,Feminino,31,Inhambane,Secundária,Divorciado,,171.3,72.1,0,07/02/1993,05/09/2025,3,Não,Dados confirmados
3461,Masculino,18,Inhambane,Técnica,Divorciado,11483.02,170.2,98.4,Satisfeito,11/01/2006,30/01/2025,3,Sim,Necessita revisão
3462,Feminino,41,Tete,Secundária,Divorciado,26879.57,162.4,64.6,Muito insatisfeito,07/02/1983,24/09/2025,1,Sim,Necessita revisão
3463,Masculino,38,Nampula,Licenciatura,Casado,8929.39,168.0,57.3,Muito satisfeito,03/07/1986,29/07/2025,1,Não,Necessita revisão
3464,Feminino,31,Nampula,Mestrado,União de facto,37073.75,179.7,54.4,Muito satisfeito,12/06/1993,11/08/2025,2,Não,Necessita revisão
3465,Masculino,28,Gaza,Secundária,Solteiro,15031.7,164.1,41.5,Insatisfeito,28/06/1996,05/07/2025,0,Sim,Necessita revisão
3466,Masculino,25,Tete,Licenciatura,Casado,12500.69,149.9,45.3,Muito insatisfeito,27/06/1999,17/07/2025,2,Sim,Dados confirmados
3467,Masculino,46,Cabo Delgado,Licenciatura,Casado,14562.03,158.9,49.8,Insatisfeito,01/09/1978,03/02/2025,1,Sim,Entrevista concluída
3468,Feminino,36,Gaza,Primária,Solteiro,13506.22,162.7,46.0,Muito satisfeito,16/03/1988,09/10/2025,4,Não,Dados confirmados
3469,Feminino,39,Nampula,Primária,Viúvo,25067.6,141.5,67.2,Satisfeito,03/11/1985,26/09/2025,2,Não,Entrevista concluída
3470,Feminino,47,Tete,Secundária,Divorciado,7151.3,168.3,63.3,Neutro,23/01/1977,04/09/2025,0,Não,Dados confirmados
3471,Masculino,18,Zambézia,Licenciatura,Viúvo,40551.4,182.6,78.1,Neutro,2006-07-10,30/05/2025,2,Não,Entrevista concluída
3472,Masculino,41,Manica,Secundária,Solteiro,2694.28,170.5,73.4,Insatisfeito,07/06/1983,21/09/2025,2,Sim,Sem observações
3473,Masculino,46,Gaza,Técnica,Viúvo,17078.17,173.3,69.1,Insatisfeito,27/08/1978,16/10/2025,2,Não,Sem observações
3474,Masculino,26,Sofala,Secundária,União de facto,13457.51,172.0,67.1,Muito insatisfeito,25/09/1998,15/11/2025,2,Não,Dados confirmados
3475,Masculino,41,Gaza,Secundária,Divorciado,15178.83,"164,8",77.3,Muito insatisfeito,02/07/1983,23/02/2025,1,Não,Entrevista concluída
3476,Masculino,50,Sofala,Primária,Casado,34619.25,165.3,61.2,Muito satisfeito,05/06/1974,14/08/2025,3,Não,Dados confirmados
3477,Masculino,49,Manica,Secundária,Divorciado,15873.95,159.2,58.8,muito satisfeito,17/09/1975,24/05/2025,3,Sim,Entrevista concluída
3478,Feminino,21,Mpt,Secundária,União de facto,20430.27,154.6,74.3,Muito insatisfeito,12/10/2003,18/06/2025,1,Não,Contacto posterior
3479,Masculino,45,Gaza,Nenhuma,Solteiro,31045.07,167.0,72.4,Insatisfeito,12/08/1979,03/03/2025,1,Não,Sem observações
3480,Masculino,50,Manica,Secundária,Casado,12605.21,173.5,56.8,Muito satisfeito,16/05/1974,13/11/2025,0,Não,Contacto posterior
3481,Masculino,24,Manica,Secundária,Casado,12142.5,183.1,74.2,Muito satisfeito,22/03/2000,18/07/2025,3,Sim,Necessita revisão
3482,Masculino,25,Maputo,Mestrado,Casado,14803.15,158.4,56.7,Insatisfeito,03/03/1999,02/12/2025,2,Não,Entrevista concluída
3483,Masculino,42,Nampula,Mestrado,Solteiro,10422.66,156.0,60.9,Neutro,04/12/1982,02/01/2025,6,Não,Sem observações 
3484,Masculino,27,Sofala,lic,União de facto,24422.23,175.2,97.7,Insatisfeito,28/08/1997,01/11/2025,2,Sim,Necessita revisão
3485,Feminino,18,Maputo,Secundária,Viúvo,22356.96,175.5,57.9,Muito insatisfeito,21/06/2006,17/07/2025,2,Não,Entrevista concluída
3486,Feminino,18,Manica,Técnica,Casado,"15,000",157.1,78.5,Muito satisfeito,01/01/2007,08/06/2025,3,Sim,Necessita revisão
3487,Feminino,31,Maputo,Secundária,Divorciado,999999,144.7,67.2,Neutro,28/02/1993,27/02/2025,0,Não,Necessita revisão
3488,Feminino,31,Nampula,Licenciatura,Casado,22776.85,151.1,74.8,Neutro,23/05/1993,14/12/2025,1,Sim,Necessita revisão
3489,Masculino,37,Tete,Secundária,Solteiro,14491.02,164.9,83.6,Satisfeito,07/11/1987,28/08/2025,0,Sim,Necessita revisão
3490,Masculino,44,Gaza,Licenciatura,Casado,16867.49,178.6,67.5,Muito insatisfeito,13/11/1980,18/08/2025,6,Sim,Entrevista concluída
3491,Feminino,35,Zambézia,Técnica,Divorciado,14995.3,174.4,63.6,Muito insatisfeito,05/12/1989,23/01/2025,1,Sim,Dados confirmados
3492,Feminino,32,Tete,Licenciatura,Divorciado,19413.4,45,52.6,Muito insatisfeito,03/12/1992,28/04/2025,1,Sim,Contacto posterior
3493,Feminino,42,Manica,Mestrado,Viúvo,24923.4,178.9,97.3,Satisfeito,14/11/1982,15/02/2025,3,Sim,Necessita revisão
3494,Feminino,46,Manica,Primária,Casado,23437.05,162.5,75.4,Insatisfeito,19/05/1978,16/06/2025,1,Sim,Dados confirmados
3495,Feminino,18,Inhambane,Técnica,Divorciado,7640.61,,48.8,Insatisfeito,11/10/2006,03/03/2025,3,Sim,Sem observações
3496,Feminino,24,Sofala,Mestrado,Viúvo,24120.89,156.5,68.7,Neutro,12/08/2000,15/06/2025,3,Não,Dados confirmados
3497,Masculino,52,Gaza,Primária,Divorciado,107899.29,151.6,65.6,Satisfeito,27/01/1972,06/03/2025,4,Não,Sem observações
3498,Feminino,45,Manica,Secundária,Solteiro,8142.78,157.2,82.5,Muito insatisfeito,14/12/1979,19/03/2025,1,yes,Entrevista concluída
3499,Masculino,20,Niassa,Secundária,Viúvo,15942.81,167.1,72.4,Insatisfeito,09/08/2004,07/06/2025,2,Não,Dados confirmados
3500,Masculino,23,Maputo,Licenciatura,Casado,16042.5,164.6,67.4,Muito insatisfeito,25/05/2001,27/02/2025,2,Não,Entrevista concluída
3501,Feminino,18,Quelimane,Secundária,Divorciado,21968.14,166.1,84.0,Muito satisfeito,23/02/2006,31/05/2025,4,Não,Dados confirmados
3502,Feminino,38,Nampula,Mestrado,Viúvo,14537.54,155.7,103.5,Neutro,23/02/1986,12/08/2025,2,Não,Necessita revisão
3503,F,45,Tete,Nenhuma,Casado,6559.57,147.7,75.1,Satisfeito,16/04/1979,09/05/2025,0,Não,Sem observações
3504,Masculino,22,Nampula,Primária,União-de-facto,38951.49,175.3,60.9,Muito insatisfeito,28/03/2002,16/07/2025,1,Sim,Dados confirmados
3505,Masculino,35,Niassa,Mestrado,Divorciado,25864.89,170.6,82.1,Satisfeito,03/02/1989,08/08/2025,4,Sim,Necessita revisão
3506,Masculino,27,Sofala,Primária,União de facto,9437.27,160.0,58.7,Neutro,13/02/1997,14/12/2025,1,Sim,Dados confirmados
3507,Feminino,25,Inhambane,Mestrado,Casado,33405.79,182.3,65.2,Satisfeito,03/11/1999,26/04/2025,3,Sim,Entrevista concluída
3508,Feminino,30,Zambézia,Licenciatura,União de facto,29690.32,157.3,83.0,Insatisfeito,19/12/1994,07/08/2025,1,Sim,Dados confirmados
3509,Feminino,24,Maputo,Secundária,União de facto,6621.75,182.9,85.6,Muito satisfeito,15/08/2000,17/09/2025,3,Sim,Contacto posterior
3510,Masculino,18,Zambézia,Técnica,Solteiro,14982.82,159.4,66.0,Muito insatisfeito,17/08/2006,09/09/2025,2,Não,Dados confirmados
3511,Masculino,20,Manica,Mestrado,Divorciado,26356.79,147.4,42.4,Insatisfeito,03/10/2004,05/06/2025,2,Não,Contacto posterior
3512,Feminino,18,Tete,Licenciatura,Viúvo,16619.02,157.0,53.3,Insatisfeito,16/02/2006,01/08/2025,2,Não,Dados confirmados
3513,Masculino,42,Manica,Primária,Solteiro,10664.26,160.2,80.3,Neutro,24/06/1982,31/01/2025,2,Não,Necessita revisão
3514,Feminino,31,Nampula,Primária,União de facto,55123.07,171.1,,Muito satisfeito,25/09/1993,13/10/2025,3,Não,Necessita revisão
3515,Feminino,38,Tete,Primária,União de facto,8120.29,162.4,43.3,Neutro,01/09/1986,27/07/2025,3,Não,Entrevista concluída
3516,Masculino,28,Sofala,Licenciatura,Casado,17715.14,168.2,75.7,Insatisfeito,28/06/1996,06/02/2025,,Sim,Necessita revisão
3517,Feminino,34,Gaza,Técnica,Casado,4387.6,157.1,53.6,Muito satisfeito,20/05/1990,11/08/2025,4,Não,Entrevista concluída
3518,Feminino,30,Nampula,Secundária,Viúvo,28315.45,146.2,72.0,Neutro,14/09/1994,16/10/2025,1,Sim,Contacto posterior
3519,Feminino,34,Sofala,Primária,União de facto,7319.46,161.5,60.1,Neutro,24/04/1990,09/09/2025,0,Sim,Sem observações
3520,Feminino,23,Maputo,Licenciatura,União de facto,43503.92,156.0,68.3,Muito satisfeito,26/03/2001,21/05/2025,0,Sim,Contacto posterior
3521,Feminino,18,Manica,Secundária,União de facto,6573.98,158.2,83.3,Insatisfeito,11/01/2006,23/01/2025,0,Sim,Necessita revisão
3522,Feminino,30,Manica,Secundária,União de facto,7032.47,172.2,72.6,Muito insatisfeito,28/04/1994,03/01/2025,2,Não,Contacto posterior
3523,X,18,Inhambane,Secundária,Divorciado,21536.57,177.1,56.8,,16/07/2006,19/07/2025,4,Não,Entrevista concluída
3524,Masculino,22,Manica,Primária,União de facto,29876.61,172.3,60.8,Satisfeito,16/05/2002,31/07/2025,2,Sim,Entrevista concluída
3525,Masculino,22,Nampula,Secundária,União de facto,51952.91,160.0,66.6,Insatisfeito,30/08/2002,20/06/2025,4,Não,Contacto posterior
3526,Feminino,19,Manica,Primária,Viúvo,16711.11,175.2,97.9,Insatisfeito,15/09/2005,14/01/2025,6,Sim,Sem observações 
3527,Masculino,51,Gaza,Secundária,Viúvo,8406.72,164.4,58.2,Satisfeito,15/11/1973,19/06/2025,1,Sim,Necessita revisão
3528,Feminino,57,Niassa,Secundária,Solteiro,14057.7,170.3,62.8,Satisfeito,24/09/1967,17/03/2025,1,Sim,Sem observações
3529,Masculino,33,Maputo,Secundária,Casado,6429.39,141.3,69.9,Insatisfeito,10/06/1991,28/02/2025,0,Sim,Entrevista concluída
3530,Feminino,33,Nampula,Secundária,Viúvo,42535.38,171.1,52.4,Neutro,05/05/1991,14/08/2025,1,Sim,Entrevista concluída
3531,Feminino,23,Maputo,Primária,União de facto,28482.45,172.0,5,Satisfeito,10/05/2001,04/02/2025,3,Sim,Contacto posterior
3532,Masculino,39,Inhambane,Secundária,União de facto,20943.42,145.7,48.5,Muito satisfeito,28/07/1985,22/10/2025,1,Sim,Entrevista concluída
3533,Masculino,50,Nampula,Secundária,União de facto,21094.2,176.1,55.2,Muito insatisfeito,14/06/1974,19/09/2025,0,Não,Sem observações
3534,Feminino,47,Cabo Delgado,Secundária,União de facto,11786.89,171.8,68.5,Neutro,25/09/1977,03/07/2025,2,Não,Sem observações
3535,Masculino,22,Niassa,Primária,União de facto,4605.98,166.0,44.6,Insatisfeito,06/08/2002,21/05/2025,-1,Sim,Contacto posterior
3536,Feminino,18,Nampula,Secundária,Viúvo,12435.4,172.3,67.5,Neutro,14/09/2006,27/11/2025,2,Não,Contacto posterior
3537,Masculino,37,Gaza,Secundária,União de facto,-500,158.3,57.2,Muito satisfeito,19/01/1987,21/08/2025,1,Sim,Necessita revisão
3538,Feminino,52,Zambézia,Primária,União de facto,10771.26,163.9,69.7,Muito Satisfeito,19/09/1972,22/10/2025,4,Não,Dados confirmados
3539,Masculino,31,Tete,Primária,Viúvo,16161.71,172.1,94.5,Muito insatisfeito,19/03/1993,04/01/2025,2,Sim,Entrevista concluída
3540,Feminino,30,Sofala,Primária,Divorciado,23322.98,155.2,68.6,Insatisfeito,19/05/1994,18/05/2025,4,Sim,Entrevista concluída
3541,Feminino,25,Sofala,Nenhuma,Divorciado,34462.0,141.7,65.1,Muito insatisfeito,09/02/1999,14/05/2025,6,Sim,Sem observações
3542,Masculino,39,Manica,Mestrado,Divorciado,12745.75,142.6,84.0,Satisfeito,11/02/1985,08/02/2025,0,Não,Entrevista concluída
3543,Masculino,25,Manica,Primária,Divorciado,11790.61,162.4,58.5,Muito satisfeito,05/03/1999,14/04/2025,2,Não,Contacto posterior
3544,Feminino,32,Manica,Mestrado,Solteiro,10913.89,166.0,59.6,Neutro,12/09/1992,28/02/2025,3,Sim,Dados confirmados
3545,Masculino,49,Cabo Delgado,Secundária,Casado,13527.78,170.7,54.4,Insatisfeito,02/01/1976,10/10/2025,0,Não,Dados confirmados
3546,Feminino,23,Tete,Mestrado,Viúvo,7058.79,181.6,38.3,Muito satisfeito,06/07/2001,11/01/2025,2,Sim,Sem observações
3547,Feminino,36,Zambézia,Secundária,Solteiro,47875.16,166.6,71.2,Insatisfeito,11/08/1988,01/03/2025,1,Sim,Dados confirmados
3548,Feminino,18,Cabo Delgado,Primária,Casado,9640.78,160.9,62.5,Satisfeito,22/09/2006,08/09/2025,5,Não,Necessita revisão
3549,Feminino,21,Maputo,Secundária,Divorciado,20580.97,153.6,77.5,Neutro,01/09/2003,03/11/2025,1,Sim,Necessita revisão
3550,Feminino,20,Gaza,Licenciatura,Solteiro,20577.29,170.0,45.5,Muito insatisfeito,01/07/2004,06/17/2025,2,Não,Contacto posterior
3545,Masculino,25,Niassa,lic,Divorciado,14501.44,157.0,77.4,Muito insatisfeito,30/09/1999,08/05/2025,1,yes,Dados confirmados
3552,Masculino,52,Zambézia,Licenciatura,Casado,35894.15,162.8,63.7,Insatisfeito,25/12/1972,01/02/2025,1,Não,Sem observações
3553,Feminino,36,Maputo,Primária,Solteiro,18941.59,178.7,71.3,Satisfeito,15/07/1988,29/05/2025,1,Sim,Necessita revisão
3554,Feminino,37,Cabo Delgado,Licenciatura,Viúvo,32482.11,166.1,66.5,Insatisfeito,14/07/1987,06/09/2025,0,Sim,Sem observações
3555,Masculino,22,Inhambane,Primária,Divorciado,12798.93,169.8,65.7,Neutro,27/08/2002,23/06/2025,1,Não,Sem observações
3556,Masculino,20,Niassa,Licenciatura,União de facto,22537.95,166.8,58.9,Satisfeito,14/01/2004,12/02/2025,1,Sim,erro
3557,Feminino,26,Cabo Delgado,Técnica,Viúvo,57843.45,157.0,52.8,Muito satisfeito,17/12/1998,24/11/2025,3,Não,Contacto posterior
3558,Masculino,37,Maputo,Primária,Divorciado,7925.97,159.2,43.4,Muito satisfeito,31/10/1987,07/01/2025,2,Sim,Sem observações
3559,Feminino,44,Sofala,Secundária,Viúvo,10837.23,173.0,66.1,Muito insatisfeito,24/08/1980,04/06/2025,1,Não,Entrevista concluída
3560,Feminino,24,Cabo Delgado,Primária,Casado,9545.45,171.6,79.7,Satisfeito,2000-06-14,23/05/2025,1,Sim,Necessita revisão
3561,Feminino,37,Niassa,Secundária,União de facto,17076.28,157.2,70.5,Muito insatisfeito,31/01/1987,12/03/2025,1,Não,Contacto posterior
3562,Masculino,18,Cabo Delgado,Nenhuma,Casado,54383.16,153.5,54.1,Neutro,07/03/2006,05/02/2025,2,Não,Sem observações
3563,Masculino,18,Nampula,Técnica,Solteiro,16833.78,174.6,58.1,Satisfeito,02/12/2006,20/11/2025,2,Não,Entrevista concluída
3564,Masculino,42,Sofala,Secundária,Viúvo,5001.94,167.6,64.5,Insatisfeito,20/04/1982,08/04/2025,4,Não,Entrevista concluída
3565,Masculino,32,Zambézia,Secundária,Casado,19710.69,152.3,80.2,Insatisfeito,02/04/1992,19/05/2025,2,Sim,Entrevista concluída
3566,Masculino,25,Zambézia,Secundária,Solteiro,28024.32,180.1,52.5,Insatisfeito,08/01/1999,04/12/2025,2,Sim,Contacto posterior
3567,Feminino,28,Manica,Licenciatura,Divorciado,12106.89,163.1,69.3,Neutro,12/09/1996,24/03/2025,2,Sim,Sem observações
3568,Feminino,25,Manica,Licenciatura,União de facto,29234.93,163.5,71.2,Muito satisfeito,13/07/1999,,2,Sim,Entrevista concluída
3569,Masculino,32,Manica,Mestrado,União de facto,15000 MZN,166.7,52.7,Neutro,22/01/1992,15/12/2025,2,Sim,sem observacao
3570,Masculino,43,Nampula,Licenciatura,Casado,25063.1,178.0,48.6,Muito satisfeito,01/08/1981,17/08/2025,3,Sim,Sem observações
3571,Feminino,51,Manica,Técnica,União de facto,36420.83,164.8,63.1,Insatisfeito,01/04/1973,10/10/2025,1,Não,Dados confirmados
3572,Masculino,39,Zambézia,Licenciatura,Solteiro,25184.93,158.4,45.9,Muito satisfeito,02/03/1985,14/09/2025,4,Sim,Sem observações
ID-3573,Masculino,25,Sofala,Primária,União de facto,15791.38,148.3,55.8,Satisfeito,24/02/1999,19/11/2025,3,Sim,Contacto posterior
3574,Feminino,34,Inhambane,Secundária,Solteiro,9109.06,168.5,71.4,Neutro,24/03/1990,26/09/2025,2,Sim,Entrevista concluída
3575,Feminino,34,Sofala,Mestrado,Viúvo,24611.65,175.6,72.1,Muito insatisfeito,25/03/1990,07/08/2025,2,Não,Sem observações
3576,Masculino,5,Gaza,Secundária,Viúvo,24991.76,155.8,84.2 kg,Neutro,23/02/1986,04/09/2025,1,Sim,Necessita revisão
3577,Masculino,38,Maputo,Nenhuma,SOLTEIRO,18031.73,155.0,78.6,Muito insatisfeito,31/10/1986,01/09/2025,0,Não,Necessita revisão
3578,Masculino,38,Maputo,Secundária,Solteiro,23070.0,169.7,76.8,Muito insatisfeito,10/03/1986,29/01/2025,1,Sim,Entrevista concluída
3579,Feminino,49,Maputo,Nenhuma,União de facto,68431.53,180.2,68.8,Muito insatisfeito,04/03/1975,26/05/2025,0,Não,Sem observações
3580,Masculino,58,Sofala,Licenciatura,União de facto,5347.88,158.1,46.3,Satisfeito,24/05/1966,25/02/2025,2,Unknown,Contacto posterior
3581,Masculino,39,Manica,Primária,Casado,42562.12,152.1,61.9,Muito satisfeito,30/07/1985,15/03/2025,3,Sim,Sem observações
3582,Masculino,56,Maputo,Secundária,Solteiro,17557.01,154.6,49.8,Muito insatisfeito,27/12/1968,28/11/2025,1,Não,Dados confirmados
3583,Feminino,30,Gaza,Secundária,Casado,20665.03,142.3,64.7,Neutro,28/07/1994,16/10/2025,2,Sim,Necessita revisão
3584,Feminino,26,Zambézia,Licenciatura,Viúvo,12410.07,163.3,57.5,Satisfeito,18/12/1998,20/02/2025,2,Sim,Dados confirmados
3585,Masculino,18,Maputo,Licenciatura,Viúvo,23349.0,156.3,53.2,Muito satisfeito,16/01/2006,23/06/2025,0,Não,Dados confirmados
3586,Feminino,36,Niassa,Mestrado,União de facto,20968.15,170.5,68.3,Insatisfeito,05/07/1988,09/06/2025,3,Sim,Entrevista concluída
3587,Feminino,29,,Primária,Solteiro,5955.66,167.8,47.2,Neutro,,06/11/2025,1,Sim,Entrevista concluída
3588,Masculino,41,Zambézia,Primária,Divorciado,22284.31,167.5,84.5,Muito insatisfeito,15/07/1983,23/12/2025,2,Sim,Dados confirmados
3589,Feminino,30,Cabo Delgado,Técnica,Divorciado,21441.71,45,75.7,Insatisfeito,16/08/1994,07/02/2025,5,Sim,Contacto posterior
3590,Masculino,48,Sofala,Secundária,União de facto,14220.53,161.4,75.5,Satisfeito,04/12/1976,02/09/2025,5,Não,Entrevista concluída
3591,Masculino,44,Inhambane,Secundária,Divorciado,4851.97,148.6,68.8,Muito satisfeito,19/01/1980,27/04/2025,3,Sim,Dados confirmados
3592,Feminino,37,Zambézia,Secundária,Solteiro,34888.28,173.3,54.9,Muito insatisfeito,19/02/1987,25/04/2025,2,Sim,Sem observações
3593,Feminino,31,Sofala,Secundária,Casado,75686.01,168.0,56.9,Muito satisfeito,09/03/1993,18/11/2025,1,Não,Contacto posterior
3594,Feminino,32,Inhambane,Primária,União de facto,5174.27,167.2,70.8,Insatisfeito,23/03/1992,02/10/2025,1,Sim,Contacto posterior
3595,Feminino,33,Manica,Primária,Viúvo,98733.81,157.6,35.9,Insatisfeito,24/10/1991,30/04/2025,1,Sim,Sem observações
3596,Masculino,53,Sofala,Técnica,Solteiro,5755.26,160.4,51.9,Muito insatisfeito,10/07/1971,20/09/2025,2,Não,Dados confirmados
3597,Feminino,28,Niassa,Mestrado,Viúvo,51902.85,142.3,61.1,Satisfeito,21/08/1996,02/04/2025,1,Sim,Necessita revisão
3598,Masculino,27,Maputo,Licenciatura,União de facto,5403.69,153.1,58.2,Muito insatisfeito,02/08/1997,08/10/2025,4,Não,Empregado em tempo inteiro
3599,Masculino,52,Nampula,Secundária,Divorciado,22269.7,163.3,48.8,Muito Satisfeito,11/10/1972,28/01/2025,1,Sim,Necessita revisão
3600,Masculino,46,Sofala,Licenciatura,Viúvo,6723.5,174.8,85.1,Satisfeito,08/06/1978,28/08/2025,2,Não,Entrevista concluída
3601,Feminino,33,Nampula,Secundária,União de facto,14830.44,168.7,78.8,Insatisfeito,03/06/1991,30/05/2025,2,Não,Sem observações
3602,Masculino,19,Tete,Secundária,Viúvo,11844.27,162.3,75.4,Muito insatisfeito,29/09/2005,13/10/2025,4,Não,Sem observações
3603,Masculino,53,Nampula,Primária,Viúvo,7428.35,173.2,35.0,Muito satisfeito,27/07/1971,23/05/2025,2,Sim,Entrevista concluída
3604,Feminino,36,Maputo,Secundária,União de facto,17331.02,161.5,64.1,Insatisfeito,15/03/1988,29/10/2025,3,SIM,Dados confirmados
3605,Feminino,18,Manica,Secundária,Viúvo,5309.83,152.2,71.3,Satisfeito,15/02/2006,20/07/2025,3,Sim,Sem observações
3595,Feminino,30,Niassa,Licenciatura,Divorciado,17775.37,161.8,67.6,Neutro,08/05/1994,29/07/2025,0,Não,Sem observações
3607,Masculino,18,Tete,Primária,Casado,17886.61,185.8,78.9,Insatisfeito,03/07/2006,04/04/2025,0,Sim,Contacto posterior
3608,Feminino,40,Inhambane,Primária,Casado,56314.41,163.3,84.1,Insatisfeito,20/11/1984,21/03/2025,1,Sim,Entrevista concluída
3609,Feminino,35,Maputo,Técnica,Casado,21637.55,166.5,64.1,Muito insatisfeito,15-08-1987,19/04/2025,0,Não,Dados confirmados
3610,Masculino,35,Cabo Delgado,Licenciatura,Divorciado,26947.94,162.5,55.0,Muito insatisfeito,04/07/1989,11/08/2025,2,Não,Necessita revisão
3611,Feminino,53,Cabo Delgado,Desconhecido,Solteiro,17911.31,179.4,69.7,Insatisfeito,25/02/1971,21/07/2025,2,Sim,Sem observações
3612,Feminino,41,Tete,Primária,Casado,48690.85,175.3,66.2,Insatisfeito,28/06/1983,12/05/2025,2,Não,Sem obs.
3613,Masculino,28,Maputo,Secundária,Divorciado,11292.96,153.5,52.3,Muito insatisfeito,27/06/1996,11/01/2025,1,Sim,Sem observações
3614,Feminino,37,Niassa,Licenciatura,Solteiro,25068.46,"163,7",63.2,Muito satisfeito,10/01/1987,05/02/2025,2,Não,Necessita revisão
3615,Masculino,24,Zambézia,Secundária,Casado,38690.73,153.9,71.0,Insatisfeito,29/10/2000,29/08/2025,2,,Entrevista concluída
3616,masc,38,Niassa,Secundária,Solteiro,10458.69,165.9,45.3,Muito insatisfeito,11/04/1986,01/06/2025,2,Não,Dados confirmados
3617,Masculino,32,Maputo,Primária,Casado,17002.71,171.7,54.3,Muito insatisfeito,02/06/1992,07/08/2025,3,Sim,Sem observações
3618,Masculino,40,Tete,secundaria,União de facto,19929.63,170.8,77.2,Muito insatisfeito,25/04/1984,16/07/2025,2,Sim,Entrevista concluída
3619,Feminino,30,Nampula,Técnica,União de facto,11530.4,167.1,64.8,Muito insatisfeito,26/07/1994,14/02/2025,1,Sim,Necessita revisão
3620,,27,Nampula,Licenciatura,Divorciado,13527.0,168.9,53.8,Satisfeito,23/10/1997,01/01/2027,1,Sim,Sem observações
3621,Masculino,42,Tete,Licenciatura,Divorciado,5189.81,155.9,64.0,Insatisfeito,14/11/1982,01/07/2025,1,Não,Necessita revisão
3622,Feminino,31,Maputo,Primária,Solteiro,13413.07,159.9,68.2,Satisfeito,03/06/1993,02/05/2025,0,Sim,Necessita revisão
3623,Feminino,40,Inhambane,Licenciatura,Casado,19210.29,159.4,52.4,Neutro,01/06/1984,11/04/2025,1,Não,Sem observações
3624,Masculino,35,Niassa,Primária,União de facto,8993.43,142.9,59.8,Muito satisfeito,07/05/1989,31/05/2025,6,Sim,Necessita revisão
3625,Feminino,44,Cabo Delgado,Primária,Solteiro,12698.44,179.8,86.1,Muito satisfeito,18/11/1980,20/03/2025,2,Não,Entrevista concluída
3626,Feminino,39,Niassa,Técnica,Viúvo,22030.1,170.0,59.3,Muito insatisfeito,05/11/1985,31/01/2025,2,Sim,Necessita revisão
3627,Masculino,48, Nampula ,Primária,Casado,28084.18,160.0,68.4,Neutro,01/09/1976,10/03/2025,1,Não,Entrevista concluída
3628,Masculino,36,Gaza,Licenciatura,Divorciado,11839.97,166.7,56.6,Muito satisfeito,18/05/1988,01/04/2025,1,Sim,Dados confirmados
3629,Masculino,45,Gaza,Licenciatura,Separado,31810.54,174.9,60.9,Neutro,15/05/1979,08/04/2025,2,Não,Dados confirmados
3630,Masculino,39,Niassa,Secundária,Solteiro,10418.9,165.7,58.0,Satisfeito,17/10/1985,19/05/2025,4,Sim,Necessita revisão
3631,Masculino,39,Cabo Delgado,Técnica,Divorciado,4487.57,158.6,81.3,Muito satisfeito,13/03/1985,16/09/2025,3,Não,Contacto posterior
3632,Masculino,24,Tete,Técnica,Divorciado,7902.8,167.3,47.0,Neutro,29/09/2000,09/10/2025,2,Não,Sem observações
3633,Masculino,28,Zambézia,Secundária,Solteiro,,165.6,50.8,0,03/06/1996,22/03/2025,1,Sim,Sem observações
3634,Masculino,28,Tete,Secundária,Divorciado,10845.78,176.0,72.2,Satisfeito,04/04/1996,16/11/2025,2,Não,Dados confirmados
3635,Feminino,50,Tete,Secundária,Viúvo,11777.78,164.2,69.3,Neutro,08/07/1974,13/09/2025,2,Não,Sem observações
3636,Masculino,44,Zambézia,Licenciatura,Divorciado,4995.95,159.6,71.2,Muito insatisfeito,04/05/1980,25/08/2025,20,Não,Sem observações
3637,Feminino,18,Maputo,Primária,Solteiro,6593.67,170.4,92.0,Muito insatisfeito,07/10/2006,17/09/2025,1,Sim,Contacto posterior
3638,Feminino,18,Maputo,Secundária,União de facto,13745.32,152.6,5,Muito satisfeito,26/08/2006,04/08/2025,3,Não,Contacto posterior
3639,Feminino,44,Niassa,Primária,Viúvo,19381.73,164.5,65.5,Muito insatisfeito,14/06/1980,17/04/2025,1,Não,Contacto posterior
3640,Masculino,18,Maputo,Técnica,Divorciado,12789.03,158.5,64.5,Insatisfeito,14/01/2006,15/11/2025,2,Sim,Contacto posterior
3641,Masculino,37,Tete,Primária,Viúvo,14731.91,157.5,73.4,Muito insatisfeito,06/04/1987,30/11/2025,1,Não,Sem observações
3642,Masculino,42,Inhambane,Licenciatura,Solteiro,16681.56,154.7,96.3,Insatisfeito,20/12/1982,09/02/2025,2,Sim,Dados confirmados
3643,Feminino,31,Tete,Secundária,Casado,34172.47,174.8,78.5,Insatisfeito,09/06/1993,10/12/2025,1,Sim,Sem observações
3644,Masculino,41,Niassa,Licenciatura,Solteiro,12140.19,162.3,64.1,Satisfeito,22/02/1983,21/02/2025,1,Não,Necessita revisão
3645,Masculino,26,Maputo,Técnica,Solteiro,4752.49,160.7,83.0,Neutro,08/10/1998,13/12/2025,2,Não,Entrevista concluída
3646,Masculino,32,Sofala,Secundária,Casado,13756.13,158.2,47.0,Muito insatisfeito,19/01/1992,26/06/2025,1,Sim,Entrevista concluída
3647,Feminino,18,Nampula,Licenciatura,Divorciado,30015.78,159.1,62.7,Neutro,09/11/2006,14/04/2025,2,Não,Entrevista concluída
3648,Feminino,34,Niassa,Secundária,Divorciado,32724.48,147.8,73.5,Insatisfeito,12/12/1990,14/01/2025,1,Sim,Contacto posterior
3649,Masculino,24,Sofala,Licenciatura,Viúvo,7878.76,157.6,61.2,Muito satisfeito,2000-02-02,29/10/2025,3,Sim,Contacto posterior
3650,Masculino,30,Maputo,Licenciatura,solteiro,13219.29,164.7,60.2,Muito insatisfeito,12/05/1994,12/07/2025,0,Sim,Entrevista concluída
3651,Masculino,36,Inhambane,Técnica,Solteiro,24606.05,177.6,55.7,Neutro,22/07/1988,10/09/2025,3,Sim,Dados confirmados
3652,Feminino,36,Niassa,Secundária,Viúvo,15 000,162.8,65.8,Muito satisfeito,01/07/1988,09/02/2025,3,Não,Contacto posterior
3653,Masculino,26,Gaza,Técnica,Viúvo,7697.7,179.1,64.1,Muito insatisfeito,19/04/1998,22/09/2025,0,Sim,Entrevista concluída
3654,Feminino,37,Cabo Delgado,Licenciatura,Viúvo,24172.45,169.0,71.2,Muito insatisfeito,19/10/1987,06/02/2025,1,Não,Necessita revisão
3655,Masculino,21,Cabo Delgado,Nenhuma,União de facto,53327.73,181.4,79.2,Muito insatisfeito,27/10/2003,24/09/2025,2,Sim,SEM OBSERVAÇÕES
3656,Feminino,31,Gaza,Mestrado,Casado,21248.36,183.5,73.9,Neutro,10/04/1993,17/01/2025,2,Sim,Sem observações
3657,Feminino,47,Nampula,Mestrado,Casado,53193.43,171.9,50.1,Neutro,09/06/1977,01/12/2025,2,Y,Entrevista concluída
3658,Masculino,42,NPL,Secundária,Viúvo,22401.09,159.3,70.9,Muito satisfeito,18/04/1982,04/07/2025,4,Não,Contacto posterior
3659,Masculino,39,Sofala,Mestrado,Divorciado,5892.65,163.7,77.6,Satisfeito,31/05/1985,21/04/2025,3,Sim,Necessita revisão
3660,Masculino,49,Inhambane,Primária,União de facto,13744.9,185.8,93.6,5,25/12/1975,10/10/2025,1,Sim,Sem observações
3661,Feminino,23,Zambézia,Licenciatura,Casado,11331.41,156.8,67.6,Muito insatisfeito,19/03/2001,14/08/2025,5,Não,Dados confirmados
3662,Masculino,40,Manica,Primária,União de facto,5423.27,155.3,88.1,Muito satisfeito,07/05/1984,25/07/2025,3,Sim,Entrevista concluída
3663,Masculino,41,Gaza,Primária,União de facto,23474.4,172.8,51.2,Muito satisfeito,24/07/1983,01/11/2025,1,Não,Entrevista concluída
3664,Masculino,,Nampula,Primária,Solteiro,13049.08,170.1,73.8,Muito satisfeito,09/05/1978,04/12/2025,3,Sim,Sem observações
3665,Feminino,18,Cabo Delgado,Secundária,Viúvo,12541.14,177.6,76.4,Neutro,20/12/2006,19/02/2025,1,Sim,Necessita revisão
3666,Feminino,20,Gaza,Primária,Viúvo,10018.74,155.1,93.8,Satisfeito,21/05/2004,15/07/2025,4,Sim,Necessita revisão
3667,Masculino,34,Sofala,Técnica,Divorciado,11308.62,166.5,81.0,Satisfeito,15/02/1990,25/05/2025,3,Sim,Entrevista concluída
3668,Masculino,26,Manica,Primária,Casado,0,165.7,63.3,Neutro,06/03/1998,21/06/2025,1,Não,Necessita revisão
3669,Masculino,18,Niassa,Primária,Viúvo,21329.42,166.2,64.3,Muito satisfeito,12/08/2006,04/12/2025,0,Não,Necessita revisão
3670,Masculino,28,Zambézia,Secundária,Casado,18889.24,160.5,69.0,Neutro,19/06/1996,23/03/2025,3,Não,Sem observações
3671,Feminino,38,Inhambane,Primária,Divorciado,9838.3,150.5,74.6,Satisfeito,10/04/1986,03/11/2025,2,Não,Dados confirmados
3672,Masculino,18,Cabo Delgado,Técnica,Solteiro,17319.61,154.9,78.1,Muito insatisfeito,03/02/2006,08/04/2025,2,Não,Contacto posterior
3673,Masculino,29,Gaza,Primária,União de facto,27833.77,157.0,65.0,Neutro,02/06/1995,24/03/2025,3,Não,Sem observações
3674,Masculino,18,Cabo Delgado,Primária,União de facto,77751.7,159.3,55.5,Muito satisfeito,18/08/2006,15/12/2025,3,Não,Entrevista concluída
3675,Masculino,45,Inhambane,Secundária,Casado,34747.22,172.8,70.3,Muito insatisfeito,10/07/1979,04/09/2025,10,Sim,Entrevista concluída
3676,Feminino,25,Niassa,Secundária,Casado,21115.96,182.0,77.6,Muito satisfeito,03/06/1999,24/01/2025,1,Sim,Contacto posterior
3677,Masculino,52,Maputo,Licenciatura,Solteiro,47582.17,175.5,68.2,Satisfeito,09/07/1972,25/07/2025,0,Sim,Contacto posterior
3678,Feminino,37,Zambézia,Licenciatura,União de facto,15090.56,169.4,74.1,Neutro,09/09/1987,27/03/2025,0,Sim,Contacto posterior
3679,Feminino,28,Inhambane,Secundária,Casado,13227.4,162.8,72.2,Neutro,28/04/1996,29/12/2025,1,Sim,Dados confirmados
3680,Masculino,38,Manica,Secundária,Divorciado,13994.82,161.6,72.4,Insatisfeito,06/09/1986,24/09/2025,1,Sim,Dados confirmados
3681,Masculino,42,Sofala,Primária,Solteiro,21466.6,165.3,55.2,Muito insatisfeito,29/03/1982,11/09/2025,5,Sim,Contacto posterior
3682,Feminino,36,Sofala,,Viúvo,26865.44,172.5,71.2,Muito insatisfeito,22/07/1988,16/04/2025,4,Não,Sem observações
3683,Masculino,21,Zambézia,Licenciatura,Divorciado,25490.16,165.5,77.9,Muito insatisfeito,14/09/2003,15/03/2025,5,Sim,corrigir
3684,Feminino,37,Manica,Licenciatura,,44577.08,150.5,95.4,Satisfeito,09/08/1987,07/08/2025,0,Sim,Sem observações
3685,Feminino,39,Sofala,LIC,Divorciado,40147.34,148.7,65.9,Muito insatisfeito,05/06/1985,23/07/2025,4,Sim,Sem observações
3686,Masculino,27,Niassa,Secundária,Divorciado,22110.58,250,61.6,Muito satisfeito,08/07/1997,06/07/2025,2,Não,Contacto posterior
3687,Feminino,42,Maputo,Licenciatura,Divorciado,14184.94,162.9,53.9,Satisfeito,08/07/1982,12/06/2025,2,Sim,Necessita revisão
3688,Feminino,41,Cabo Delgado,Primária,Divorciado,9642.01,161.8,66.3,Satisfeito,18/04/1983,16/07/2025,2,Sim,Dados confirmados
3689,Feminino,37,nampula,Licenciatura,União de facto,7997.67,171.2,68.9,Insatisfeito,24/05/1987,27/11/2025,0,Não,Sem observações
3690,Feminino,42,Tete,Primária,Divorciado,19230.0,166.5,91.7,Neutro,01/11/1982,18/01/2025,3,Sim,Contacto posterior
3671,Feminino,52,Sofala,Primária,Viúvo,23570.32,170.7,84.7,Neutro,08/10/1972,27/09/2025,3,Não,Contacto posterior
3692,Masculino,18,Gaza,Secundária,União de facto,60970.49,159.8,71.9,Muito satisfeito,01/05/2006,05/07/2025,4,Não,Necessita revisão
3693,Feminino,22,Cabo Delgado,Secundária,Solteiro,41640.7,163.8,91.7,Satisfeito,07/11/2002,29/10/2025,2,Sim,Sem observações
3694,Feminino,35,Zambézia,Primária,Viúvo,27694.0,160.4,63.0,Muito satisfeito,29/10/1989,30/08/2025,4,Não,Necessita revisão
3695,Feminino,55,Inhambane,Técnica,Divorciado,13290.36,151.7,45.7,Satisfeito,17/05/1969,08/03/2025,2,Sim,Necessita revisão
3696,Masculino,41,Nampula,Mestrado,Casado,77005.53,163.7,63.7,Muito insatisfeito,17/05/1983,16/08/2025,3,Sim,Necessita revisão
3697,Masculino,37,Nampula,Primária,União de facto,6134.86,167.8,71.1,Muito insatisfeito,16/05/1987,27/11/2025,2,Sim,Dados confirmados
3698,Feminino,47,Inhambane,Secundária,União de facto,18436.28,168.3,71.8,Satisfeito,28/11/1977,18/05/2025,1,Não,Sem observações 
2525,Masculino,23,Niassa,Secundária,Casado,33456.28,172.4,95.0,Insatisfeito,19/11/2001,08/02/2025,20,Sim,Necessita revisão
3700,Masculino,34,Cabo Delgado,Secundária,Viúvo,3370.28,153.6,73.5,Insatisfeito,24/02/1990,31/10/2025,2,Sim,Entrevista concluída
3701,Masculino,23,Niassa,Licenciatura,Divorciado,23591.08,160.8,69.9,Neutro,23/11/2001,07/01/2025,3,Sim,Sem observações
3702,Masculino,55,Zambézia,Nenhuma,Divorciado,38679.65,163.0,90.3,Satisfeito,08/11/1969,16/01/2025,1,Não,Dados confirmados
3703,Masculino,30,Nampula,Primária,União de facto,24312.55,151.8,70.3,Muito satisfeito,24/01/1994,21/02/2025,0,Não,Dados confirmados
3704,Masculino,18,Niassa,Licenciatura,Divorciado,30075.45,162.4,79.7,Neutro,30/01/2006,20/12/2025,1,Não,Necessita revisão
3705,Feminino,25,Gaza,Licenciatura,Viúvo,22262.56,164.3,76.2,Muito insatisfeito,12/11/1999,25/11/2025,3,Não,Dados confirmados
3706,Feminino,34,Sofala,Secundária,Casado,6645.38,158.5,47.6,Muito satisfeito,13/06/1990,09/07/2025,2,Sim,Necessita revisão
3707,Masculino,22,Nampula,Licenciatura,Solteiro,12929.26,169.3,67.5,Neutro,12/05/2002,08/06/2025,1,Sim,Necessita revisão
3708,Masculino,38,Manica,Licenciatura,Solteiro,29723.99,162.1,49.5,Neutro,14/02/1986,11/07/2025,2,Sim,Sem observações
3709,Feminino,34,Niassa,Técnica,Viúvo,7835.21,166.8,89.9,Muito satisfeito,14/09/1990,31/07/2025,0,Sim,Entrevista concluída
3710,Masculino,34,Manica,Primária,Divorciado,16959.09,161.7,88.6,Neutro,05/08/1990,21/07/2025,5,S,Necessita revisão
3711,Feminino,18,Zambézia,Técnica,União de facto,12245.93,153.3,67.6,Satisfeito,25/04/2006,29/06/2025,1,Não,Contacto posterior
3712,Feminino,24,Nampula,Licenciatura,Solteiro,37824.79,168.4,74.5,Insatisfeito,21/11/2000,28/09/2025,4,Não,Dados confirmados
3713,Masculino,30,Gaza,Primária,Casado,28078.3,162.5,72.6,Muito satisfeito,17/12/1994,13/03/2025,3,Não,Necessita revisão
3714,Feminino,19,Gaza,Licenciatura,Viúvo,6406.58,162.2,53.3,Satisfeito,18/03/2005,18/03/2025,0,Não,Necessita revisão
3715,Feminino,36,Gaza,Mestrado,União de facto,14715.45,152.9,64.0,Satisfeito,01/07/1988,20/12/2025,4,Não,Necessita revisão
3716,Feminino,38,Maputo,Licenciatura,Casado,5868.66,173.0,78.7,Neutro,25/10/1986,28/12/2025,4,Sim,Dados confirmados
3717,Masculino,24,Nampula,Secundária,Solteiro,8807.36,193.3,66.3,Insatisfeito,15/09/2000,14/05/2025,0,Sim,Dados confirmados
3718,Feminino,39,Tete,Primária,Viúvo,22056.6,155.0,86.5,Muito satisfeito,08/10/1985,02/10/2025,0,Não,Dados confirmados
3719,Masculino,18,Maputo,Licenciatura,Solteiro,17389.87,170.3,53.8,Insatisfeito,05/07/2006,11/03/2025,1,Sim,Dados confirmados
3720,Masculino,41,Tete,Licenciatura,Solteiro,12856.32,171.3,73.9,Insatisfeito,08/07/1983,02/04/2025,3,Não,Sem observações
3721,Feminino,58,Niassa,Secundária,Divorciado,35314.39,167.4,85.6,satisfeito ,19/07/1966,21/02/2025,4,Sim,Necessita revisão
3722,Feminino,31,Sofala,Primária,Casado,14835.85,150.4,51.3,Neutro,11/11/1993,26/09/2025,2,Não,Entrevista concluída
3723,Masculino,43,Manica,Primária,SOLTEIRO,26827.9,187.5,87.9,Neutro,08/01/1981,19/11/2025,1,Sim,Dados confirmados
3724,Feminino,43,Maputo,Licenciatura,Viúvo,5069.37,182.3,63.5,Neutro,19/11/1981,19/01/2025,0,Sim,Dados confirmados
3725,Feminino,-3,Niassa,Licenciatura,Viúvo,76177.89,180.4,79.5 kg,Neutro,16/01/1999,11/11/2025,1,Sim,Contacto posterior
3726,Masculino,50,Sofala,Licenciatura,Viúvo,15494.75,172.6,65.6,Muito insatisfeito,16/02/1974,25/07/2025,2,Sim,Necessita revisão
3727,Feminino,27,Nampula,Licenciatura,União de facto,19792.71,156.0,70.5,Neutro,02/03/1997,25/08/2025,2,Sim,Dados confirmados
3728,Feminino,36,Maputo,Licenciatura,Casado,15231.19,,79.4,Muito satisfeito,05/02/1988,06/12/2025,2,Sim,Necessita revisão
3729,masc,44,Manica,Secundária,Viúvo,25389.1,157.4,64.4,Satisfeito,16/10/1980,15/11/2025,4,Sim,Necessita revisão
3730,Masculino,39,Gaza,Técnica,União de facto,66024.97,155.3,63.4,Insatisfeito,15/01/1985,17/02/2025,2,Não,Necessita revisão
3731,Masculino,18,Cabo Delgado,Secundária,Viúvo,24774.65,153.5,65.0,Satisfeito,15/12/2006,30/04/2025,4,Sim,Necessita revisão
3732,Feminino,47,Sofala,Secundária,União de facto,19106.11,158.3,78.4,Muito satisfeito,15/07/1977,31/12/2025,1,Sim,Necessita revisão
3733,Masculino,56,Nampula,Secundária,Casado,15551.08,166.4,49.2,Neutro,29/04/1968,17/04/2025,6,Não,Dados confirmados
3734,Masculino,45,Gaza,Primária,Divorciado,9985.27,171.2,53.9,Muito insatisfeito,28/01/1979,13/08/2025,2,Não,Entrevista concluída
3735,Masculino,29,Inhambane,Mestrado,Solteiro,15 000,161.7,73.7,Insatisfeito,21/01/1995,19/09/2025,4,Não,Entrevista concluída
3736,Masculino,37,Gaza,Mestrado,Divorciado,9748.36,151.4,50.5,Satisfeito,01/11/1987,09/02/2025,1,Não,Necessita revisão
3737,Masculino,37,Zambézia,Secundária,Casado,18363.63,164.4,83.1,Muito satisfeito,19/09/1987,16/11/2025,-1,Sim,Entrevista concluída
3738,Masculino,38,Inhambane,Primária,Viúvo,23174.68,159.0,82.2,Satisfeito,1986-02-25,21/07/2025,1,Sim,Necessita revisão
3739,Masculino,19,Manica,Licenciatura,Casado,7960.86,168.1,80.0,Muito satisfeito,17/08/2005,12/02/2025,1,Não,Sem observações
3725,Feminino,50,Sofala,Secundária,Casado,9546.54,155.6,63.0,Insatisfeito,24/06/1974,25/04/2025,1,Sim,Entrevista concluída
3741,Feminino,26,Maputo,Nenhuma,Casado,13447.54,162.2,86.7,Insatisfeito,13/09/1998,02/09/2025,0,Sim,N/A
3742,Feminino,19,Nampula,Secundária,Solteiro,24569.95,172.3,80.4,Satisfeito,30/06/2005,06/07/2025,2,Sim,Dados confirmados
3743,Feminino,29,Tete,Secundária,Divorciado,25976.58,164.8,60.9,Neutro,14/11/1995,15/10/2025,4,Não,Contacto posterior
3744,Masculino,32,Tete,Secundária,Divorciado,7764.5,170.3,77.2,Muito insatisfeito,09/05/1992,25/06/2025,2,Sim,Necessita revisão
3745,Feminino,42,Cabo Delgado,Primária,Solteiro,22226.19,146.7,250,Muito insatisfeito,19/04/1982,20/11/2025,1,Sim,Sem observações
3746,Masculino,42,Cabo Delgado,Licenciatura,Casado,9511.8,189.0,60.1,Muito satisfeito,11/01/1982,10/12/2025,2,Sim,Dados confirmados
3747,Feminino,29,Nampula,Secundária,Divorciado,27657.18,165.9,61.2,Insatisfeito,22/05/1995,12/06/2025,1,Sim,Entrevista concluída
3748,Masculino,31,Gaza,Licenciatura,Viúvo,18373.52,170.3,37.0,Insatisfeito,28/05/1993,10/04/2025,4,Sim,Entrevista concluída
3749,Feminino,38,Zambézia,Secundária,Solteiro,8423.56,174.7,82.0,Insatisfeito,19/05/1986,16/06/2025,0,Não,Dados confirmados
3750,Feminino,18,Gaza,Secundária,Casado,15520.5,172.5,54.7,Insatisfeito,08/03/2006,11/02/2025,1,Sim,Necessita revisão
3751,Feminino,50,nampula,Primária,União de facto,24946.22,153.8,90.2,Muito satisfeito,21/02/1974,03/04/2025,0,Não,Contacto posterior
3752,Feminino,33,Cabo Delgado,lic,Viúvo,9479.09,175.3,67.3,Satisfeito,15/02/1991,09/12/2025,1,Sim,Sem observações
3753,Masculino,39,Niassa,Licenciatura,União de facto,20953.08,"176,4",79.9,Muito satisfeito,05/03/1985,04/08/2025,1,Sim,Entrevista concluída
3754,Feminino,35,Manica,Licenciatura,Solteiro,16036.31,168.3,57.6,Neutro,27/03/1989,01/07/2025,0,Sim,Dados confirmados
3755,Feminino,29,Zambézia,Secundária,Casado,35458.0,140.7,52.5,Insatisfeito,14/11/1995,01/08/2025,0,Não,Dados confirmados
3756,Masculino,24,Gaza,Técnica,Solteiro,50476.3,169.6,88.8,Muito satisfeito,05/02/2000,24/06/2025,1,Sim,Dados confirmados
3757,Masculino,22,Niassa,Licenciatura,Divorciado,8131.03,168.9,60.7,Satisfeito,01/12/2002,26/08/2025,3,Sim,Necessita revisão
3758,Masculino,39,Gaza,Técnica,União de facto,9641.35,191.2,76.9,Muito insatisfeito,25/09/1985,24/12/2025,1,Não,Entrevista concluída
3759,Feminino,29,Nampula,Primária,Divorciado,21373.84,186.0,60.0,Muito insatisfeito,13/02/1995,31/01/2025,0,2,Contacto posterior
3760,Masculino,64,Sofala,Primária,União de facto,36800.2,159.2,72.1,Neutro,12/07/1960,15/04/2025,1,Não,Dados confirmados
3761,Masculino,32,Maputo,Licenciatura,Viúvo,9897.65,168.4,56.7,Satisfeito,22/12/1992,24/08/2025,3,Sim,Contacto posterior
3762,Feminino,45,Inhambane,Secundária,Casado,33816.87,150.5,58.4,Muito insatisfeito,24/08/1979,24/09/2025,1,Não,Necessita revisão
3763,Masculino,38,Nampula,Secundária,Divorciado,9955.17,175.5,54.4,Muito insatisfeito,17/08/1986,11/18/2025,2,SIM,Entrevista concluída
3764,Feminino,40,Sofala,Secundária,Viúvo,38225.09,156.3,78.4,Muito satisfeito,04/05/1984,20/03/2025,4,Não,Contacto posterior
3765,Masculino,37,Inhambane,Secundária,Viúvo,20863.6,168.1,,Satisfeito,10/05/1987,25/05/2025,3,Não,Contacto posterior
3766,Feminino,37,Gaza,Secundária,Solteiro,38870.96,171.0,50.6,Muito insatisfeito,03/03/1987,13/08/2025,2,Sim,Sem observações
3767,Feminino,38,Niassa,Licenciatura,Casado,17931.29,168.4,70.4,Satisfeito,20/06/1986,27/05/2025,4,Sim,Necessita revisão
3768,Masculino,30,Manica,Desconhecido,União de facto,14537.29,154.5,84.3,Muito insatisfeito,22/08/1994,10/07/2025,0,Não,Entrevista concluída
3769,Feminino,38,Inhambane,Mestrado,União de facto,24981.46,174.2,61.4,Satisfeito,30/10/1986,17/03/2025,2,Não,Contacto posterior
3770,Feminino,22,Gaza,Secundária,Casado,33378.62,160.4,65.0,Muito insatisfeito,20/01/2002,08/04/2025,2,Não,Contacto posterior
3771,Feminino,36,Gaza,Licenciatura,Solteiro,20936.33,167.9,50.8,Insatisfeito,13/11/1988,27/12/2025,3,Sim,Contacto posterior
3772,Feminino,18,Gaza,Primária,União de facto,22379.94,183.1,76.1,Muito insatisfeito,24/02/2006,17/12/2025,3,Não,Contacto posterior
3773,Feminino,54,Cabo Delgado,Nenhuma,Solteiro,11214.62,175.7,73.5,Muito satisfeito,22/01/1970,04/12/2025,3,Sim,Dados confirmados
3774,Feminino,28,Gaza,Primária,Solteiro,8097.78,160.7,69.3,Muito insatisfeito,03/09/1996,24/03/2025,2,Sim,Sem observações
3775,Feminino,24,Zambézia,Mestrado,Solteiro,16890.64,167.2,76.1,Muito satisfeito,25/12/2000,11/02/2025,3,Sim,Entrevista concluída
3776,Masculino,29,Gaza,Secundária,União de facto,12368.13,163.3,49.8,Satisfeito,11/01/1995,09/12/2025,0,Não,Entrevista concluída
3777,Masculino,28,Maputo,Secundária,Divorciado,35109.14,170.3,64.1,Muito satisfeito,12/06/1996,07/12/2025,2,Não,Sem observações
3778,Feminino,24,Niassa,Secundária,Casado,22567.57,172.6,61.8,Insatisfeito,20/04/2000,10/08/2025,3,Não,Necessita revisão
3779,Masculino,52,Inhambane,Técnica,Solteiro,5175.88,165.6,78.3,Muito insatisfeito,10/12/1972,20/07/2025,3,Sim,Contacto posterior
3780,Masculino,20,Inhambane,Licenciatura,Solteiro,34868.28,150.8,88.4,Neutro,07/04/2004,08/09/2025,2,Sim,Contacto posterior
3781,Feminino,56,Niassa,Primária,Casado,8564.05,150.2,66.2,Muito insatisfeito,04/06/1968,23/11/2025,3,Sim,Entrevista concluída
3782,Feminino,34,Cabo Delgado,Secundária,Solteiro,26510.71,163.4,84.3,SATISFEITO,12/10/1990,28/10/2025,0,Sim,Sem observações
3783,Feminino,34,Manica,Técnica,Casado,6041.18,250,70.0,Insatisfeito,25/12/1990,24/04/2025,1,Sim,Sem observações
3784,Feminino,30,Nampula,Licenciatura,União de facto,40394.0,149.0,75.2,Neutro,06/02/1994,30/11/2025,2,Não,Sem observações 
3785,Masculino,57,Zambézia,Licenciatura,Viúvo,52936.16,164.0,85.3,Insatisfeito,27/01/1967,08/09/2025,3,Sim,Dados confirmados
3786,Masculino,21,Inhambane,Primária,Divorciado,13346.69,160.2,40.7,Neutro,12/10/2003,15/09/2025,1,Sim,Contacto posterior
3787,Feminino,18,Zambézia,Primária,Solteiro,38889.92,169.9,71.4,Muito satisfeito,14/08/2006,15/12/2025,2,Não,Sem observações
3788,Feminino,30,Tete,Licenciatura,Viúvo,5275.02,168.1,62.0,Neutro,27/05/1994,03/09/2025,4,Não,Necessita revisão
3789,Feminino,18,Inhambane,Primária,Casado,10439.49,150.8,73.0,Muito satisfeito,27/07/2006,20/02/2025,3,Sim,Necessita revisão
3790,Feminino,20,Gaza,Nenhuma,Solteiro,13646.38,180.9,49.3,Insatisfeito,14/05/2004,11/06/2025,5,Não,Entrevista concluída
3791,Masculino,36,Zambézia,Licenciatura,Casado,14378.27,157.4,82.8,Satisfeito,21/10/1988,,1,Não,Necessita revisão
3792,Masculino,43,Sofala,Licenciatura,Solteiro,12074.46,161.6,79.5,Muito satisfeito,25/06/1981,22/06/2025,2,Sim,Sem observações
3793,Masculino,33,Niassa,Técnica,Viúvo,10923.2,175.5,70.7,Muito insatisfeito,10/02/1991,11/08/2025,1,Não,Necessita revisão
3794,X,23,Manica,Secundária,Solteiro,9699.5,165.4,62.5,,23/01/2001,27/03/2025,2,Não,Entrevista concluída
3795,Masculino,23,Sofala,Secundária,Viúvo,9782.7,163.7,67.8,Muito insatisfeito,18/09/2001,05/05/2025,2,Não,Necessita revisão
3796,Feminino,22,Gaza,Licenciatura,SOLTEIRO,25123.54,161.0,80.4,Neutro,28/01/2002,02/09/2025,4,Não,Contacto posterior
3797,Feminino,26,Tete,Licenciatura,União de facto,23206.25,159.3,89.7,Muito insatisfeito,06/12/1998,26/05/2025,0,Não,Sem observações
3798,Masculino,35,,Secundária,Divorciado,14940.59,153.4,60.1,Satisfeito,32/13/1985,06/02/2025,1,Sim,Dados confirmados
3799,Feminino,28,Manica,Secundária,Casado,0,149.7,54.8,Muito satisfeito,03/05/1996,24/09/2025,3,Sim,Entrevista concluída
3800,Masculino,23,Tete,Mestrado,Casado,44391.64,161.6,76.2,Satisfeito,01/12/2001,31/05/2025,3,Não,Sem observações
3801,,44,Inhambane,Secundária,Solteiro,12173.84,162.6,62.0,Muito insatisfeito,09/11/1980,01/01/2020,5,Sim,Contacto posterior
3802,Masculino,31,Inhambane,Mestrado,Casado,16630.82,174.0,59.2,Insatisfeito,04/08/1993,03/10/2025,1,Não,Contacto posterior
3803,Feminino,45,Gaza,Secundária,Viúvo,4446.24,152.4,91.9,Insatisfeito,10/03/1979,02/08/2025,2,Não,Sem observações
3804,Masculino,21,Nampula,Secundária,Casado,999999,161.2,71.0,Muito satisfeito,09/02/2003,17/07/2025,0,Sim,Contacto posterior
3805,Feminino,37,Niassa,Mestrado,União de facto,8095.81,175.9,57.2,Insatisfeito,01/10/1987,12/03/2025,2,Não,Entrevista concluída
3806,Masculino,18,Gaza,Técnica,União de facto,,148.9,85.9,0,29/12/2006,04/12/2025,3,Sim,Entrevista concluída
3807,Feminino,38,Manica,Mestrado,Divorciado,5503.57,169.2,54.3,Muito satisfeito,17/01/1986,03/06/2025,4,Sim,Dados confirmados
3808,Feminino,39,Gaza,Primária,Viúvo,27332.71,158.4,47.0,Neutro,06/02/1985,05/03/2025,3,Sim,Necessita revisão
3809,Feminino,33,Niassa,Nenhuma,Viúvo,23441.0,167.2,66.3,Neutro,07/06/1991,06/07/2025,,Sim,Necessita revisão
3810,Masculino,37,Inhambane,Licenciatura,Divorciado,33513.89,170.1,71.8,Insatisfeito,08/01/1987,14/07/2025,4,Não,
3811,Feminino,42,Gaza,Secundária,Divorciado,44614.03,164.5,72.4,Insatisfeito,13/04/1982,06/10/2025,2,Não,Dados confirmados
3812,Masculino,28,Cabo Delgado,Primária,Viúvo,22233.89,166.0,71.6,Neutro,27/04/1996,20/11/2025,1,Não,Dados confirmados
3813,Masculino,22,Inhambane,Secundária,Solteiro,28627.32,182.0,66.4,Muito satisfeito,11/10/2002,17/04/2025,5,Sim,Contacto posterior
3814,Feminino,35,Nampula,Primária,Casado,15718.16,181.2,71.8,Satisfeito,27/06/1989,15/08/2025,1,Não,Sem observações
3815,Masculino,27,Inhambane,Técnica,Divorciado,26845.79,180.4,62.3,Insatisfeito,05/03/1997,23/01/2025,3,Não,Necessita revisão
3816,Feminino,42,Inhambane,Secundária,Divorciado,28085.49,165.3,57.1,Muito insatisfeito,31/01/1982,01/12/2025,2,sim,Contacto posterior
3817,Feminino,39,Sofala,Secundária,Viúvo,10813.92,164.9,67.0,Neutro,21/05/1985,07/11/2025,3,Sim,Sem observações
3818,Feminino,31,Inhambane,Técnica,Casado,15.000,169.0,52.6,Satisfeito,14/12/1993,06/07/2025,2,Não,Sem observações
3819,Feminino,44,Zambézia,Primária ,União de facto,16509.55,146.7,61.1,Neutro,06/10/1980,01/02/2025,1,Sim,Dados confirmados
3820,Feminino,42,Nampula,Primária,Separado,41604.63,169.2,90.4,Neutro,22/11/1982,26/12/2025,3,Sim,Dados confirmados
3821,Feminino,18,Sofala,Técnica,Divorciado,10541.71,177.2,61.0,Neutro,22/02/2006,20/06/2025,1,Não,Dados confirmados
3822,Feminino,18,Inhambane,Primária,União de facto,22325.36,144.3,75.7,Muito satisfeito,02/06/2006,21/10/2025,3,Não,Necessita revisão
3823,Feminino,41,Manica,Secundária,Solteiro,2790.62,177.0,83.6,Insatisfeito,01/10/1983,26/01/2025,3,Sim,Sem observações
3824,Masculino,36,Gaza,Licenciatura,Casado,27592.59,166.1,69.0,Insatisfeito,27/03/1988,02/09/2025,3,Sim,Contacto posterior
3825,Masculino,43,Tete,Licenciatura,Viúvo,25568.24,158.1,74.8,Neutro,11/12/1981,01/01/2026,2,Não,Entrevista concluída
3826,Masculino,49,Manica,Licenciatura,Solteiro,15586.2,153.2,91.9,Muito satisfeito,18/12/1975,01/05/2025,3,Não,Contacto posterior
3827,Masculino,38,Cabo Delgado,Licenciatura,Divorciado,7184.7,158.3,72.7,Muito satisfeito,1986-05-17,13/11/2025,2,Não,SEM OBSERVAÇÕES
3828,Masculino,18,Maputo,Licenciatura,Solteiro,11621.54,183.3,68.2,Satisfeito,25/10/2006,24/07/2025,2,Não,Entrevista concluída
3829,Feminino,21,Cabo Delgado,Licenciatura,Casado,37212.1,173.2,44.5,Insatisfeito,18/05/2003,12/01/2025,3,Não,Dados confirmados
3830,Masculino,43,Gaza,Licenciatura,União de facto,7514.09,161.9,76.6,Neutro,21/04/1981,17/12/2025,2,Sim,Dados confirmados
3831,Masculino,51,Maputo,Licenciatura,União de facto,13022.02,154.8,50.0,Insatisfeito,23/02/1973,09/10/2025,2,Não,Dados confirmados
3832,Feminino,31,Manica,Primária,Casado,22512.36,173.0,59.6,Neutro,20/11/1993,10/08/2025,0,Sim,Dados confirmados
3833,Feminino,22,Gaza,Licenciatura,Viúvo,19643.8,162.9,86.7,Neutro,10/06/2002,19/12/2025,3,Não,Entrevista concluída
3834,Feminino,40,Cabo Delgado,Licenciatura,Viúvo,34241.52,145.3,72.1,Satisfeito,04/05/1984,02/24/2025,4,Sim,Entrevista concluída
3835,Masculino,54,Manica,Licenciatura,Divorciado,10370.36,153.4,78.2,Muito insatisfeito,22/05/1970,04/03/2025,5,Não,Dados confirmados
3836,Feminino,39,Sofala,Licenciatura,União de facto,21051.56,163.6,72.1,Neutro,23/04/1985,21/11/2025,2,Não,Sem observações
3837,Masculino,29,Zambézia,Secundária,Viúvo,16142.81,175.2,104.5,Satisfeito,05/11/1995,04/03/2025,3,Não,Sem observações
3838,Feminino,31,Nampula,Mestrado,Viúvo,19243.73,172.0,64.2,Muito satisfeito,14/09/1993,18/03/2025,-1,Não,Necessita revisão
3839,Feminino,18,Tete,Primária,União de facto,12858.07,187.7,78.6,Insatisfeito,30/01/2006,08/09/2025,2,Sim,Dados confirmados
3840,Feminino,24,Sofala,Secundária,União de facto,24575.79,165.1,65.4,Muito insatisfeito,20/09/2000,09/03/2025,4,Sim,Contacto posterior
3841,Masculino,35,Tete,Secundária,Solteiro,25282.65,170.0,67.9,Muito insatisfeito,24/11/1989,12/11/2025,3,Não,Contacto posterior
3842,F,33,Gaza,Licenciatura,União de facto,5609.03,175.2,92.6,Insatisfeito,25/07/1991,19/09/2025,1,Sim,Dados confirmados
3843,Masculino,24,Gaza,Primária,União de facto,27308.22,148.0,85.1,MS,08/04/2000,28/06/2025,0,Sim,Sem observações
3844,Masculino,33,Cabo Delgado,Secundária,União de facto,28127.56,157.9,73.3,Muito satisfeito,10/07/1991,04/02/2025,1,Sim,Dados confirmados
3845,Feminino,51,Nampula,Licenciatura,União de facto,25319.67,172.1,70.2,Satisfeito,29/09/1973,02/05/2025,1,Sim,Dados confirmados
3846,Masculino,50,Manica,Secundária,Solteiro,20050.53,151.8,99.0,Insatisfeito,01/02/1974,14/09/2025,0,Não,Contacto posterior
3847,Masculino,51,Maputo,Secundária,União de facto,40557.73,169.9,71.5,Muito satisfeito,15/07/1973,18/11/2025,4,Sim,Necessita revisão
3848,Masculino,45,Maputo,Secundária,Solteiro,13474.69,175.0,71.3,Neutro,18/01/1979,21/08/2025,1,Não,Dados confirmados
3849,Feminino,33,Zambézia,Primária,União de facto,33555.44,182.7,55.7,Satisfeito,20/03/1991,17/04/2025,1,Sim,Necessita revisão
3850,Feminino,33,Cabo Delgado,Secundária,União de facto,29752.05,164.9,58.0,Muito satisfeito,02/11/1991,26/01/2025,2,Sim,Entrevista concluída
3851,Feminino,34,Sofala,Técnica,União de facto,32668.5,173.0,76.1,Muito insatisfeito,27/04/1990,02/05/2025,2,Não,Dados confirmados
3852,Feminino,30,Manica,Secundária,Solteiro,26550.44,186.7,250,Muito insatisfeito,16/08/1994,23/05/2025,2,Não,Sem observações
3853,Masculino,18,Manica,Primária,Divorciado,28010.78,186.0,62.9,Muito satisfeito,08/08/2006,22/11/2025,0,Sim,Sem observações
3854,Feminino,36,Inhambane,Licenciatura,União de facto,9212.7,165.5,90.6,Satisfeito,06/03/1988,11/03/2025,1,Sim,Entrevista concluída
3855,Masculino,28,Niassa,Secundária,Divorciado,14725.45,179.4,68.1,Muito satisfeito,01/07/1996,02/05/2025,2,Não,Empregado em tempo inteiro
3856,Masculino,32,Zambézia,Técnica,União de facto,16478.38,160.0,72.0,Neutro,11/05/1992,19/06/2025,2,,Contacto posterior
3857,Masculino,37,Sofala,Secundária,Casado,30486.4,158.1,83.4,Insatisfeito,01/01/1988,11/07/2025,4,Sim,Dados confirmados
3858,Feminino,51,Nampula,Primária,União de facto,9741.86,140.5,63.5,Muito insatisfeito,17/07/1973,09/09/2025,0,Sim,Entrevista concluída
3859,Feminino,38,Manica,Nenhuma,Viúvo,54803.54,167.2,78.4,Neutro,08/07/1986,17/07/2025,1,Sim,Dados confirmados
3860,Feminino,24,Cabo Delgado,Secundária,Divorciado,7406.26,171.4,64.3,Satisfeito,29/02/2000,08/05/2025,1,Não,Sem observações
3861,Feminino,29,Niassa,Primária,Casado,6376.76,159.6,67.6,Muito satisfeito,12/10/1995,23/12/2025,1,Não,Contacto posterior
3862,Feminino,27,Inhambane,Secundária,Casado,6131.33,160.4,61.4,Muito insatisfeito,27/12/1997,26/03/2025,1,Sim,Necessita revisão
3863,Feminino,27,Sofala,Licenciatura,Solteiro,24961.52,176.5,68.2,Muito insatisfeito,14/02/1997,23/10/2025,1,Não,Necessita revisão
3864,Masculino,18,Niassa,Licenciatura,Solteiro,8089.55,152.6,95.1,Satisfeito,21/07/2006,03/05/2025,3,Sim,Sem observações
3865,Masculino,35,Inhambane,Licenciatura,Solteiro,7626.55,183.7,74.5,Muito insatisfeito,11/07/1989,27/08/2025,3,Não,Sem observações
3866,Feminino,21,Tete,Primária,Casado,13671.33,174.0,65.8,Neutro,18/07/2003,07/12/2025,2,Sim,Entrevista concluída
3867,Masculino,33,Maputo,Técnica,Casado,13728.52,153.2,92.0,Insatisfeito,06/10/1991,12/07/2025,0,Não,Contacto posterior
3868,Feminino,35,Gaza,Licenciatura,União de facto,12224.44,180.7,75.7,Insatisfeito,19/06/1989,09/06/2025,1,Não,Necessita revisão
3869,Feminino,25,Niassa,Licenciatura,União-de-facto,21217.84,178.4,66.6,Muito satisfeito,03/10/1999,26/11/2025,1,sim,Entrevista concluída
3870,Feminino,20,Inhambane,Licenciatura,Casado,28077.61,176.7,35.0,Muito satisfeito,28/11/2004,11/12/2025,1,Sim,Sem observações 
3871,Feminino,29,Nampula,Secundária,Viúvo,14525.82,166.3,59.3,Satisfeito,24/05/1995,23/03/2025,1,Não,Entrevista concluída
3872,Feminino,22,Tete,Licenciatura,Divorciado,8068.64,157.5,64.6,Muito insatisfeito,25/07/2002,05/06/2025,3,Sim,Sem observações
3873,Masculino,31,Manica,Licenciatura,Casado,21131.14,148.6,65.1,Satisfeito,26/10/1993,02/03/2025,5,Sim,Dados confirmados
3874,Masculino,150,Zambézia,Licenciatura,Viúvo,65340.3,170.0,61.4 kg,Muito satisfeito,05/03/2003,27/07/2025,2,Não,Dados confirmados
3875,Masculino,26,Tete,Licenciatura,Casado,48070.75,180.0,80.2,Insatisfeito,22/07/1998,03/08/2025,1,Sim,Sem observações
3876,Masculino,28,Inhambane,Licenciatura,Divorciado,11229.58,162.1,82.3,Muito satisfeito,13/05/1996,02/06/2025,1,Não,Entrevista concluída
3877,Feminino,26,Manica,Licenciatura,Solteiro,18011.85,156.0,82.9,Neutro,15/11/1998,17/04/2025,1,Sim,Sem observações
3878,Masculino,36,Niassa,Licenciatura,União de facto,53782.96,156.0,83.6,Muito satisfeito,28/11/1988,22/08/2025,3,Sim,Contacto posterior
3879,Feminino,59,Sofala,Técnica,Viúvo,30342.46,154.9,74.2,Muito satisfeito,04/04/1965,17/03/2025,4,Sim,Entrevista concluída
3880,Masculino,47,Niassa,Licenciatura,Divorciado,18456.38,45,62.8,Neutro,19/11/1977,23/06/2025,1,Não,Dados confirmados
3881,Feminino,27,Manica,Secundária,Casado,5623.19,152.2,56.6,Muito insatisfeito,18/06/1997,14/07/2025,1,Não,Sem observações
3882,Feminino,18,Tete,Primária,União de facto,31347.86,164.8,71.5,Muito satisfeito,01/08/2006,14/01/2025,2,Não,Sem observações
3883,Feminino,25,Tete,Primária,Divorciado,8510.22,169.7,81.1,Neutro,14/12/1999,07/06/2025,2,Não,Necessita revisão
3884,Feminino,34,Tete,Mestrado,União de facto,10202.55,165.1,73.8,Muito insatisfeito,26/05/1990,11/04/2025,3,Sim,Dados confirmados
3885,Masculino,18,Niassa,Primária,União de facto,24950.07,165.5,59.8,Muito insatisfeito,09/07/2006,03/05/2025,5,Sim,Contacto posterior
3886,Feminino,60,Sofala,secundaria,Casado,20653.93,158.3,42.7,Insatisfeito,28/05/1964,09/02/2025,2,Sim,Contacto posterior
3887,Masculino,22,Niassa,Licenciatura,Casado,8416.74,168.7,49.7,Insatisfeito,03/04/2002,22/08/2025,1,Não,Entrevista concluída
3888,Feminino,18,Inhambane,Mestrado,Solteiro,8433.81,152.3,61.7,Satisfeito,19/05/2006,18/05/2025,2,Não,Contacto posterior
3889,Masculino,33,Tete,Mestrado,Viúvo,8201.55,147.8,79.5,Satisfeito,13/06/1991,06/03/2025,3,Não,Dados confirmados
3890,Feminino,26,Quelimane,Licenciatura,Solteiro,29553.99,159.8,68.0,Insatisfeito,05/12/1998,09/12/2025,4,Não,Entrevista concluída
3891,Feminino,23,Manica,Licenciatura,Divorciado,18122.34,153.4,84.9,Satisfeito,26/10/2001,31/10/2025,0,Não,Necessita revisão
3892,Feminino,45,Nampula,Nenhuma,União de facto,11981.93,"174,5",61.2,Muito insatisfeito,01/09/1979,24/01/2025,2,Sim,Sem observações
3893,Masculino,,Cabo Delgado,Técnica,Viúvo,14955.41,179.6,71.6,Satisfeito,05/04/1979,07/01/2025,2,Sim,Entrevista concluída
3894,Feminino,33,Nampula,Secundária,Solteiro,23943.02,165.7,40.1,Satisfeito,16/06/1991,16/03/2025,3,Não,Necessita revisão
3895,Masculino,33,Tete,Secundária,Divorciado,32691.32,165.5,100.1,Neutro,11/09/1991,30/08/2025,0,Sim,Contacto posterior
3896,Feminino,24,Inhambane,Primária,Viúvo,100182.23,161.4,35.0,Muito satisfeito,20/06/2000,11/02/2025,2,Não,Sem observações
3897,Feminino,35,Manica,Primária,União de facto,11771.88,142.9,83.7,Neutro,12/06/1989,07/03/2025,3,Sim,Entrevista concluída
3898,Feminino,45,Cabo Delgado,Primária,União de facto,11383.25,171.1,74.6,Neutro,13/01/1979,10/06/2025,1,Sim,Contacto posterior
3899,Feminino,31,Maputo,Secundária,Viúvo,42872.67,157.9,58.1,Muito insatisfeito,06/04/1993,13/09/2025,3,Não,Dados confirmados
3900,Feminino,49,Manica,Primária,Solteiro,20485.01,164.8,83.6,Neutro,29/03/1975,07/04/2025,0,Sim,Sem observações
3901,Masculino,23,Nampula,Primária,Viúvo,15 000,175.2,71.5,Muito satisfeito,06/08/2001,10/11/2025,0,Sim,Entrevista concluída
3902,Masculino,41,Manica,Secundária,Viúvo,17206.16,144.3,79.9,Satisfeito,19/03/1983,19/08/2025,3,Sim,Sem observações
3903,Feminino,35,Gaza,Primária,Casado,7627.76,171.8,69.4,Insatisfeito,17/07/1989,25/08/2025,1,Não,Necessita revisão
3904,Feminino,18,Cabo Delgado,Secundária,Divorciado,14191.55,166.5,95.8,satisfeito ,20/09/2006,06/03/2025,1,Sim,Dados confirmados
3905,Feminino,25,Tete,Técnica,União de facto,28870.56,159.8,45.6,Muito satisfeito,25/05/1999,12/14/2025,1,Não,Dados confirmados
709,Masculino,36,Nampula,Licenciatura,Viúvo,9993.86,164.2,62.8,Insatisfeito,14/07/1988,22/10/2025,1,Não,Contacto posterior
3907,Feminino,32,Tete,Licenciatura,União de facto,62043.68,141.9,78.4,Muito satisfeito,14/04/1992,26/09/2025,0,Não,Necessita revisão
3908,Feminino,40,Zambézia,Técnica,Viúvo,55335.93,156.9,51.5,Neutro,23/08/1984,15/09/2025,3,Não,Sem observações
3909,Feminino,62,Cabo Delgado,Primária,União de facto,7896.83,146.9,70.7,Satisfeito,17/08/1962,06/11/2025,2,Não,Necessita revisão
3910,Masculino,33,Gaza,Primária,Casado,9146.49,162.2,72.3,Neutro,03/10/1991,30/09/2025,1,Não,Dados confirmados
3911,Feminino,18,Nampula,Secundária,Casado,17195.82,178.8,63.8,Muito satisfeito,12/12/2006,04/12/2025,2,Sim,Entrevista concluída
3912,Masculino,53,Manica,Licenciatura,Viúvo,12491.65,158.3,52.6,Neutro,30/09/1971,17/06/2025,0,Não,Entrevista concluída
3913,Masculino,40,Cabo Delgado,Secundária,Viúvo,35030.96,150.3,72.9,Satisfeito,08/06/1984,02/05/2025,2,Sim,Sem observações 
3914,Masculino,18,Tete,Primária,Solteiro,31543.7,154.0,56.2,Satisfeito,12/07/2006,30/09/2025,2,Sim,Entrevista concluída
3915,Feminino,38,Inhambane,Primária,Divorciado,48867.64,164.7,86.3,Muito satisfeito,06/05/1986,19/06/2025,1,Sim,Necessita revisão
3916,Masculino,50,Niassa,Primária,Casado,35042.32,171.8,85.1,Muito insatisfeito,1974-07-14,27/05/2025,2,Não,Contacto posterior
3917,Masculino,44,Tete,Secundária,Divorciado,11652.49,148.6,64.6,Muito satisfeito,12/03/1980,27/06/2025,2,Sim,Dados confirmados
3918,Feminino,20,Gaza,Licenciatura,Solteiro,13015.5,158.5,73.9,Neutro,22/05/2004,20/09/2025,2,Não,Necessita revisão
3919,Masculino,18,Inhambane,Secundária,Casado,20297.22,164.5,66.6,Insatisfeito,07/09/2006,31/10/2025,3,Não,Contacto posterior
3920,Feminino,62,Niassa,Secundária,Casado,21889.94,156.9,57.2,Muito satisfeito,18/02/1962,12/11/2025,2,Não,Entrevista concluída
3921,Masculino,64,Gaza,Secundária,Solteiro,8831.91,191.5,70.3,Insatisfeito,05/04/1960,11/06/2025,2,Sim,Contacto posterior
3922,Masculino,36,Cabo Delgado,Secundária,Divorciado,27451.81,166.1,63.9,Satisfeito,05/11/1988,05/04/2025,4,SIM,Necessita revisão
3912,Masculino,52,Gaza,Secundária,Divorciado,7436.12,164.4,56.9,Muito satisfeito,25/07/1972,25/11/2025,2,Sim,Entrevista concluída
3924,Feminino,18,Maputo,Técnica,Casado,19652.31,167.7,77.3,Insatisfeito,18/02/2006,25/05/2025,2,Não,Dados confirmados
3925,Masculino,18,Sofala,Desconhecido,Solteiro,13380.22,185.1,79.1,Neutro,12/03/2006,05/11/2025,2,Sim,Dados confirmados
3926,Masculino,45,Niassa,Licenciatura,Viúvo,10517.17,146.8,85.8,Insatisfeito,10/07/1979,11/06/2025,2,Sim,Necessita revisão
3927,Feminino,18,Zambézia,Licenciatura,Solteiro,13604.86,172.4,74.5,Muito satisfeito,09/10/2006,01/07/2025,1,Não,Sem observações
3928,Masculino,40,Sofala,Mestrado,Viúvo,9082.57,168.1,52.6,Insatisfeito,31/05/1984,21/07/2025,0,Sim,Dados confirmados
3929,Feminino,29,Nampula,Secundária,Solteiro,37077.61,177.0,63.7,Satisfeito,23/09/1995,04/04/2025,3,Não,Sem observações
3930,Feminino,37,Zambézia,Técnica,Solteiro,-500,149.2,80.9,Muito satisfeito,03/10/1987,03/06/2025,3,Sim,Entrevista concluída
3931,Feminino,27,Gaza,Licenciatura,Divorciado,21595.4,151.3,66.9,Neutro,27/08/1997,18/12/2025,2,Não,Entrevista concluída
3932,Feminino,31,Manica,Primária,Solteiro,24208.94,153.2,78.5,Muito satisfeito,08/01/1993,07/10/2025,2,Sim,Entrevista concluída
3933,Masculino,29,Cabo Delgado,Mestrado,União de facto,6506.64,168.7,75.6,Muito insatisfeito,23/05/1995,01/04/2025,1,Não,Dados confirmados
3934,Masculino,37,Cabo Delgado,Licenciatura,Solteiro,9242.35,158.2,100.1,Muito insatisfeito,24/12/1987,07/01/2025,0,Não,Contacto posterior
3935,Masculino,37,Zambézia,Nenhuma,Viúvo,6771.92,154.5,78.3,Neutro,01/04/1987,05/12/2025,2,Não,Sem observações
3936,Feminino,23,Inhambane,Primária,Viúvo,31422.5,176.8,69.5,Satisfeito,30/04/2001,24/02/2025,2,Sim,Contacto posterior
3937,Masculino,28,Inhambane,Licenciatura,Solteiro,8531.59,163.7,47.7,Satisfeito,05/09/1996,13/02/2025,2,Sim,
3938,Feminino,39,Sofala,Secundária,Divorciado,27838.31,182.4,78.0,Muito satisfeito,13/03/1985,27/07/2025,1,Talvez,Entrevista concluída
3939,Feminino,29,Cabo Delgado,Secundária,Divorciado,14750.61,163.9,76.8,Satisfeito,01/10/1995,05/01/2025,99,Não,Dados confirmados
3931,Masculino,18,Tete,Licenciatura,Divorciado,14236.2,171.8,64.9,Muito satisfeito,16/05/2006,20/04/2025,3,Sim,Dados confirmados
3941,Masculino,26,Maputo,Mestrado,União de facto,28803.11,163.6,75.0,Insatisfeito,21/03/1998,12/04/2025,2,Sim,Contacto posterior
3942,Feminino,37,Zambézia,Licenciatura,SOLTEIRO,26449.84,162.5,52.5,Neutro,10/07/1987,13/11/2025,3,Sim,Sem observações
3943,Masculino,42,Inhambane,Secundária,Casado,13540.82,155.0,84.7,Satisfeito,04/10/1982,06/01/2025,2,Sim,Entrevista concluída
3944,Feminino,55,Cabo Delgado,Licenciatura,Casado,12916.33,172.5,46.6,Muito insatisfeito,12/04/1969,25/02/2025,4,Não,Sem observações
3945,Masculino,29,Cabo Delgado,,Solteiro,9986.26,160.4,60.6,Insatisfeito,02/09/1995,23/06/2025,1,Não,Dados confirmados
3946,Masculino,41,Maputo,Licenciatura,Divorciado,18377.14,161.9,68.7,Insatisfeito,30/07/1983,08/10/2025,2,Sim,Necessita revisão
3947,Feminino,35,Nampula,Licenciatura,Casado,24667.24,189.7,107.6,Muito satisfeito,10/02/1989,17/12/2025,3,Sim,Dados confirmados
3948,Feminino,18,Sofala,Licenciatura,Solteiro,9399.3,156.2,69.4,Satisfeito,01/01/2007,02/04/2025,0,Não,Necessita revisão
3949,Feminino,60,Zambézia,Secundária,Viúvo,32549.75,147.4,58.5,Insatisfeito,10/05/1964,01/01/2026,0,Não,Necessita revisão
3950,Masculino,30,Niassa,Primária,Divorciado,8096.07,157.5,86.0,Neutro,17/01/1994,23/04/2025,3,Sim,Necessita revisão
3951,Masculino,56,Gaza,Primária,Divorciado,32461.98,164.0,60.9,Insatisfeito,04/03/1968,23/06/2025,3,Sim,Contacto posterior
3952,Feminino,37,Niassa,Secundária,Solteiro,41557.87,160.0,72.2,Muito satisfeito,19/12/1987,29/12/2025,1,Não,Necessita revisão
3953,Feminino,30,Nampula,secundaria,Casado,34229.33,143.8,77.8,Muito satisfeito,17/09/1994,13/11/2025,1,Sim,Necessita revisão
3954,Feminino,23,Niassa,Secundária,Divorciado,14546.21,160.4,70.2,Neutro,05/12/2001,26/12/2025,4,Não,Sem observações
3955,Masculino ,54,Tete,Secundária,Divorciado,76106.91,153.2,77.8,Muito insatisfeito,12/03/1970,12/07/2025,0,Não,Necessita revisão
3956,Feminino,18,Manica,Técnica,Solteiro,12436.92,168.8,59.8,Satisfeito,25/12/2006,14/06/2025,6,Sim,sem observacao
3957,Masculino,22,Gaza,Mestrado,União de facto,14775.45,162.6,66.0,Muito satisfeito,26/06/2002,29/05/2025,3,Não,Dados confirmados
3958,Masculino,37,Gaza,Licenciatura,União de facto,15053.34,152.0,77.5,Muito insatisfeito,22/02/1987,31/12/2025,2,Não,Sem observações
3959,Feminino,54,Tete,Secundária,União de facto,23703.46,177.9,5,Muito insatisfeito,08/10/1970,26/05/2025,4,Sim,Contacto posterior
3960,Feminino,26,Nampula,Secundária,Divorciado,21941.12,170.7,58.2,Muito insatisfeito,13/04/1998,19/03/2025,2,Não,Contacto posterior
3961,Masculino,51,Maputo,Secundária,Divorciado,20090.52,,82.0,Satisfeito,23/01/1973,27/08/2025,3,Não,Entrevista concluída
3962,Feminino,18,Niassa,Primária,União de facto,20297.09,144.8,56.5,Satisfeito,18/03/2006,31/03/2025,1,Sim,Necessita revisão
3963,Masculino,60,Tete,Licenciatura,Viúvo,29605.44,163.2,75.1,Muito insatisfeito,12/11/1964,20/05/2025,0,Sim,Entrevista concluída
3964,Feminino,37,Tete,Licenciatura,União de facto,23123.9,168.2,82.8,Insatisfeito,05/03/1987,28/03/2025,4,Sim,Contacto posterior
3965,Masculino,46,Tete,Licenciatura,Viúvo,8912.1,166.5,46.5,Muito Satisfeito,21/12/1978,16/04/2025,4,Não,Necessita revisão
3966,Feminino,40,Tete,Secundária,Divorciado,13065.27,176.4,63.8,Muito insatisfeito,23/10/1984,31/12/2025,1,Sim,Dados confirmados
3967,Feminino,24,Sofala,Primária,União de facto,11395.77,166.9,70.6,Satisfeito,24/11/2000,09/01/2025,1,Sim,Contacto posterior
3968,Masculino,18,Cabo Delgado,Secundária,Viúvo,27521.91,163.7,71.4,Neutro,11/01/2006,22/01/2025,2,Sim,Sem observações
3969,Masculino,40,Sofala,Secundária,Divorciado,29644.79,168.2,76.8,Muito satisfeito,04/07/1984,21/06/2025,0,Sim,Sem observações
ID-3970,Feminino,19,Tete,Licenciatura,Divorciado,30312.88,168.2,93.7,Insatisfeito,30/12/2005,11/08/2025,0,Sim,Contacto posterior
3971,Masculino,59,Niassa,Secundária,Viúvo,35290.97,161.2,68.4,Satisfeito,10/07/1965,10/05/2025,2,Sim,Dados confirmados
3972,Feminino,30,Tete,Secundária,Viúvo,9382.57,168.3,72.7,Muito insatisfeito,15/06/1994,08/03/2025,3,Não,Contacto posterior
3973,Feminino,19,Gaza,Técnica,Viúvo,10418.56,163.6,65.2,Insatisfeito,12/07/2005,17/11/2025,1,Não,Necessita revisão
3974,Feminino,33,Inhambane,Secundária,União de facto,13931.51,163.1,63.4,Insatisfeito,02/09/1991,27/11/2025,0,Sim,Necessita revisão
3975,Masculino,32,Nampula,Secundária,União de facto,10008.68,173.2,58.6,Muito satisfeito,15/12/1992,01/09/2025,2,Y,Dados confirmados
3976,Masculino,46,Niassa,Licenciatura,União de facto,12424.78,160.9,89.9,Neutro,27/03/1978,09/28/2025,3,Sim,Sem observações
3977,Feminino,21,Zambézia,Secundária,Viúvo,9797.35,-10,71.3,Muito satisfeito,02/11/2003,20/06/2025,1,Sim,Entrevista concluída
3978,Feminino,39,Tete,Mestrado,Divorciado,11630.5,146.5,71.2,Insatisfeito,08/03/1985,28/05/2025,4,Sim,Entrevista concluída
3979,Feminino,24,Nampula,Secundária,Viúvo,,157.1,72.2,6,14/11/2000,08/10/2025,5,Não,Entrevista concluída
3980,Masculino,41,Niassa,Nenhuma,Solteiro,18045.87,179.7,54.9,Satisfeito,21/10/1983,15/11/2025,0,Sim,Entrevista concluída
3981,Masculino,18,Nampula,Secundária,Viúvo,18761.5,160.6,51.6,Muito satisfeito,09/12/2006,14/07/2025,1,Sim,Contacto posterior
3982,,56,Manica,Licenciatura,Divorciado,19326.59,154.7,79.1,Muito satisfeito,11/12/1968,01/01/2027,2,Sim,Sem observações
3983,Masculino,35,Zambézia,Técnica,União de facto,28927.85,137.3,87.3,Insatisfeito,20/09/1989,08/08/2025,1,Sim,Dados confirmados
3984,Masculino,27,Tete,Licenciatura,União de facto,15.000,172.6,71.0,Insatisfeito,09/03/1997,10/11/2025,2,Não,Entrevista concluída
3985,Feminino,23,Zambézia,Primária,Solteiro,32327.95,158.9,60.5,Satisfeito,28/04/2001,17/10/2025,2,Não,Contacto posterior
3986,Feminino,36,Maputo,Técnica,União de facto,20404.76,182.4,70.7,Neutro,08/06/1988,19/01/2025,1,Sim,Sem observações
3987,Masculino,18,Tete,Secundária,Viúvo,15306.42,155.4,68.3,Neutro,04/07/2006,15/05/2025,2,Não,Dados confirmados
3988,Feminino,29,Tete,Secundária,Viúvo,9984.42,158.7,98.9,Neutro,25/04/1995,28/02/2025,3,Sim,Contacto posterior
3989,Feminino,28,Gaza,Mestrado,Casado,6143.51,160.8,83.6,Muito satisfeito,16/05/1996,29/12/2025,4,Sim,Contacto posterior
3990,Masculino,32,Niassa,Técnica,Casado,22630.46,181.2,89.7,Muito insatisfeito,08/04/1992,05/01/2025,2,Sim,Entrevista concluída
3991,Feminino,31,Maputo,Primária,,42043.28,168.8,61.2,Satisfeito,25/02/1993,17/08/2025,2,Sim,Entrevista concluída
3992,Masculino,35,Cabo Delgado,Primária,União de facto,3642.72,159.7,77.3,Neutro,21/06/1989,21/05/2025,1,Não,Dados confirmados
3993,Masculino,49,Tete,Licenciatura,Viúvo,60934.98,171.2,61.8,Neutro,16/07/1975,12/09/2025,3,Sim,Contacto posterior
3994,Masculino,30,Cabo Delgado,Licenciatura,Solteiro,16864.5,154.7,51.2,Neutro,01/10/1994,27/02/2025,3,Sim,Necessita revisão
3995,Feminino,25,Nampula,Secundária,Solteiro,9318.67,166.0,52.6,Insatisfeito,14/02/1999,06/04/2025,5,Sim,Dados confirmados
3996,Feminino,21,Zambézia,Mestrado,Divorciado,9918.61,180.6,69.9,Insatisfeito,30/08/2003,31/12/2025,3,Sim,Dados confirmados
3997,Feminino,36,Tete,Secundária,Casado,15617.51,160.5,56.3,Insatisfeito,01/11/1988,07/01/2025,3,Não,Necessita revisão
3998,Masculino,46,Inhambane,Mestrado,Solteiro,10133.92,166.7,77.6,Satisfeito,16/02/1978,22/03/2025,2,Sim,Necessita revisão
3999,Masculino,41,Cabo Delgado,Licenciatura,Divorciado,19325.69,170.9,66.7,Neutro,15/04/1983,25/12/2025,3,Não,sem observacao
4000,Masculino,47,Gaza,Secundária,Divorciado,24743.33,156.3,76.1,Muito satisfeito,13/05/1977,24/11/2025,3,Sim,Entrevista concluída
